lifetime, velocity, separation, clife, cof, fripscore
1500.0,1,100,1.0,1.0,0.00894081
1500.0,3,100,1.0,1.0,0.01666739
500.0,1,1000,1.0,1.0,0.0121559
500.0,1,100,1.0,1.0,0.012446
500.0,3,100,1.0,1.0,0.01324696
500.0,1,300,1.0,1.0,0.010580636363636363
500.0,1,500,1.0,1.0,0.0109948
500.0,1,700,1.0,1.0,0.011223285714285713
1500.0,1,100,1.0,1.5,0.0084497
1500.0,3,100,1.0,1.5,0.01172081
500.0,1,1000,1.0,1.5,0.0121616
500.0,1,100,1.0,1.5,0.01091149
500.0,3,100,1.0,1.5,0.01047244
500.0,1,300,1.0,1.5,0.010909969696969697
500.0,1,500,1.0,1.5,0.01069845
500.0,1,700,1.0,1.5,0.010686571428571429
500.0,1,1000,1.0,100000.0,0.0104482
500.0,1,100,1.0,100000.0,0.00914394
500.0,1,300,1.0,100000.0,0.009898424242424243
500.0,1,500,1.0,100000.0,0.00932145
500.0,1,700,1.0,100000.0,0.008908071428571428
1500.0,1,100,1.0,15.0,0.00845204
1500.0,3,100,1.0,15.0,0.01055311
500.0,1,1000,1.0,15.0,0.0118977
500.0,1,100,1.0,15.0,0.00958552
500.0,3,100,1.0,15.0,0.00917647
500.0,1,300,1.0,15.0,0.009763121212121213
500.0,1,500,1.0,15.0,0.0088653
500.0,1,700,1.0,15.0,0.009155142857142856
1500.0,1,100,1.0,150.0,0.0111322
1500.0,3,100,1.0,150.0,0.00608741
500.0,1,1000,1.0,150.0,0.0099153
500.0,1,100,1.0,150.0,0.00975572
500.0,3,100,1.0,150.0,0.00869348
500.0,1,300,1.0,150.0,0.009517151515151515
500.0,1,500,1.0,150.0,0.0089273
500.0,1,700,1.0,150.0,0.009387714285714286
1500.0,1,100,1.0,1500.0,0.0122411
1500.0,3,100,1.0,1500.0,0.00814409
500.0,1,1000,1.0,1500.0,0.0099423
500.0,1,100,1.0,1500.0,0.01023075
500.0,3,100,1.0,1500.0,0.00899187
500.0,1,300,1.0,1500.0,0.008681333333333333
500.0,1,500,1.0,1500.0,0.00954235
500.0,1,700,1.0,1500.0,0.0113365
1500.0,1,100,1.0,15000.0,0.00990334
1500.0,3,100,1.0,15000.0,0.00448096
500.0,1,1000,1.0,15000.0,0.0093228
500.0,1,100,1.0,15000.0,0.00999432
500.0,3,100,1.0,15000.0,0.01073764
500.0,1,300,1.0,15000.0,0.009609272727272727
500.0,1,500,1.0,15000.0,0.00904025
500.0,1,700,1.0,15000.0,0.0089555
1500.0,1,100,1.0,150000.0,0.01126871
1500.0,3,100,1.0,150000.0,0.01060094
500.0,1,1000,1.0,150000.0,0.009867
500.0,1,100,1.0,150000.0,0.00975006
500.0,3,100,1.0,150000.0,0.00982095
500.0,1,300,1.0,150000.0,0.01152039393939394
500.0,1,500,1.0,150000.0,0.0095833
500.0,1,700,1.0,150000.0,0.010057428571428571
1500.0,1,100,1.0,3.0,0.00965794
1500.0,3,100,1.0,3.0,0.01197978
500.0,1,1000,1.0,3.0,0.0098398
500.0,1,100,1.0,3.0,0.01019509
500.0,3,100,1.0,3.0,0.01168364
500.0,1,300,1.0,3.0,0.009967909090909092
500.0,1,500,1.0,3.0,0.0103635
500.0,1,700,1.0,3.0,0.011115142857142856
1500.0,1,100,1.0,5.0,0.01074567
1500.0,3,100,1.0,5.0,0.00869994
500.0,1,1000,1.0,5.0,0.0097156
500.0,1,100,1.0,5.0,0.00928818
500.0,3,100,1.0,5.0,0.01243437
500.0,1,300,1.0,5.0,0.010313484848484848
500.0,1,500,1.0,5.0,0.01105325
500.0,1,700,1.0,5.0,0.010201
1500.0,1,100,1.0,50.0,0.00697789
1500.0,3,100,1.0,50.0,0.00649289
500.0,1,1000,1.0,50.0,0.009667
500.0,1,100,1.0,50.0,0.0100411
500.0,3,100,1.0,50.0,0.00684284
500.0,1,300,1.0,50.0,0.010394272727272728
500.0,1,500,1.0,50.0,0.0088418
500.0,1,700,1.0,50.0,0.009711214285714287
1500.0,1,100,1.0,500.0,0.00891544
1500.0,3,100,1.0,500.0,0.00815889
500.0,1,1000,1.0,500.0,0.010462
500.0,1,100,1.0,500.0,0.01059511
500.0,3,100,1.0,500.0,0.00852309
500.0,1,300,1.0,500.0,0.009751515151515152
500.0,1,500,1.0,500.0,0.00959635
500.0,1,700,1.0,500.0,0.009217857142857142
1500.0,1,100,1.0,5000.0,0.00715406
1500.0,3,100,1.0,5000.0,0.00736124
500.0,1,1000,1.0,5000.0,0.008991
500.0,1,100,1.0,5000.0,0.00948995
500.0,3,100,1.0,5000.0,0.00987595
500.0,1,300,1.0,5000.0,0.008448121212121212
500.0,1,500,1.0,5000.0,0.0097819
500.0,1,700,1.0,5000.0,0.008942714285714286
1500.0,1,100,1.0,50000.0,0.00760536
1500.0,3,100,1.0,50000.0,0.00619363
500.0,1,1000,1.0,50000.0,0.0094674
500.0,1,100,1.0,50000.0,0.01142863
500.0,3,100,1.0,50000.0,0.00903459
500.0,1,300,1.0,50000.0,0.009987333333333334
500.0,1,500,1.0,50000.0,0.0089021
500.0,1,700,1.0,50000.0,0.008953928571428571
1500.0,1,100,1.0,500000.0,0.0102493
1500.0,3,100,1.0,500000.0,0.00633721
500.0,1,1000,1.0,500000.0,0.0089954
500.0,1,100,1.0,500000.0,0.00997104
500.0,3,100,1.0,500000.0,0.01154223
500.0,1,300,1.0,500000.0,0.010577878787878787
500.0,1,500,1.0,500000.0,0.0090528
500.0,1,700,1.0,500000.0,0.009163214285714285
1500.0,1,100,1.5,1.0,0.01318627
1500.0,3,100,1.5,1.0,0.01241836
500.0,1,1000,1.5,1.0,0.0131787
500.0,1,100,1.5,1.0,0.01294013
500.0,3,100,1.5,1.0,0.0149191
500.0,1,300,1.5,1.0,0.013224545454545454
500.0,1,500,1.5,1.0,0.0122143
500.0,1,700,1.5,1.0,0.013656928571428572
1500.0,1,100,1.5,1.5,0.01182905
1500.0,3,100,1.5,1.5,0.01074878
500.0,1,1000,1.5,1.5,0.011326
500.0,1,100,1.5,1.5,0.01234889
500.0,3,100,1.5,1.5,0.01661717
500.0,1,300,1.5,1.5,0.012716848484848485
500.0,1,500,1.5,1.5,0.0127365
500.0,1,700,1.5,1.5,0.012161857142857143
500.0,1,1000,1.5,100000.0,0.0087981
500.0,1,100,1.5,100000.0,0.00972295
500.0,1,300,1.5,100000.0,0.01026490909090909
500.0,1,500,1.5,100000.0,0.00929415
500.0,1,700,1.5,100000.0,0.0097845
1500.0,1,100,1.5,15.0,0.01083337
1500.0,3,100,1.5,15.0,0.01268347
500.0,1,1000,1.5,15.0,0.0094437
500.0,1,100,1.5,15.0,0.00969555
500.0,3,100,1.5,15.0,0.01518525
500.0,1,300,1.5,15.0,0.010674939393939395
500.0,1,500,1.5,15.0,0.01031035
500.0,1,700,1.5,15.0,0.009815
1500.0,1,100,1.5,150.0,0.01207112
1500.0,3,100,1.5,150.0,0.0144433
500.0,1,1000,1.5,150.0,0.0105779
500.0,1,100,1.5,150.0,0.00995665
500.0,3,100,1.5,150.0,0.00797814
500.0,1,300,1.5,150.0,0.00865951515151515
500.0,1,500,1.5,150.0,0.00883155
500.0,1,700,1.5,150.0,0.00922242857142857
1500.0,1,100,1.5,1500.0,0.00916657
1500.0,3,100,1.5,1500.0,0.00711328
500.0,1,1000,1.5,1500.0,0.0089253
500.0,1,100,1.5,1500.0,0.00989893
500.0,3,100,1.5,1500.0,0.00892296
500.0,1,300,1.5,1500.0,0.009187
500.0,1,500,1.5,1500.0,0.0090761
500.0,1,700,1.5,1500.0,0.0093595
1500.0,1,100,1.5,15000.0,0.01047838
1500.0,3,100,1.5,15000.0,0.01217752
500.0,1,1000,1.5,15000.0,0.0099063
500.0,1,100,1.5,15000.0,0.00982799
500.0,3,100,1.5,15000.0,0.01055002
500.0,1,300,1.5,15000.0,0.008467121212121212
500.0,1,500,1.5,15000.0,0.01008285
500.0,1,700,1.5,15000.0,0.009193928571428572
1500.0,1,100,1.5,150000.0,0.01058187
1500.0,3,100,1.5,150000.0,0.00537916
500.0,1,1000,1.5,150000.0,0.0094866
500.0,1,100,1.5,150000.0,0.00934019
500.0,3,100,1.5,150000.0,0.00895266
500.0,1,300,1.5,150000.0,0.009298363636363636
500.0,1,500,1.5,150000.0,0.0087801
500.0,1,700,1.5,150000.0,0.009986428571428571
1500.0,1,100,1.5,3.0,0.01023324
1500.0,3,100,1.5,3.0,0.01324117
500.0,1,1000,1.5,3.0,0.010563
500.0,1,100,1.5,3.0,0.01113426
500.0,3,100,1.5,3.0,0.01042251
500.0,1,300,1.5,3.0,0.011344666666666666
500.0,1,500,1.5,3.0,0.0109153
500.0,1,700,1.5,3.0,0.010654785714285714
1500.0,1,100,1.5,5.0,0.00990215
1500.0,3,100,1.5,5.0,0.01364907
500.0,1,1000,1.5,5.0,0.0102334
500.0,1,100,1.5,5.0,0.01038038
500.0,3,100,1.5,5.0,0.009254
500.0,1,300,1.5,5.0,0.010593363636363637
500.0,1,500,1.5,5.0,0.0102977
500.0,1,700,1.5,5.0,0.012042428571428572
1500.0,1,100,1.5,50.0,0.01276014
1500.0,3,100,1.5,50.0,0.01150247
500.0,1,1000,1.5,50.0,0.0098863
500.0,1,100,1.5,50.0,0.00870135
500.0,3,100,1.5,50.0,0.00924879
500.0,1,300,1.5,50.0,0.009758636363636363
500.0,1,500,1.5,50.0,0.00912025
500.0,1,700,1.5,50.0,0.009207285714285715
1500.0,1,100,1.5,500.0,0.00972543
1500.0,3,100,1.5,500.0,0.00993896
500.0,1,1000,1.5,500.0,0.0091124
500.0,1,100,1.5,500.0,0.01039963
500.0,3,100,1.5,500.0,0.00914676
500.0,1,300,1.5,500.0,0.00982421212121212
500.0,1,500,1.5,500.0,0.0093119
500.0,1,700,1.5,500.0,0.00993757142857143
1500.0,1,100,1.5,5000.0,0.00964175
1500.0,3,100,1.5,5000.0,0.0146471
500.0,1,1000,1.5,5000.0,0.0094998
500.0,1,100,1.5,5000.0,0.00918443
500.0,3,100,1.5,5000.0,0.0081013
500.0,1,300,1.5,5000.0,0.008989969696969698
500.0,1,500,1.5,5000.0,0.00940545
500.0,1,700,1.5,5000.0,0.010517642857142857
1500.0,1,100,1.5,50000.0,0.01149792
1500.0,3,100,1.5,50000.0,0.00989504
500.0,1,1000,1.5,50000.0,0.0091386
500.0,1,100,1.5,50000.0,0.00909942
500.0,3,100,1.5,50000.0,0.00853154
500.0,1,300,1.5,50000.0,0.009138181818181818
500.0,1,500,1.5,50000.0,0.00930855
500.0,1,700,1.5,50000.0,0.009103
1500.0,1,100,1.5,500000.0,0.00954581
1500.0,3,100,1.5,500000.0,0.02197499
500.0,1,1000,1.5,500000.0,0.0088764
500.0,1,100,1.5,500000.0,0.00891951
500.0,3,100,1.5,500000.0,0.00967872
500.0,1,300,1.5,500000.0,0.00884730303030303
500.0,1,500,1.5,500000.0,0.01018255
500.0,1,700,1.5,500000.0,0.009616714285714286
1500.0,1,100,100000.0,1.0,0.65954419
1500.0,3,100,100000.0,1.0,0.80427263
500.0,1,1000,100000.0,1.0,0.4606924
500.0,1,100,100000.0,1.0,0.45105415
500.0,3,100,100000.0,1.0,0.65721254
500.0,1,300,100000.0,1.0,0.4736130606060606
500.0,1,500,100000.0,1.0,0.47392635
500.0,1,700,100000.0,1.0,0.47707828571428573
1500.0,1,100,100000.0,1.5,0.66795349
1500.0,3,100,100000.0,1.5,0.81340657
500.0,1,1000,100000.0,1.5,0.4704106
500.0,1,100,100000.0,1.5,0.43894682
500.0,3,100,100000.0,1.5,0.66302693
500.0,1,300,100000.0,1.5,0.47153463636363635
500.0,1,500,100000.0,1.5,0.4939401
500.0,1,700,100000.0,1.5,0.4673877142857143
500.0,1,1000,100000.0,100000.0,0.2723556
500.0,1,100,100000.0,100000.0,0.26796202
500.0,1,300,100000.0,100000.0,0.28661760606060604
500.0,1,500,100000.0,100000.0,0.29574585
500.0,1,700,100000.0,100000.0,0.2720945
1500.0,1,100,100000.0,15.0,0.66291615
1500.0,3,100,100000.0,15.0,0.80551451
500.0,1,1000,100000.0,15.0,0.4884869
500.0,1,100,100000.0,15.0,0.45262229
500.0,3,100,100000.0,15.0,0.66518938
500.0,1,300,100000.0,15.0,0.4664501818181818
500.0,1,500,100000.0,15.0,0.4814118
500.0,1,700,100000.0,15.0,0.47891685714285714
1500.0,1,100,100000.0,150.0,0.65707466
1500.0,3,100,100000.0,150.0,0.79876421
500.0,1,1000,100000.0,150.0,0.4782354
500.0,1,100,100000.0,150.0,0.4450885
500.0,3,100,100000.0,150.0,0.64711503
500.0,1,300,100000.0,150.0,0.4671084545454545
500.0,1,500,100000.0,150.0,0.48643335
500.0,1,700,100000.0,150.0,0.4771850714285714
1500.0,1,100,100000.0,1500.0,0.66190505
1500.0,3,100,100000.0,1500.0,0.81094119
500.0,1,1000,100000.0,1500.0,0.4893217
500.0,1,100,100000.0,1500.0,0.44147745
500.0,3,100,100000.0,1500.0,0.66561411
500.0,1,300,100000.0,1500.0,0.4693483939393939
500.0,1,500,100000.0,1500.0,0.4748838
500.0,1,700,100000.0,1500.0,0.46836992857142856
1500.0,1,100,100000.0,15000.0,0.62251742
1500.0,3,100,100000.0,15000.0,0.7888862
500.0,1,1000,100000.0,15000.0,0.4355753
500.0,1,100,100000.0,15000.0,0.41402523
500.0,3,100,100000.0,15000.0,0.61356257
500.0,1,300,100000.0,15000.0,0.4296407272727273
500.0,1,500,100000.0,15000.0,0.44203415
500.0,1,700,100000.0,15000.0,0.43746471428571426
1500.0,1,100,100000.0,150000.0,0.40458264
1500.0,3,100,100000.0,150000.0,0.56835611
500.0,1,1000,100000.0,150000.0,0.2242933
500.0,1,100,100000.0,150000.0,0.23504927
500.0,3,100,100000.0,150000.0,0.39498033
500.0,1,300,100000.0,150000.0,0.2542481818181818
500.0,1,500,100000.0,150000.0,0.2273603
500.0,1,700,100000.0,150000.0,0.22487807142857144
1500.0,1,100,100000.0,3.0,0.66882019
1500.0,3,100,100000.0,3.0,0.80178662
500.0,1,1000,100000.0,3.0,0.4817756
500.0,1,100,100000.0,3.0,0.4415968
500.0,3,100,100000.0,3.0,0.6703236
500.0,1,300,100000.0,3.0,0.46508948484848484
500.0,1,500,100000.0,3.0,0.46057295
500.0,1,700,100000.0,3.0,0.4663802857142857
1500.0,1,100,100000.0,5.0,0.66688348
1500.0,3,100,100000.0,5.0,0.80287126
500.0,1,1000,100000.0,5.0,0.4690266
500.0,1,100,100000.0,5.0,0.44267012
500.0,3,100,100000.0,5.0,0.66780719
500.0,1,300,100000.0,5.0,0.4611562424242424
500.0,1,500,100000.0,5.0,0.468491
500.0,1,700,100000.0,5.0,0.4912325
1500.0,1,100,100000.0,50.0,0.67241146
1500.0,3,100,100000.0,50.0,0.77119463
500.0,1,1000,100000.0,50.0,0.4862277
500.0,1,100,100000.0,50.0,0.44602418
500.0,3,100,100000.0,50.0,0.68292208
500.0,1,300,100000.0,50.0,0.4781129090909091
500.0,1,500,100000.0,50.0,0.47636635
500.0,1,700,100000.0,50.0,0.4913582142857143
1500.0,1,100,100000.0,500.0,0.66105097
1500.0,3,100,100000.0,500.0,0.80996833
500.0,1,1000,100000.0,500.0,0.4951617
500.0,1,100,100000.0,500.0,0.43947962
500.0,3,100,100000.0,500.0,0.68596631
500.0,1,300,100000.0,500.0,0.47335069696969695
500.0,1,500,100000.0,500.0,0.47951495
500.0,1,700,100000.0,500.0,0.47217221428571426
1500.0,1,100,100000.0,5000.0,0.63721951
1500.0,3,100,100000.0,5000.0,0.75995402
500.0,1,1000,100000.0,5000.0,0.4487688
500.0,1,100,100000.0,5000.0,0.44234223
500.0,3,100,100000.0,5000.0,0.65537873
500.0,1,300,100000.0,5000.0,0.4701536363636364
500.0,1,500,100000.0,5000.0,0.464794
500.0,1,700,100000.0,5000.0,0.4691282142857143
1500.0,1,100,100000.0,50000.0,0.56960548
1500.0,3,100,100000.0,50000.0,0.72395222
500.0,1,1000,100000.0,50000.0,0.3528873
500.0,1,100,100000.0,50000.0,0.33543187
500.0,3,100,100000.0,50000.0,0.55521633
500.0,1,300,100000.0,50000.0,0.3478207272727273
500.0,1,500,100000.0,50000.0,0.3735832
500.0,1,700,100000.0,50000.0,0.36243835714285716
1500.0,1,100,100000.0,500000.0,0.19630718
1500.0,3,100,100000.0,500000.0,0.31698065
500.0,1,1000,100000.0,500000.0,0.1305389
500.0,1,100,100000.0,500000.0,0.10155121
500.0,3,100,100000.0,500000.0,0.19648462
500.0,1,300,100000.0,500000.0,0.11798145454545454
500.0,1,500,100000.0,500000.0,0.10317565
500.0,1,700,100000.0,500000.0,0.12387671428571428
1500.0,1,100,15.0,1.0,0.05055937
1500.0,3,100,15.0,1.0,0.07033412
500.0,1,1000,15.0,1.0,0.0521249
500.0,1,100,15.0,1.0,0.04829041
500.0,3,100,15.0,1.0,0.07501863
500.0,1,300,15.0,1.0,0.05137875757575758
500.0,1,500,15.0,1.0,0.0465049
500.0,1,700,15.0,1.0,0.050537285714285715
1500.0,1,100,15.0,1.5,0.04339842
1500.0,3,100,15.0,1.5,0.06438496
500.0,1,1000,15.0,1.5,0.0423046
500.0,1,100,15.0,1.5,0.04356934
500.0,3,100,15.0,1.5,0.073922
500.0,1,300,15.0,1.5,0.041267454545454545
500.0,1,500,15.0,1.5,0.04193695
500.0,1,700,15.0,1.5,0.039
500.0,1,1000,15.0,100000.0,0.0093024
500.0,1,100,15.0,100000.0,0.00924325
500.0,1,300,15.0,100000.0,0.009101060606060606
500.0,1,500,15.0,100000.0,0.0085328
500.0,1,700,15.0,100000.0,0.009687214285714285
1500.0,1,100,15.0,15.0,0.01911644
1500.0,3,100,15.0,15.0,0.04738778
500.0,1,1000,15.0,15.0,0.0225064
500.0,1,100,15.0,15.0,0.02155675
500.0,3,100,15.0,15.0,0.04158017
500.0,1,300,15.0,15.0,0.02344481818181818
500.0,1,500,15.0,15.0,0.02166645
500.0,1,700,15.0,15.0,0.022037285714285714
1500.0,1,100,15.0,150.0,0.01058882
1500.0,3,100,15.0,150.0,0.01194375
500.0,1,1000,15.0,150.0,0.0123542
500.0,1,100,15.0,150.0,0.01152139
500.0,3,100,15.0,150.0,0.02062428
500.0,1,300,15.0,150.0,0.011537575757575757
500.0,1,500,15.0,150.0,0.01168485
500.0,1,700,15.0,150.0,0.0107635
1500.0,1,100,15.0,1500.0,0.00865618
1500.0,3,100,15.0,1500.0,0.0061283
500.0,1,1000,15.0,1500.0,0.0094287
500.0,1,100,15.0,1500.0,0.01020951
500.0,3,100,15.0,1500.0,0.00845911
500.0,1,300,15.0,1500.0,0.01079739393939394
500.0,1,500,15.0,1500.0,0.0097036
500.0,1,700,15.0,1500.0,0.01000007142857143
1500.0,1,100,15.0,15000.0,0.00930862
1500.0,3,100,15.0,15000.0,0.0106979
500.0,1,1000,15.0,15000.0,0.0113835
500.0,1,100,15.0,15000.0,0.0091321
500.0,3,100,15.0,15000.0,0.0090079
500.0,1,300,15.0,15000.0,0.010026333333333333
500.0,1,500,15.0,15000.0,0.00976215
500.0,1,700,15.0,15000.0,0.010533785714285714
1500.0,1,100,15.0,150000.0,0.00801335
1500.0,3,100,15.0,150000.0,0.0124671
500.0,1,1000,15.0,150000.0,0.0096111
500.0,1,100,15.0,150000.0,0.01012549
500.0,3,100,15.0,150000.0,0.01007229
500.0,1,300,15.0,150000.0,0.010195060606060607
500.0,1,500,15.0,150000.0,0.00904385
500.0,1,700,15.0,150000.0,0.010067
1500.0,1,100,15.0,3.0,0.03692685
1500.0,3,100,15.0,3.0,0.05342106
500.0,1,1000,15.0,3.0,0.0350183
500.0,1,100,15.0,3.0,0.03463395
500.0,3,100,15.0,3.0,0.06158657
500.0,1,300,15.0,3.0,0.033617242424242424
500.0,1,500,15.0,3.0,0.03525745
500.0,1,700,15.0,3.0,0.03319571428571429
1500.0,1,100,15.0,5.0,0.03000144
1500.0,3,100,15.0,5.0,0.04328552
500.0,1,1000,15.0,5.0,0.0286801
500.0,1,100,15.0,5.0,0.03082534
500.0,3,100,15.0,5.0,0.05748394
500.0,1,300,15.0,5.0,0.029377030303030304
500.0,1,500,15.0,5.0,0.0335065
500.0,1,700,15.0,5.0,0.03360885714285714
1500.0,1,100,15.0,50.0,0.01498772
1500.0,3,100,15.0,50.0,0.02501006
500.0,1,1000,15.0,50.0,0.0142645
500.0,1,100,15.0,50.0,0.01590632
500.0,3,100,15.0,50.0,0.02496778
500.0,1,300,15.0,50.0,0.015102757575757575
500.0,1,500,15.0,50.0,0.01552375
500.0,1,700,15.0,50.0,0.014880857142857144
1500.0,1,100,15.0,500.0,0.01036272
1500.0,3,100,15.0,500.0,0.00968812
500.0,1,1000,15.0,500.0,0.0099878
500.0,1,100,15.0,500.0,0.01001264
500.0,3,100,15.0,500.0,0.01149647
500.0,1,300,15.0,500.0,0.010163333333333333
500.0,1,500,15.0,500.0,0.00987505
500.0,1,700,15.0,500.0,0.009826642857142857
1500.0,1,100,15.0,5000.0,0.00881983
1500.0,3,100,15.0,5000.0,0.00891222
500.0,1,1000,15.0,5000.0,0.0098051
500.0,1,100,15.0,5000.0,0.00965374
500.0,3,100,15.0,5000.0,0.00964308
500.0,1,300,15.0,5000.0,0.009379363636363637
500.0,1,500,15.0,5000.0,0.0100016
500.0,1,700,15.0,5000.0,0.010009071428571428
1500.0,1,100,15.0,50000.0,0.00830749
1500.0,3,100,15.0,50000.0,0.00629426
500.0,1,1000,15.0,50000.0,0.0093584
500.0,1,100,15.0,50000.0,0.00991493
500.0,3,100,15.0,50000.0,0.00848175
500.0,1,300,15.0,50000.0,0.009202787878787878
500.0,1,500,15.0,50000.0,0.0091496
500.0,1,700,15.0,50000.0,0.01065
1500.0,1,100,15.0,500000.0,0.00791261
1500.0,3,100,15.0,500000.0,0.00890486
500.0,1,1000,15.0,500000.0,0.0091258
500.0,1,100,15.0,500000.0,0.00889376
500.0,3,100,15.0,500000.0,0.00851964
500.0,1,300,15.0,500000.0,0.009815848484848485
500.0,1,500,15.0,500000.0,0.01043455
500.0,1,700,15.0,500000.0,0.009714214285714286
1500.0,1,100,150.0,1.0,0.2724921
1500.0,3,100,150.0,1.0,0.41964299
500.0,1,1000,150.0,1.0,0.2478791
500.0,1,100,150.0,1.0,0.233772
500.0,3,100,150.0,1.0,0.39167466
500.0,1,300,150.0,1.0,0.23610139393939394
500.0,1,500,150.0,1.0,0.2386106
500.0,1,700,150.0,1.0,0.23405114285714285
1500.0,1,100,150.0,1.5,0.2347622
1500.0,3,100,150.0,1.5,0.35734806
500.0,1,1000,150.0,1.5,0.2248485
500.0,1,100,150.0,1.5,0.20617216
500.0,3,100,150.0,1.5,0.37432244
500.0,1,300,150.0,1.5,0.21770927272727272
500.0,1,500,150.0,1.5,0.21770235
500.0,1,700,150.0,1.5,0.21320785714285714
500.0,1,1000,150.0,100000.0,0.0093323
500.0,1,100,150.0,100000.0,0.00943476
500.0,1,300,150.0,100000.0,0.009655878787878788
500.0,1,500,150.0,100000.0,0.0106604
500.0,1,700,150.0,100000.0,0.009748142857142858
1500.0,1,100,150.0,15.0,0.16339873
1500.0,3,100,150.0,15.0,0.31484246
500.0,1,1000,150.0,15.0,0.160175
500.0,1,100,150.0,15.0,0.15613122
500.0,3,100,150.0,15.0,0.3197663
500.0,1,300,150.0,15.0,0.16353427272727272
500.0,1,500,150.0,15.0,0.16192025
500.0,1,700,150.0,15.0,0.16169485714285714
1500.0,1,100,150.0,150.0,0.09966502
1500.0,3,100,150.0,150.0,0.21093063
500.0,1,1000,150.0,150.0,0.0906359
500.0,1,100,150.0,150.0,0.08892578
500.0,3,100,150.0,150.0,0.19996288
500.0,1,300,150.0,150.0,0.09124648484848485
500.0,1,500,150.0,150.0,0.0949006
500.0,1,700,150.0,150.0,0.09376264285714286
1500.0,1,100,150.0,1500.0,0.02172201
1500.0,3,100,150.0,1500.0,0.05099094
500.0,1,1000,150.0,1500.0,0.026407
500.0,1,100,150.0,1500.0,0.0245623
500.0,3,100,150.0,1500.0,0.05034594
500.0,1,300,150.0,1500.0,0.025297606060606062
500.0,1,500,150.0,1500.0,0.0245876
500.0,1,700,150.0,1500.0,0.022564642857142856
1500.0,1,100,150.0,15000.0,0.00965062
1500.0,3,100,150.0,15000.0,0.01042637
500.0,1,1000,150.0,15000.0,0.0136642
500.0,1,100,150.0,15000.0,0.01037751
500.0,3,100,150.0,15000.0,0.01546186
500.0,1,300,150.0,15000.0,0.01020921212121212
500.0,1,500,150.0,15000.0,0.01111435
500.0,1,700,150.0,15000.0,0.011295285714285714
1500.0,1,100,150.0,150000.0,0.00964254
1500.0,3,100,150.0,150000.0,0.00523013
500.0,1,1000,150.0,150000.0,0.0085778
500.0,1,100,150.0,150000.0,0.01003829
500.0,3,100,150.0,150000.0,0.00941134
500.0,1,300,150.0,150000.0,0.009999757575757575
500.0,1,500,150.0,150000.0,0.0103464
500.0,1,700,150.0,150000.0,0.009223785714285714
1500.0,1,100,150.0,3.0,0.21073731
1500.0,3,100,150.0,3.0,0.35105513
500.0,1,1000,150.0,3.0,0.1940707
500.0,1,100,150.0,3.0,0.18980047
500.0,3,100,150.0,3.0,0.34692211
500.0,1,300,150.0,3.0,0.20036615151515152
500.0,1,500,150.0,3.0,0.19303825
500.0,1,700,150.0,3.0,0.19623164285714287
1500.0,1,100,150.0,5.0,0.19359818
1500.0,3,100,150.0,5.0,0.32818303
500.0,1,1000,150.0,5.0,0.1805681
500.0,1,100,150.0,5.0,0.1743313
500.0,3,100,150.0,5.0,0.33031857
500.0,1,300,150.0,5.0,0.1810098181818182
500.0,1,500,150.0,5.0,0.1853102
500.0,1,700,150.0,5.0,0.17817757142857144
1500.0,1,100,150.0,50.0,0.14073401
1500.0,3,100,150.0,50.0,0.28331336
500.0,1,1000,150.0,50.0,0.134302
500.0,1,100,150.0,50.0,0.13274078
500.0,3,100,150.0,50.0,0.27913239
500.0,1,300,150.0,50.0,0.13275645454545454
500.0,1,500,150.0,50.0,0.134894
500.0,1,700,150.0,50.0,0.13458607142857143
1500.0,1,100,150.0,500.0,0.04391347
1500.0,3,100,150.0,500.0,0.11305003
500.0,1,1000,150.0,500.0,0.0498939
500.0,1,100,150.0,500.0,0.04737034
500.0,3,100,150.0,500.0,0.09912671
500.0,1,300,150.0,500.0,0.04992481818181818
500.0,1,500,150.0,500.0,0.046496
500.0,1,700,150.0,500.0,0.050528
1500.0,1,100,150.0,5000.0,0.01180195
1500.0,3,100,150.0,5000.0,0.02472066
500.0,1,1000,150.0,5000.0,0.015435
500.0,1,100,150.0,5000.0,0.01354221
500.0,3,100,150.0,5000.0,0.01999233
500.0,1,300,150.0,5000.0,0.015465515151515152
500.0,1,500,150.0,5000.0,0.0143481
500.0,1,700,150.0,5000.0,0.014598285714285715
1500.0,1,100,150.0,50000.0,0.00976023
1500.0,3,100,150.0,50000.0,0.0083394
500.0,1,1000,150.0,50000.0,0.0094364
500.0,1,100,150.0,50000.0,0.01022811
500.0,3,100,150.0,50000.0,0.01188977
500.0,1,300,150.0,50000.0,0.009206606060606061
500.0,1,500,150.0,50000.0,0.00985565
500.0,1,700,150.0,50000.0,0.010485428571428571
1500.0,1,100,150.0,500000.0,0.00963377
1500.0,3,100,150.0,500000.0,0.00957077
500.0,1,1000,150.0,500000.0,0.0095963
500.0,1,100,150.0,500000.0,0.00945278
500.0,3,100,150.0,500000.0,0.00808548
500.0,1,300,150.0,500000.0,0.009584484848484849
500.0,1,500,150.0,500000.0,0.010108
500.0,1,700,150.0,500000.0,0.009419214285714286
1500.0,1,100,1500.0,1.0,0.58288137
1500.0,3,100,1500.0,1.0,0.75712283
500.0,1,1000,1500.0,1.0,0.4538122
500.0,1,100,1500.0,1.0,0.40994638
500.0,3,100,1500.0,1.0,0.61958828
500.0,1,300,1500.0,1.0,0.42479533333333336
500.0,1,500,1500.0,1.0,0.43101775
500.0,1,700,1500.0,1.0,0.4386227857142857
1500.0,1,100,1500.0,1.5,0.56860075
1500.0,3,100,1500.0,1.5,0.7295732
500.0,1,1000,1500.0,1.5,0.4051866
500.0,1,100,1500.0,1.5,0.39208323
500.0,3,100,1500.0,1.5,0.62299277
500.0,1,300,1500.0,1.5,0.42160024242424243
500.0,1,500,1500.0,1.5,0.4280115
500.0,1,700,1500.0,1.5,0.4232350714285714
500.0,1,1000,1500.0,100000.0,0.0190027
500.0,1,100,1500.0,100000.0,0.01850225
500.0,1,300,1500.0,100000.0,0.016959969696969696
500.0,1,500,1500.0,100000.0,0.01996945
500.0,1,700,1500.0,100000.0,0.017524642857142857
1500.0,1,100,1500.0,15.0,0.51709599
1500.0,3,100,1500.0,15.0,0.71278135
500.0,1,1000,1500.0,15.0,0.3917918
500.0,1,100,1500.0,15.0,0.37674773
500.0,3,100,1500.0,15.0,0.60044543
500.0,1,300,1500.0,15.0,0.3988179696969697
500.0,1,500,1500.0,15.0,0.4144664
500.0,1,700,1500.0,15.0,0.39972357142857146
1500.0,1,100,1500.0,150.0,0.48567975
1500.0,3,100,1500.0,150.0,0.68849453
500.0,1,1000,1500.0,150.0,0.3823262
500.0,1,100,1500.0,150.0,0.34588708
500.0,3,100,1500.0,150.0,0.58131936
500.0,1,300,1500.0,150.0,0.38083442424242425
500.0,1,500,1500.0,150.0,0.3899211
500.0,1,700,1500.0,150.0,0.38052821428571426
1500.0,1,100,1500.0,1500.0,0.32965595
1500.0,3,100,1500.0,1500.0,0.49743513
500.0,1,1000,1500.0,1500.0,0.2539168
500.0,1,100,1500.0,1500.0,0.21534652
500.0,3,100,1500.0,1500.0,0.40828586
500.0,1,300,1500.0,1500.0,0.22963136363636363
500.0,1,500,1500.0,1500.0,0.23603225
500.0,1,700,1500.0,1500.0,0.23943857142857142
1500.0,1,100,1500.0,15000.0,0.07158475
1500.0,3,100,1500.0,15000.0,0.13120778
500.0,1,1000,1500.0,15000.0,0.0545293
500.0,1,100,1500.0,15000.0,0.05433263
500.0,3,100,1500.0,15000.0,0.11775302
500.0,1,300,1500.0,15000.0,0.05884721212121212
500.0,1,500,1500.0,15000.0,0.0543178
500.0,1,700,1500.0,15000.0,0.05673157142857143
1500.0,1,100,1500.0,150000.0,0.01579472
1500.0,3,100,1500.0,150000.0,0.03132532
500.0,1,1000,1500.0,150000.0,0.016995
500.0,1,100,1500.0,150000.0,0.016518
500.0,3,100,1500.0,150000.0,0.02216225
500.0,1,300,1500.0,150000.0,0.014070272727272728
500.0,1,500,1500.0,150000.0,0.0113718
500.0,1,700,1500.0,150000.0,0.013964142857142857
1500.0,1,100,1500.0,3.0,0.54653115
1500.0,3,100,1500.0,3.0,0.73801179
500.0,1,1000,1500.0,3.0,0.4313178
500.0,1,100,1500.0,3.0,0.38733293
500.0,3,100,1500.0,3.0,0.60374847
500.0,1,300,1500.0,3.0,0.4165163333333333
500.0,1,500,1500.0,3.0,0.4053509
500.0,1,700,1500.0,3.0,0.42210414285714287
1500.0,1,100,1500.0,5.0,0.54422406
1500.0,3,100,1500.0,5.0,0.72166782
500.0,1,1000,1500.0,5.0,0.3870364
500.0,1,100,1500.0,5.0,0.38867541
500.0,3,100,1500.0,5.0,0.60281466
500.0,1,300,1500.0,5.0,0.4040695151515151
500.0,1,500,1500.0,5.0,0.41466675
500.0,1,700,1500.0,5.0,0.4050127142857143
1500.0,1,100,1500.0,50.0,0.5039824
1500.0,3,100,1500.0,50.0,0.67983927
500.0,1,1000,1500.0,50.0,0.4004052
500.0,1,100,1500.0,50.0,0.37267596
500.0,3,100,1500.0,50.0,0.59524858
500.0,1,300,1500.0,50.0,0.3819584545454546
500.0,1,500,1500.0,50.0,0.4040585
500.0,1,700,1500.0,50.0,0.39682542857142855
1500.0,1,100,1500.0,500.0,0.42806747
1500.0,3,100,1500.0,500.0,0.6219211
500.0,1,1000,1500.0,500.0,0.334211
500.0,1,100,1500.0,500.0,0.30442659
500.0,3,100,1500.0,500.0,0.50767112
500.0,1,300,1500.0,500.0,0.3302017272727273
500.0,1,500,1500.0,500.0,0.33574105
500.0,1,700,1500.0,500.0,0.332821
1500.0,1,100,1500.0,5000.0,0.17209739
1500.0,3,100,1500.0,5000.0,0.32062553
500.0,1,1000,1500.0,5000.0,0.1430765
500.0,1,100,1500.0,5000.0,0.11433547
500.0,3,100,1500.0,5000.0,0.21453974
500.0,1,300,1500.0,5000.0,0.12568066666666666
500.0,1,500,1500.0,5000.0,0.14146015
500.0,1,700,1500.0,5000.0,0.13216771428571428
1500.0,1,100,1500.0,50000.0,0.02982299
1500.0,3,100,1500.0,50000.0,0.05628427
500.0,1,1000,1500.0,50000.0,0.0321529
500.0,1,100,1500.0,50000.0,0.0267494
500.0,3,100,1500.0,50000.0,0.04539713
500.0,1,300,1500.0,50000.0,0.023111575757575758
500.0,1,500,1500.0,50000.0,0.0249932
500.0,1,700,1500.0,50000.0,0.026353071428571427
1500.0,1,100,1500.0,500000.0,0.010953
1500.0,3,100,1500.0,500000.0,0.01136599
500.0,1,1000,1500.0,500000.0,0.010741
500.0,1,100,1500.0,500000.0,0.01127517
500.0,3,100,1500.0,500000.0,0.01189972
500.0,1,300,1500.0,500000.0,0.01169669696969697
500.0,1,500,1500.0,500000.0,0.0113107
500.0,1,700,1500.0,500000.0,0.012135714285714286
1500.0,1,100,15000.0,1.0,0.66415172
1500.0,3,100,15000.0,1.0,0.79702491
500.0,1,1000,15000.0,1.0,0.4802521
500.0,1,100,15000.0,1.0,0.44669735
500.0,3,100,15000.0,1.0,0.6425832
500.0,1,300,15000.0,1.0,0.46143581818181817
500.0,1,500,15000.0,1.0,0.47777195
500.0,1,700,15000.0,1.0,0.4945724285714286
1500.0,1,100,15000.0,1.5,0.65989002
1500.0,3,100,15000.0,1.5,0.78105473
500.0,1,1000,15000.0,1.5,0.464017
500.0,1,100,15000.0,1.5,0.44137248
500.0,3,100,15000.0,1.5,0.6663859
500.0,1,300,15000.0,1.5,0.45234763636363634
500.0,1,500,15000.0,1.5,0.4577263
500.0,1,700,15000.0,1.5,0.48453085714285715
500.0,1,1000,15000.0,100000.0,0.0832582
500.0,1,100,15000.0,100000.0,0.0771267
500.0,1,300,15000.0,100000.0,0.10455939393939394
500.0,1,500,15000.0,100000.0,0.1147765
500.0,1,700,15000.0,100000.0,0.09192707142857143
1500.0,1,100,15000.0,15.0,0.63769416
1500.0,3,100,15000.0,15.0,0.81311998
500.0,1,1000,15000.0,15.0,0.4797253
500.0,1,100,15000.0,15.0,0.43774218
500.0,3,100,15000.0,15.0,0.66036367
500.0,1,300,15000.0,15.0,0.4619327575757576
500.0,1,500,15000.0,15.0,0.450701
500.0,1,700,15000.0,15.0,0.4617422857142857
1500.0,1,100,15000.0,150.0,0.64178756
1500.0,3,100,15000.0,150.0,0.79740415
500.0,1,1000,15000.0,150.0,0.4868695
500.0,1,100,15000.0,150.0,0.43396312
500.0,3,100,15000.0,150.0,0.66448423
500.0,1,300,15000.0,150.0,0.4560119090909091
500.0,1,500,15000.0,150.0,0.4741874
500.0,1,700,15000.0,150.0,0.4715659285714286
1500.0,1,100,15000.0,1500.0,0.62463328
1500.0,3,100,15000.0,1500.0,0.75788598
500.0,1,1000,15000.0,1500.0,0.4666626
500.0,1,100,15000.0,1500.0,0.40850477
500.0,3,100,15000.0,1500.0,0.6328921
500.0,1,300,15000.0,1500.0,0.4388047272727273
500.0,1,500,15000.0,1500.0,0.44025435
500.0,1,700,15000.0,1500.0,0.45507114285714284
1500.0,1,100,15000.0,15000.0,0.45457569
1500.0,3,100,15000.0,15000.0,0.59456274
500.0,1,1000,15000.0,15000.0,0.2878586
500.0,1,100,15000.0,15000.0,0.25576943
500.0,3,100,15000.0,15000.0,0.45911039
500.0,1,300,15000.0,15000.0,0.28219330303030304
500.0,1,500,15000.0,15000.0,0.28657485
500.0,1,700,15000.0,15000.0,0.2917142857142857
1500.0,1,100,15000.0,150000.0,0.12896183
1500.0,3,100,15000.0,150000.0,0.18297717
500.0,1,1000,15000.0,150000.0,0.0763593
500.0,1,100,15000.0,150000.0,0.06994586
500.0,3,100,15000.0,150000.0,0.15984797
500.0,1,300,15000.0,150000.0,0.06142854545454546
500.0,1,500,15000.0,150000.0,0.07621875
500.0,1,700,15000.0,150000.0,0.06575235714285714
1500.0,1,100,15000.0,3.0,0.63989042
1500.0,3,100,15000.0,3.0,0.80706402
500.0,1,1000,15000.0,3.0,0.4818006
500.0,1,100,15000.0,3.0,0.44003715
500.0,3,100,15000.0,3.0,0.64542512
500.0,1,300,15000.0,3.0,0.4613313636363636
500.0,1,500,15000.0,3.0,0.4690285
500.0,1,700,15000.0,3.0,0.4754249285714286
1500.0,1,100,15000.0,5.0,0.64792022
1500.0,3,100,15000.0,5.0,0.80048625
500.0,1,1000,15000.0,5.0,0.4523054
500.0,1,100,15000.0,5.0,0.43721119
500.0,3,100,15000.0,5.0,0.66496862
500.0,1,300,15000.0,5.0,0.4627980909090909
500.0,1,500,15000.0,5.0,0.4698781
500.0,1,700,15000.0,5.0,0.47364964285714284
1500.0,1,100,15000.0,50.0,0.64462153
1500.0,3,100,15000.0,50.0,0.78947433
500.0,1,1000,15000.0,50.0,0.4514297
500.0,1,100,15000.0,50.0,0.43848776
500.0,3,100,15000.0,50.0,0.66436061
500.0,1,300,15000.0,50.0,0.4622211212121212
500.0,1,500,15000.0,50.0,0.4825011
500.0,1,700,15000.0,50.0,0.4754637857142857
1500.0,1,100,15000.0,500.0,0.64294901
1500.0,3,100,15000.0,500.0,0.78522661
500.0,1,1000,15000.0,500.0,0.4600534
500.0,1,100,15000.0,500.0,0.4291473
500.0,3,100,15000.0,500.0,0.64100231
500.0,1,300,15000.0,500.0,0.4610274848484848
500.0,1,500,15000.0,500.0,0.4470686
500.0,1,700,15000.0,500.0,0.4684249285714286
1500.0,1,100,15000.0,5000.0,0.56640335
1500.0,3,100,15000.0,5000.0,0.70168261
500.0,1,1000,15000.0,5000.0,0.3806406
500.0,1,100,15000.0,5000.0,0.34558476
500.0,3,100,15000.0,5000.0,0.56704227
500.0,1,300,15000.0,5000.0,0.3860096060606061
500.0,1,500,15000.0,5000.0,0.38218575
500.0,1,700,15000.0,5000.0,0.3789192142857143
1500.0,1,100,15000.0,50000.0,0.24541213
1500.0,3,100,15000.0,50000.0,0.3561355
500.0,1,1000,15000.0,50000.0,0.1785709
500.0,1,100,15000.0,50000.0,0.12629198
500.0,3,100,15000.0,50000.0,0.26530558
500.0,1,300,15000.0,50000.0,0.13407948484848484
500.0,1,500,15000.0,50000.0,0.1584096
500.0,1,700,15000.0,50000.0,0.16346742857142857
1500.0,1,100,15000.0,500000.0,0.04030938
1500.0,3,100,15000.0,500000.0,0.09250213
500.0,1,1000,15000.0,500000.0,0.0312337
500.0,1,100,15000.0,500000.0,0.02897625
500.0,3,100,15000.0,500000.0,0.04214042
500.0,1,300,15000.0,500000.0,0.027066787878787878
500.0,1,500,15000.0,500000.0,0.0288369
500.0,1,700,15000.0,500000.0,0.03448892857142857
1500.0,1,100,150000.0,1.0,0.65949307
1500.0,3,100,150000.0,1.0,0.81485042
500.0,1,1000,150000.0,1.0,0.4747386
500.0,1,100,150000.0,1.0,0.44047694
500.0,3,100,150000.0,1.0,0.66592074
500.0,1,300,150000.0,1.0,0.4692799393939394
500.0,1,500,150000.0,1.0,0.47541145
500.0,1,700,150000.0,1.0,0.4832579285714286
1500.0,1,100,150000.0,1.5,0.65394978
1500.0,3,100,150000.0,1.5,0.80286747
500.0,1,1000,150000.0,1.5,0.4710356
500.0,1,100,150000.0,1.5,0.44065166
500.0,3,100,150000.0,1.5,0.66717198
500.0,1,300,150000.0,1.5,0.46981630303030303
500.0,1,500,150000.0,1.5,0.48075305
500.0,1,700,150000.0,1.5,0.4738140714285714
500.0,1,1000,150000.0,100000.0,0.3433334
500.0,1,100,150000.0,100000.0,0.32196665
500.0,1,300,150000.0,100000.0,0.3223290909090909
500.0,1,500,150000.0,100000.0,0.343007
500.0,1,700,150000.0,100000.0,0.32021757142857143
1500.0,1,100,150000.0,15.0,0.67073963
1500.0,3,100,150000.0,15.0,0.81146197
500.0,1,1000,150000.0,15.0,0.4983496
500.0,1,100,150000.0,15.0,0.44772615
500.0,3,100,150000.0,15.0,0.67751794
500.0,1,300,150000.0,15.0,0.46527321212121214
500.0,1,500,150000.0,15.0,0.47900265
500.0,1,700,150000.0,15.0,0.47331578571428573
1500.0,1,100,150000.0,150.0,0.65851061
1500.0,3,100,150000.0,150.0,0.78919995
500.0,1,1000,150000.0,150.0,0.4975
500.0,1,100,150000.0,150.0,0.44016394
500.0,3,100,150000.0,150.0,0.66111539
500.0,1,300,150000.0,150.0,0.4731657878787879
500.0,1,500,150000.0,150.0,0.46473205
500.0,1,700,150000.0,150.0,0.4706177857142857
1500.0,1,100,150000.0,1500.0,0.66563801
1500.0,3,100,150000.0,1500.0,0.80503776
500.0,1,1000,150000.0,1500.0,0.4758253
500.0,1,100,150000.0,1500.0,0.43574774
500.0,3,100,150000.0,1500.0,0.67498394
500.0,1,300,150000.0,1500.0,0.46724278787878787
500.0,1,500,150000.0,1500.0,0.4669535
500.0,1,700,150000.0,1500.0,0.4695081428571429
1500.0,1,100,150000.0,15000.0,0.64646635
1500.0,3,100,150000.0,15000.0,0.77150011
500.0,1,1000,150000.0,15000.0,0.4721547
500.0,1,100,150000.0,15000.0,0.4206619
500.0,3,100,150000.0,15000.0,0.64729366
500.0,1,300,150000.0,15000.0,0.4463400303030303
500.0,1,500,150000.0,15000.0,0.43921795
500.0,1,700,150000.0,15000.0,0.4559830714285714
1500.0,1,100,150000.0,150000.0,0.44738213
1500.0,3,100,150000.0,150000.0,0.56916835
500.0,1,1000,150000.0,150000.0,0.2882314
500.0,1,100,150000.0,150000.0,0.28781083
500.0,3,100,150000.0,150000.0,0.46797228
500.0,1,300,150000.0,150000.0,0.31188051515151516
500.0,1,500,150000.0,150000.0,0.29944015
500.0,1,700,150000.0,150000.0,0.34408207142857145
1500.0,1,100,150000.0,3.0,0.66845121
1500.0,3,100,150000.0,3.0,0.80516958
500.0,1,1000,150000.0,3.0,0.4733168
500.0,1,100,150000.0,3.0,0.44658625
500.0,3,100,150000.0,3.0,0.67104462
500.0,1,300,150000.0,3.0,0.46970633333333334
500.0,1,500,150000.0,3.0,0.47887145
500.0,1,700,150000.0,3.0,0.4780102857142857
1500.0,1,100,150000.0,5.0,0.66664644
1500.0,3,100,150000.0,5.0,0.80968615
500.0,1,1000,150000.0,5.0,0.4886316
500.0,1,100,150000.0,5.0,0.43962
500.0,3,100,150000.0,5.0,0.67712426
500.0,1,300,150000.0,5.0,0.4751436363636364
500.0,1,500,150000.0,5.0,0.4728714
500.0,1,700,150000.0,5.0,0.4594257857142857
1500.0,1,100,150000.0,50.0,0.65807581
1500.0,3,100,150000.0,50.0,0.82269377
500.0,1,1000,150000.0,50.0,0.4621545
500.0,1,100,150000.0,50.0,0.44514823
500.0,3,100,150000.0,50.0,0.67063729
500.0,1,300,150000.0,50.0,0.4715848484848485
500.0,1,500,150000.0,50.0,0.4684542
500.0,1,700,150000.0,50.0,0.48534464285714285
1500.0,1,100,150000.0,500.0,0.65848985
1500.0,3,100,150000.0,500.0,0.80331863
500.0,1,1000,150000.0,500.0,0.4672461
500.0,1,100,150000.0,500.0,0.44615706
500.0,3,100,150000.0,500.0,0.67977923
500.0,1,300,150000.0,500.0,0.4604188787878788
500.0,1,500,150000.0,500.0,0.457437
500.0,1,700,150000.0,500.0,0.49165642857142855
1500.0,1,100,150000.0,5000.0,0.66818809
1500.0,3,100,150000.0,5000.0,0.78861713
500.0,1,1000,150000.0,5000.0,0.4779145
500.0,1,100,150000.0,5000.0,0.42494243
500.0,3,100,150000.0,5000.0,0.65179902
500.0,1,300,150000.0,5000.0,0.4582761515151515
500.0,1,500,150000.0,5000.0,0.4705943
500.0,1,700,150000.0,5000.0,0.4586990714285714
1500.0,1,100,150000.0,50000.0,0.56606628
1500.0,3,100,150000.0,50000.0,0.74863683
500.0,1,1000,150000.0,50000.0,0.4302565
500.0,1,100,150000.0,50000.0,0.36445205
500.0,3,100,150000.0,50000.0,0.56590732
500.0,1,300,150000.0,50000.0,0.380096
500.0,1,500,150000.0,50000.0,0.38270835
500.0,1,700,150000.0,50000.0,0.39074364285714286
1500.0,1,100,150000.0,500000.0,0.2718657
1500.0,3,100,150000.0,500000.0,0.47573996
500.0,1,1000,150000.0,500000.0,0.1905324
500.0,1,100,150000.0,500000.0,0.14216455
500.0,3,100,150000.0,500000.0,0.23034051
500.0,1,300,150000.0,500000.0,0.15197906060606062
500.0,1,500,150000.0,500000.0,0.1312407
500.0,1,700,150000.0,500000.0,0.13958907142857144
1500.0,1,100,3.0,1.0,0.0161903
1500.0,3,100,3.0,1.0,0.02450126
500.0,1,1000,3.0,1.0,0.0165493
500.0,1,100,3.0,1.0,0.01801241
500.0,3,100,3.0,1.0,0.02550615
500.0,1,300,3.0,1.0,0.017193090909090908
500.0,1,500,3.0,1.0,0.01715405
500.0,1,700,3.0,1.0,0.017097928571428573
1500.0,1,100,3.0,1.5,0.01175073
1500.0,3,100,3.0,1.5,0.03336997
500.0,1,1000,3.0,1.5,0.0170516
500.0,1,100,3.0,1.5,0.01375637
500.0,3,100,3.0,1.5,0.0241028
500.0,1,300,3.0,1.5,0.015254333333333333
500.0,1,500,3.0,1.5,0.0157875
500.0,1,700,3.0,1.5,0.016115428571428572
500.0,1,1000,3.0,100000.0,0.0092493
500.0,1,100,3.0,100000.0,0.00968523
500.0,1,300,3.0,100000.0,0.010733727272727273
500.0,1,500,3.0,100000.0,0.00945725
500.0,1,700,3.0,100000.0,0.009597071428571429
1500.0,1,100,3.0,15.0,0.01039397
1500.0,3,100,3.0,15.0,0.00975316
500.0,1,1000,3.0,15.0,0.0102528
500.0,1,100,3.0,15.0,0.01008104
500.0,3,100,3.0,15.0,0.0108591
500.0,1,300,3.0,15.0,0.010439787878787878
500.0,1,500,3.0,15.0,0.0105793
500.0,1,700,3.0,15.0,0.010524928571428572
1500.0,1,100,3.0,150.0,0.01150776
1500.0,3,100,3.0,150.0,0.00741691
500.0,1,1000,3.0,150.0,0.0096672
500.0,1,100,3.0,150.0,0.00995838
500.0,3,100,3.0,150.0,0.00899415
500.0,1,300,3.0,150.0,0.009966515151515152
500.0,1,500,3.0,150.0,0.01086115
500.0,1,700,3.0,150.0,0.008919857142857143
1500.0,1,100,3.0,1500.0,0.00768029
1500.0,3,100,3.0,1500.0,0.00900292
500.0,1,1000,3.0,1500.0,0.0105278
500.0,1,100,3.0,1500.0,0.00914224
500.0,3,100,3.0,1500.0,0.00758295
500.0,1,300,3.0,1500.0,0.009172212121212121
500.0,1,500,3.0,1500.0,0.00956005
500.0,1,700,3.0,1500.0,0.010501
1500.0,1,100,3.0,15000.0,0.00919852
1500.0,3,100,3.0,15000.0,0.00649091
500.0,1,1000,3.0,15000.0,0.0091798
500.0,1,100,3.0,15000.0,0.01016506
500.0,3,100,3.0,15000.0,0.01095331
500.0,1,300,3.0,15000.0,0.009450424242424243
500.0,1,500,3.0,15000.0,0.0089556
500.0,1,700,3.0,15000.0,0.010393785714285715
1500.0,1,100,3.0,150000.0,0.00756868
1500.0,3,100,3.0,150000.0,0.01102915
500.0,1,1000,3.0,150000.0,0.0094553
500.0,1,100,3.0,150000.0,0.00872825
500.0,3,100,3.0,150000.0,0.00991085
500.0,1,300,3.0,150000.0,0.009115242424242425
500.0,1,500,3.0,150000.0,0.00973235
500.0,1,700,3.0,150000.0,0.009595357142857143
1500.0,1,100,3.0,3.0,0.01255733
1500.0,3,100,3.0,3.0,0.01348118
500.0,1,1000,3.0,3.0,0.0127641
500.0,1,100,3.0,3.0,0.01408718
500.0,3,100,3.0,3.0,0.01516747
500.0,1,300,3.0,3.0,0.012872818181818181
500.0,1,500,3.0,3.0,0.01402175
500.0,1,700,3.0,3.0,0.012744285714285715
1500.0,1,100,3.0,5.0,0.01240472
1500.0,3,100,3.0,5.0,0.00953851
500.0,1,1000,3.0,5.0,0.0116896
500.0,1,100,3.0,5.0,0.01195642
500.0,3,100,3.0,5.0,0.01306797
500.0,1,300,3.0,5.0,0.011919272727272728
500.0,1,500,3.0,5.0,0.0121569
500.0,1,700,3.0,5.0,0.012739642857142857
1500.0,1,100,3.0,50.0,0.00825876
1500.0,3,100,3.0,50.0,0.00931233
500.0,1,1000,3.0,50.0,0.0093563
500.0,1,100,3.0,50.0,0.0099619
500.0,3,100,3.0,50.0,0.01068839
500.0,1,300,3.0,50.0,0.010282030303030303
500.0,1,500,3.0,50.0,0.01027315
500.0,1,700,3.0,50.0,0.010569714285714286
1500.0,1,100,3.0,500.0,0.01132709
1500.0,3,100,3.0,500.0,0.00403573
500.0,1,1000,3.0,500.0,0.0090711
500.0,1,100,3.0,500.0,0.00919382
500.0,3,100,3.0,500.0,0.00945453
500.0,1,300,3.0,500.0,0.00945630303030303
500.0,1,500,3.0,500.0,0.00940495
500.0,1,700,3.0,500.0,0.010635642857142857
1500.0,1,100,3.0,5000.0,0.00892405
1500.0,3,100,3.0,5000.0,0.01217798
500.0,1,1000,3.0,5000.0,0.0095588
500.0,1,100,3.0,5000.0,0.00967767
500.0,3,100,3.0,5000.0,0.00699507
500.0,1,300,3.0,5000.0,0.010375818181818182
500.0,1,500,3.0,5000.0,0.00945635
500.0,1,700,3.0,5000.0,0.009200857142857143
1500.0,1,100,3.0,50000.0,0.00960198
1500.0,3,100,3.0,50000.0,0.00734535
500.0,1,1000,3.0,50000.0,0.0093649
500.0,1,100,3.0,50000.0,0.00958104
500.0,3,100,3.0,50000.0,0.00884802
500.0,1,300,3.0,50000.0,0.008757545454545455
500.0,1,500,3.0,50000.0,0.00974445
500.0,1,700,3.0,50000.0,0.009331571428571429
1500.0,1,100,3.0,500000.0,0.00773529
1500.0,3,100,3.0,500000.0,0.01218059
500.0,1,1000,3.0,500000.0,0.0099458
500.0,1,100,3.0,500000.0,0.00986778
500.0,3,100,3.0,500000.0,0.0083933
500.0,1,300,3.0,500000.0,0.00917909090909091
500.0,1,500,3.0,500000.0,0.0099563
500.0,1,700,3.0,500000.0,0.009070928571428572
1500.0,1,100,5.0,1.0,0.02204635
1500.0,3,100,5.0,1.0,0.02846259
500.0,1,1000,5.0,1.0,0.0222841
500.0,1,100,5.0,1.0,0.02280167
500.0,3,100,5.0,1.0,0.03560263
500.0,1,300,5.0,1.0,0.02438648484848485
500.0,1,500,5.0,1.0,0.02216365
500.0,1,700,5.0,1.0,0.022217214285714285
1500.0,1,100,5.0,1.5,0.01993523
1500.0,3,100,5.0,1.5,0.02955725
500.0,1,1000,5.0,1.5,0.0208461
500.0,1,100,5.0,1.5,0.02074239
500.0,3,100,5.0,1.5,0.03061709
500.0,1,300,5.0,1.5,0.020367939393939393
500.0,1,500,5.0,1.5,0.0196511
500.0,1,700,5.0,1.5,0.0202175
500.0,1,1000,5.0,100000.0,0.0094786
500.0,1,100,5.0,100000.0,0.00942202
500.0,1,300,5.0,100000.0,0.008918757575757576
500.0,1,500,5.0,100000.0,0.00945405
500.0,1,700,5.0,100000.0,0.010338142857142857
1500.0,1,100,5.0,15.0,0.01109054
1500.0,3,100,5.0,15.0,0.01627312
500.0,1,1000,5.0,15.0,0.0116023
500.0,1,100,5.0,15.0,0.01222838
500.0,3,100,5.0,15.0,0.01831698
500.0,1,300,5.0,15.0,0.010845090909090908
500.0,1,500,5.0,15.0,0.01192965
500.0,1,700,5.0,15.0,0.011902571428571429
1500.0,1,100,5.0,150.0,0.00745724
1500.0,3,100,5.0,150.0,0.00998863
500.0,1,1000,5.0,150.0,0.0098503
500.0,1,100,5.0,150.0,0.00996675
500.0,3,100,5.0,150.0,0.00948437
500.0,1,300,5.0,150.0,0.009530151515151516
500.0,1,500,5.0,150.0,0.00934815
500.0,1,700,5.0,150.0,0.009296142857142857
1500.0,1,100,5.0,1500.0,0.01087267
1500.0,3,100,5.0,1500.0,0.00589871
500.0,1,1000,5.0,1500.0,0.0090833
500.0,1,100,5.0,1500.0,0.00996052
500.0,3,100,5.0,1500.0,0.0109879
500.0,1,300,5.0,1500.0,0.009934242424242424
500.0,1,500,5.0,1500.0,0.0090946
500.0,1,700,5.0,1500.0,0.00975142857142857
1500.0,1,100,5.0,15000.0,0.01046149
1500.0,3,100,5.0,15000.0,0.00795812
500.0,1,1000,5.0,15000.0,0.0098035
500.0,1,100,5.0,15000.0,0.00931947
500.0,3,100,5.0,15000.0,0.00686443
500.0,1,300,5.0,15000.0,0.008975151515151516
500.0,1,500,5.0,15000.0,0.0089407
500.0,1,700,5.0,15000.0,0.009094714285714286
1500.0,1,100,5.0,150000.0,0.00857452
1500.0,3,100,5.0,150000.0,0.00780585
500.0,1,1000,5.0,150000.0,0.0102597
500.0,1,100,5.0,150000.0,0.00949188
500.0,3,100,5.0,150000.0,0.01337826
500.0,1,300,5.0,150000.0,0.010574272727272727
500.0,1,500,5.0,150000.0,0.009207
500.0,1,700,5.0,150000.0,0.010122928571428571
1500.0,1,100,5.0,3.0,0.01637382
1500.0,3,100,5.0,3.0,0.01779771
500.0,1,1000,5.0,3.0,0.0163396
500.0,1,100,5.0,3.0,0.01742258
500.0,3,100,5.0,3.0,0.0251957
500.0,1,300,5.0,3.0,0.016312151515151516
500.0,1,500,5.0,3.0,0.01595175
500.0,1,700,5.0,3.0,0.0163175
1500.0,1,100,5.0,5.0,0.01091452
1500.0,3,100,5.0,5.0,0.02234532
500.0,1,1000,5.0,5.0,0.0142343
500.0,1,100,5.0,5.0,0.01390934
500.0,3,100,5.0,5.0,0.01899504
500.0,1,300,5.0,5.0,0.014798787878787878
500.0,1,500,5.0,5.0,0.01603535
500.0,1,700,5.0,5.0,0.013779285714285714
1500.0,1,100,5.0,50.0,0.00918491
1500.0,3,100,5.0,50.0,0.00612091
500.0,1,1000,5.0,50.0,0.0102426
500.0,1,100,5.0,50.0,0.01035644
500.0,3,100,5.0,50.0,0.01114335
500.0,1,300,5.0,50.0,0.010624484848484848
500.0,1,500,5.0,50.0,0.0098246
500.0,1,700,5.0,50.0,0.0103075
1500.0,1,100,5.0,500.0,0.00934233
1500.0,3,100,5.0,500.0,0.00710088
500.0,1,1000,5.0,500.0,0.0093502
500.0,1,100,5.0,500.0,0.01029427
500.0,3,100,5.0,500.0,0.0087728
500.0,1,300,5.0,500.0,0.009142878787878788
500.0,1,500,5.0,500.0,0.0102815
500.0,1,700,5.0,500.0,0.0092815
1500.0,1,100,5.0,5000.0,0.01127618
1500.0,3,100,5.0,5000.0,0.01454296
500.0,1,1000,5.0,5000.0,0.0095429
500.0,1,100,5.0,5000.0,0.00930224
500.0,3,100,5.0,5000.0,0.01407815
500.0,1,300,5.0,5000.0,0.00966621212121212
500.0,1,500,5.0,5000.0,0.00905075
500.0,1,700,5.0,5000.0,0.0093205
1500.0,1,100,5.0,50000.0,0.00804486
1500.0,3,100,5.0,50000.0,0.00735381
500.0,1,1000,5.0,50000.0,0.010096
500.0,1,100,5.0,50000.0,0.0090225
500.0,3,100,5.0,50000.0,0.00952208
500.0,1,300,5.0,50000.0,0.009547212121212121
500.0,1,500,5.0,50000.0,0.0089642
500.0,1,700,5.0,50000.0,0.009566357142857142
1500.0,1,100,5.0,500000.0,0.00470736
1500.0,3,100,5.0,500000.0,0.00645339
500.0,1,1000,5.0,500000.0,0.0094191
500.0,1,100,5.0,500000.0,0.00942956
500.0,3,100,5.0,500000.0,0.00994871
500.0,1,300,5.0,500000.0,0.009059363636363636
500.0,1,500,5.0,500000.0,0.01055785
500.0,1,700,5.0,500000.0,0.009020285714285715
1500.0,1,100,50.0,1.0,0.12121371
1500.0,3,100,50.0,1.0,0.18542774
500.0,1,1000,50.0,1.0,0.1222796
500.0,1,100,50.0,1.0,0.12404993
500.0,3,100,50.0,1.0,0.20881027
500.0,1,300,50.0,1.0,0.12157275757575757
500.0,1,500,50.0,1.0,0.12043535
500.0,1,700,50.0,1.0,0.11901671428571428
1500.0,1,100,50.0,1.5,0.10527011
1500.0,3,100,50.0,1.5,0.17447154
500.0,1,1000,50.0,1.5,0.1070648
500.0,1,100,50.0,1.5,0.10366351
500.0,3,100,50.0,1.5,0.20644641
500.0,1,300,50.0,1.5,0.112631
500.0,1,500,50.0,1.5,0.1029295
500.0,1,700,50.0,1.5,0.1049615
500.0,1,1000,50.0,100000.0,0.0097437
500.0,1,100,50.0,100000.0,0.00910354
500.0,1,300,50.0,100000.0,0.009389636363636364
500.0,1,500,50.0,100000.0,0.0087006
500.0,1,700,50.0,100000.0,0.009662571428571428
1500.0,1,100,50.0,15.0,0.05866295
1500.0,3,100,50.0,15.0,0.11941199
500.0,1,1000,50.0,15.0,0.061075
500.0,1,100,50.0,15.0,0.06391201
500.0,3,100,50.0,15.0,0.14432913
500.0,1,300,50.0,15.0,0.062008909090909094
500.0,1,500,50.0,15.0,0.0655268
500.0,1,700,50.0,15.0,0.06639028571428572
1500.0,1,100,50.0,150.0,0.03090242
1500.0,3,100,50.0,150.0,0.04376836
500.0,1,1000,50.0,150.0,0.0282319
500.0,1,100,50.0,150.0,0.02900195
500.0,3,100,50.0,150.0,0.0520704
500.0,1,300,50.0,150.0,0.027043424242424244
500.0,1,500,50.0,150.0,0.02623685
500.0,1,700,50.0,150.0,0.02735742857142857
1500.0,1,100,50.0,1500.0,0.01475751
1500.0,3,100,50.0,1500.0,0.01525564
500.0,1,1000,50.0,1500.0,0.0110689
500.0,1,100,50.0,1500.0,0.01182218
500.0,3,100,50.0,1500.0,0.01960499
500.0,1,300,50.0,1500.0,0.011055454545454545
500.0,1,500,50.0,1500.0,0.0124286
500.0,1,700,50.0,1500.0,0.0109775
1500.0,1,100,50.0,15000.0,0.00826219
1500.0,3,100,50.0,15000.0,0.00597624
500.0,1,1000,50.0,15000.0,0.0096799
500.0,1,100,50.0,15000.0,0.01086221
500.0,3,100,50.0,15000.0,0.00963996
500.0,1,300,50.0,15000.0,0.009093
500.0,1,500,50.0,15000.0,0.0092632
500.0,1,700,50.0,15000.0,0.010884714285714286
1500.0,1,100,50.0,150000.0,0.00910105
1500.0,3,100,50.0,150000.0,0.00459624
500.0,1,1000,50.0,150000.0,0.0089716
500.0,1,100,50.0,150000.0,0.01057671
500.0,3,100,50.0,150000.0,0.00786179
500.0,1,300,50.0,150000.0,0.009829515151515152
500.0,1,500,50.0,150000.0,0.0098058
500.0,1,700,50.0,150000.0,0.009114357142857143
1500.0,1,100,50.0,3.0,0.08886109
1500.0,3,100,50.0,3.0,0.14400619
500.0,1,1000,50.0,3.0,0.0893515
500.0,1,100,50.0,3.0,0.09082211
500.0,3,100,50.0,3.0,0.18379366
500.0,1,300,50.0,3.0,0.09340778787878788
500.0,1,500,50.0,3.0,0.0870319
500.0,1,700,50.0,3.0,0.09028307142857143
1500.0,1,100,50.0,5.0,0.07747055
1500.0,3,100,50.0,5.0,0.15503416
500.0,1,1000,50.0,5.0,0.0793753
500.0,1,100,50.0,5.0,0.08145157
500.0,3,100,50.0,5.0,0.16740796
500.0,1,300,50.0,5.0,0.07954448484848485
500.0,1,500,50.0,5.0,0.0787726
500.0,1,700,50.0,5.0,0.08256614285714285
1500.0,1,100,50.0,50.0,0.04207102
1500.0,3,100,50.0,50.0,0.09411685
500.0,1,1000,50.0,50.0,0.0446543
500.0,1,100,50.0,50.0,0.04515945
500.0,3,100,50.0,50.0,0.09595847
500.0,1,300,50.0,50.0,0.04758378787878788
500.0,1,500,50.0,50.0,0.0441879
500.0,1,700,50.0,50.0,0.044484
1500.0,1,100,50.0,500.0,0.01560104
1500.0,3,100,50.0,500.0,0.02950779
500.0,1,1000,50.0,500.0,0.0159066
500.0,1,100,50.0,500.0,0.01622085
500.0,3,100,50.0,500.0,0.03103785
500.0,1,300,50.0,500.0,0.017412727272727274
500.0,1,500,50.0,500.0,0.0157711
500.0,1,700,50.0,500.0,0.019398357142857144
1500.0,1,100,50.0,5000.0,0.01098058
1500.0,3,100,50.0,5000.0,0.00669245
500.0,1,1000,50.0,5000.0,0.0107475
500.0,1,100,50.0,5000.0,0.01020395
500.0,3,100,50.0,5000.0,0.00892419
500.0,1,300,50.0,5000.0,0.009903818181818182
500.0,1,500,50.0,5000.0,0.009771
500.0,1,700,50.0,5000.0,0.009910285714285713
1500.0,1,100,50.0,50000.0,0.01169473
1500.0,3,100,50.0,50000.0,0.01125835
500.0,1,1000,50.0,50000.0,0.0092494
500.0,1,100,50.0,50000.0,0.00984509
500.0,3,100,50.0,50000.0,0.00877118
500.0,1,300,50.0,50000.0,0.009551636363636363
500.0,1,500,50.0,50000.0,0.0091028
500.0,1,700,50.0,50000.0,0.009203571428571429
1500.0,1,100,50.0,500000.0,0.01087653
1500.0,3,100,50.0,500000.0,0.00602827
500.0,1,1000,50.0,500000.0,0.0093558
500.0,1,100,50.0,500000.0,0.00961397
500.0,3,100,50.0,500000.0,0.00788016
500.0,1,300,50.0,500000.0,0.009441818181818181
500.0,1,500,50.0,500000.0,0.00945005
500.0,1,700,50.0,500000.0,0.0099335
1500.0,1,100,500.0,1.0,0.45927019
1500.0,3,100,500.0,1.0,0.60971807
500.0,1,1000,500.0,1.0,0.3735756
500.0,1,100,500.0,1.0,0.34492529
500.0,3,100,500.0,1.0,0.53837022
500.0,1,300,500.0,1.0,0.3581891212121212
500.0,1,500,500.0,1.0,0.378946
500.0,1,700,500.0,1.0,0.36819292857142855
1500.0,1,100,500.0,1.5,0.46275125
1500.0,3,100,500.0,1.5,0.58283945
500.0,1,1000,500.0,1.5,0.3436852
500.0,1,100,500.0,1.5,0.33365441
500.0,3,100,500.0,1.5,0.5272194
500.0,1,300,500.0,1.5,0.3454031515151515
500.0,1,500,500.0,1.5,0.35377085
500.0,1,700,500.0,1.5,0.3493729285714286
500.0,1,1000,500.0,100000.0,0.0111142
500.0,1,100,500.0,100000.0,0.01060977
500.0,1,300,500.0,100000.0,0.010722090909090909
500.0,1,500,500.0,100000.0,0.01223105
500.0,1,700,500.0,100000.0,0.00987857142857143
1500.0,1,100,500.0,15.0,0.3588351
1500.0,3,100,500.0,15.0,0.55749679
500.0,1,1000,500.0,15.0,0.3165109
500.0,1,100,500.0,15.0,0.28615442
500.0,3,100,500.0,15.0,0.500269
500.0,1,300,500.0,15.0,0.29631348484848485
500.0,1,500,500.0,15.0,0.3064683
500.0,1,700,500.0,15.0,0.3087972857142857
1500.0,1,100,500.0,150.0,0.29221361
1500.0,3,100,500.0,150.0,0.48204734
500.0,1,1000,500.0,150.0,0.2517056
500.0,1,100,500.0,150.0,0.2299186
500.0,3,100,500.0,150.0,0.43956257
500.0,1,300,500.0,150.0,0.24485163636363635
500.0,1,500,500.0,150.0,0.26197595
500.0,1,700,500.0,150.0,0.2567652857142857
1500.0,1,100,500.0,1500.0,0.11750188
1500.0,3,100,500.0,1500.0,0.22098113
500.0,1,1000,500.0,1500.0,0.1007283
500.0,1,100,500.0,1500.0,0.09238523
500.0,3,100,500.0,1500.0,0.18471569
500.0,1,300,500.0,1500.0,0.0962909090909091
500.0,1,500,500.0,1500.0,0.1004367
500.0,1,700,500.0,1500.0,0.09950264285714286
1500.0,1,100,500.0,15000.0,0.03024349
1500.0,3,100,500.0,15000.0,0.02928815
500.0,1,1000,500.0,15000.0,0.0238047
500.0,1,100,500.0,15000.0,0.01918654
500.0,3,100,500.0,15000.0,0.03549756
500.0,1,300,500.0,15000.0,0.023284030303030303
500.0,1,500,500.0,15000.0,0.02191795
500.0,1,700,500.0,15000.0,0.02231292857142857
1500.0,1,100,500.0,150000.0,0.01259518
1500.0,3,100,500.0,150000.0,0.01875053
500.0,1,1000,500.0,150000.0,0.0106978
500.0,1,100,500.0,150000.0,0.01025939
500.0,3,100,500.0,150000.0,0.01011324
500.0,1,300,500.0,150000.0,0.009731242424242423
500.0,1,500,500.0,150000.0,0.0104578
500.0,1,700,500.0,150000.0,0.012614428571428572
1500.0,1,100,500.0,3.0,0.40210349
1500.0,3,100,500.0,3.0,0.58596381
500.0,1,1000,500.0,3.0,0.3375713
500.0,1,100,500.0,3.0,0.313171
500.0,3,100,500.0,3.0,0.52453545
500.0,1,300,500.0,3.0,0.32487784848484846
500.0,1,500,500.0,3.0,0.31848965
500.0,1,700,500.0,3.0,0.32416428571428574
1500.0,1,100,500.0,5.0,0.38531017
1500.0,3,100,500.0,5.0,0.57312812
500.0,1,1000,500.0,5.0,0.3092284
500.0,1,100,500.0,5.0,0.30824706
500.0,3,100,500.0,5.0,0.51529284
500.0,1,300,500.0,5.0,0.31413636363636366
500.0,1,500,500.0,5.0,0.3357941
500.0,1,700,500.0,5.0,0.3316157142857143
1500.0,1,100,500.0,50.0,0.34499021
1500.0,3,100,500.0,50.0,0.5147857
500.0,1,1000,500.0,50.0,0.2950132
500.0,1,100,500.0,50.0,0.26942021
500.0,3,100,500.0,50.0,0.49038122
500.0,1,300,500.0,50.0,0.29472160606060605
500.0,1,500,500.0,50.0,0.2865677
500.0,1,700,500.0,50.0,0.2741879285714286
1500.0,1,100,500.0,500.0,0.20907856
1500.0,3,100,500.0,500.0,0.3773894
500.0,1,1000,500.0,500.0,0.1831094
500.0,1,100,500.0,500.0,0.16302417
500.0,3,100,500.0,500.0,0.31651688
500.0,1,300,500.0,500.0,0.16889345454545454
500.0,1,500,500.0,500.0,0.1786082
500.0,1,700,500.0,500.0,0.17075685714285715
1500.0,1,100,500.0,5000.0,0.05427005
1500.0,3,100,500.0,5000.0,0.11052812
500.0,1,1000,500.0,5000.0,0.0396839
500.0,1,100,500.0,5000.0,0.04039793
500.0,3,100,500.0,5000.0,0.07387739
500.0,1,300,500.0,5000.0,0.04471869696969697
500.0,1,500,500.0,5000.0,0.0408979
500.0,1,700,500.0,5000.0,0.04647807142857143
1500.0,1,100,500.0,50000.0,0.01563755
1500.0,3,100,500.0,50000.0,0.02045273
500.0,1,1000,500.0,50000.0,0.0115889
500.0,1,100,500.0,50000.0,0.01154569
500.0,3,100,500.0,50000.0,0.01723052
500.0,1,300,500.0,50000.0,0.013844545454545455
500.0,1,500,500.0,50000.0,0.01567655
500.0,1,700,500.0,50000.0,0.013546571428571429
1500.0,1,100,500.0,500000.0,0.00999968
1500.0,3,100,500.0,500000.0,0.00594044
500.0,1,1000,500.0,500000.0,0.0101614
500.0,1,100,500.0,500000.0,0.01113315
500.0,3,100,500.0,500000.0,0.01600841
500.0,1,300,500.0,500000.0,0.008861515151515151
500.0,1,500,500.0,500000.0,0.0090901
500.0,1,700,500.0,500000.0,0.009092
1500.0,1,100,5000.0,1.0,0.62469565
1500.0,3,100,5000.0,1.0,0.78730247
500.0,1,1000,5000.0,1.0,0.4678156
500.0,1,100,5000.0,1.0,0.43538756
500.0,3,100,5000.0,1.0,0.64896026
500.0,1,300,5000.0,1.0,0.45671096969696967
500.0,1,500,5000.0,1.0,0.45298205
500.0,1,700,5000.0,1.0,0.47427635714285715
1500.0,1,100,5000.0,1.5,0.62890532
1500.0,3,100,5000.0,1.5,0.771659
500.0,1,1000,5000.0,1.5,0.4609613
500.0,1,100,5000.0,1.5,0.42958345
500.0,3,100,5000.0,1.5,0.64904527
500.0,1,300,5000.0,1.5,0.46007451515151515
500.0,1,500,5000.0,1.5,0.4543491
500.0,1,700,5000.0,1.5,0.44770564285714287
500.0,1,1000,5000.0,100000.0,0.0454914
500.0,1,100,5000.0,100000.0,0.03207393
500.0,1,300,5000.0,100000.0,0.041016727272727274
500.0,1,500,5000.0,100000.0,0.0406066
500.0,1,700,5000.0,100000.0,0.04094742857142857
1500.0,1,100,5000.0,15.0,0.61852964
1500.0,3,100,5000.0,15.0,0.77521156
500.0,1,1000,5000.0,15.0,0.4430142
500.0,1,100,5000.0,15.0,0.41817758
500.0,3,100,5000.0,15.0,0.64123199
500.0,1,300,5000.0,15.0,0.4417969393939394
500.0,1,500,5000.0,15.0,0.42996325
500.0,1,700,5000.0,15.0,0.45207114285714284
1500.0,1,100,5000.0,150.0,0.60995621
1500.0,3,100,5000.0,150.0,0.75356319
500.0,1,1000,5000.0,150.0,0.4323888
500.0,1,100,5000.0,150.0,0.40958412
500.0,3,100,5000.0,150.0,0.64220876
500.0,1,300,5000.0,150.0,0.4291537575757576
500.0,1,500,5000.0,150.0,0.4553477
500.0,1,700,5000.0,150.0,0.4613247142857143
1500.0,1,100,5000.0,1500.0,0.51853706
1500.0,3,100,5000.0,1500.0,0.70599057
500.0,1,1000,5000.0,1500.0,0.3851599
500.0,1,100,5000.0,1500.0,0.34758619
500.0,3,100,5000.0,1500.0,0.564454
500.0,1,300,5000.0,1500.0,0.37609818181818183
500.0,1,500,5000.0,1500.0,0.36162995
500.0,1,700,5000.0,1500.0,0.3917935714285714
1500.0,1,100,5000.0,15000.0,0.25321867
1500.0,3,100,5000.0,15000.0,0.41916461
500.0,1,1000,5000.0,15000.0,0.1655122
500.0,1,100,5000.0,15000.0,0.13437368
500.0,3,100,5000.0,15000.0,0.2700945
500.0,1,300,5000.0,15000.0,0.15659933333333334
500.0,1,500,5000.0,15000.0,0.160765
500.0,1,700,5000.0,15000.0,0.15736042857142857
1500.0,1,100,5000.0,150000.0,0.06450455
1500.0,3,100,5000.0,150000.0,0.07360578
500.0,1,1000,5000.0,150000.0,0.031363
500.0,1,100,5000.0,150000.0,0.03191122
500.0,3,100,5000.0,150000.0,0.07274094
500.0,1,300,5000.0,150000.0,0.029478848484848486
500.0,1,500,5000.0,150000.0,0.03490715
500.0,1,700,5000.0,150000.0,0.033669285714285714
1500.0,1,100,5000.0,3.0,0.61467833
1500.0,3,100,5000.0,3.0,0.75110611
500.0,1,1000,5000.0,3.0,0.4453241
500.0,1,100,5000.0,3.0,0.42936867
500.0,3,100,5000.0,3.0,0.65121186
500.0,1,300,5000.0,3.0,0.4637113636363636
500.0,1,500,5000.0,3.0,0.4543589
500.0,1,700,5000.0,3.0,0.4415286428571429
1500.0,1,100,5000.0,5.0,0.61714715
1500.0,3,100,5000.0,5.0,0.78126259
500.0,1,1000,5000.0,5.0,0.489096
500.0,1,100,5000.0,5.0,0.42829814
500.0,3,100,5000.0,5.0,0.6510488
500.0,1,300,5000.0,5.0,0.4460212121212121
500.0,1,500,5000.0,5.0,0.4527663
500.0,1,700,5000.0,5.0,0.45910164285714283
1500.0,1,100,5000.0,50.0,0.60433498
1500.0,3,100,5000.0,50.0,0.75650601
500.0,1,1000,5000.0,50.0,0.4633718
500.0,1,100,5000.0,50.0,0.41691793
500.0,3,100,5000.0,50.0,0.62945553
500.0,1,300,5000.0,50.0,0.43794536363636366
500.0,1,500,5000.0,50.0,0.44966015
500.0,1,700,5000.0,50.0,0.4523402857142857
1500.0,1,100,5000.0,500.0,0.59592175
1500.0,3,100,5000.0,500.0,0.75631376
500.0,1,1000,5000.0,500.0,0.4318843
500.0,1,100,5000.0,500.0,0.38970813
500.0,3,100,5000.0,500.0,0.61366063
500.0,1,300,5000.0,500.0,0.41932678787878785
500.0,1,500,5000.0,500.0,0.42320665
500.0,1,700,5000.0,500.0,0.43310407142857144
1500.0,1,100,5000.0,5000.0,0.40096507
1500.0,3,100,5000.0,5000.0,0.58260771
500.0,1,1000,5000.0,5000.0,0.276428
500.0,1,100,5000.0,5000.0,0.25351477
500.0,3,100,5000.0,5000.0,0.42338625
500.0,1,300,5000.0,5000.0,0.28343348484848485
500.0,1,500,5000.0,5000.0,0.2905216
500.0,1,700,5000.0,5000.0,0.28083964285714286
1500.0,1,100,5000.0,50000.0,0.09479957
1500.0,3,100,5000.0,50000.0,0.13376304
500.0,1,1000,5000.0,50000.0,0.0553676
500.0,1,100,5000.0,50000.0,0.05414019
500.0,3,100,5000.0,50000.0,0.13566336
500.0,1,300,5000.0,50000.0,0.06611563636363636
500.0,1,500,5000.0,50000.0,0.07254905
500.0,1,700,5000.0,50000.0,0.07351885714285715
1500.0,1,100,5000.0,500000.0,0.01766183
1500.0,3,100,5000.0,500000.0,0.02177698
500.0,1,1000,5000.0,500000.0,0.0191085
500.0,1,100,5000.0,500000.0,0.01171655
500.0,3,100,5000.0,500000.0,0.02249893
500.0,1,300,5000.0,500000.0,0.020988151515151515
500.0,1,500,5000.0,500000.0,0.01171955
500.0,1,700,5000.0,500000.0,0.019370857142857145
1500.0,1,100,50000.0,1.0,0.65798055
1500.0,3,100,50000.0,1.0,0.80639976
500.0,1,1000,50000.0,1.0,0.4653446
500.0,1,100,50000.0,1.0,0.45162396
500.0,3,100,50000.0,1.0,0.6808051
500.0,1,300,50000.0,1.0,0.4734714242424242
500.0,1,500,50000.0,1.0,0.4726538
500.0,1,700,50000.0,1.0,0.5050504285714286
1500.0,1,100,50000.0,1.5,0.6570082
1500.0,3,100,50000.0,1.5,0.81617063
500.0,1,1000,50000.0,1.5,0.4831757
500.0,1,100,50000.0,1.5,0.44700085
500.0,3,100,50000.0,1.5,0.66631058
500.0,1,300,50000.0,1.5,0.46897442424242425
500.0,1,500,50000.0,1.5,0.48181295
500.0,1,700,50000.0,1.5,0.47438692857142856
500.0,1,1000,50000.0,100000.0,0.2339663
500.0,1,100,50000.0,100000.0,0.20023118
500.0,1,300,50000.0,100000.0,0.22026360606060605
500.0,1,500,50000.0,100000.0,0.2428371
500.0,1,700,50000.0,100000.0,0.2244087142857143
1500.0,1,100,50000.0,15.0,0.66401878
1500.0,3,100,50000.0,15.0,0.80606235
500.0,1,1000,50000.0,15.0,0.4905945
500.0,1,100,50000.0,15.0,0.44688495
500.0,3,100,50000.0,15.0,0.66184821
500.0,1,300,50000.0,15.0,0.4696500606060606
500.0,1,500,50000.0,15.0,0.47407925
500.0,1,700,50000.0,15.0,0.47752935714285716
1500.0,1,100,50000.0,150.0,0.66802674
1500.0,3,100,50000.0,150.0,0.81382179
500.0,1,1000,50000.0,150.0,0.488126
500.0,1,100,50000.0,150.0,0.44420386
500.0,3,100,50000.0,150.0,0.67481373
500.0,1,300,50000.0,150.0,0.46130869696969695
500.0,1,500,50000.0,150.0,0.45618195
500.0,1,700,50000.0,150.0,0.4703459285714286
1500.0,1,100,50000.0,1500.0,0.64922637
1500.0,3,100,50000.0,1500.0,0.78340137
500.0,1,1000,50000.0,1500.0,0.4826024
500.0,1,100,50000.0,1500.0,0.43667273
500.0,3,100,50000.0,1500.0,0.66187467
500.0,1,300,50000.0,1500.0,0.45833551515151516
500.0,1,500,50000.0,1500.0,0.472081
500.0,1,700,50000.0,1500.0,0.464887
1500.0,1,100,50000.0,15000.0,0.57183489
1500.0,3,100,50000.0,15000.0,0.74530014
500.0,1,1000,50000.0,15000.0,0.4195493
500.0,1,100,50000.0,15000.0,0.38176327
500.0,3,100,50000.0,15000.0,0.59654668
500.0,1,300,50000.0,15000.0,0.3995657575757576
500.0,1,500,50000.0,15000.0,0.419489
500.0,1,700,50000.0,15000.0,0.41896964285714283
1500.0,1,100,50000.0,150000.0,0.2675137
1500.0,3,100,50000.0,150000.0,0.38683121
500.0,1,1000,50000.0,150000.0,0.1946141
500.0,1,100,50000.0,150000.0,0.14439817
500.0,3,100,50000.0,150000.0,0.30394126
500.0,1,300,50000.0,150000.0,0.1535828787878788
500.0,1,500,50000.0,150000.0,0.16468755
500.0,1,700,50000.0,150000.0,0.14392957142857143
1500.0,1,100,50000.0,3.0,0.66612594
1500.0,3,100,50000.0,3.0,0.81578728
500.0,1,1000,50000.0,3.0,0.4696437
500.0,1,100,50000.0,3.0,0.44380509
500.0,3,100,50000.0,3.0,0.66359724
500.0,1,300,50000.0,3.0,0.46478169696969696
500.0,1,500,50000.0,3.0,0.4703833
500.0,1,700,50000.0,3.0,0.47222257142857144
1500.0,1,100,50000.0,5.0,0.67513447
1500.0,3,100,50000.0,5.0,0.79896367
500.0,1,1000,50000.0,5.0,0.4859334
500.0,1,100,50000.0,5.0,0.44201775
500.0,3,100,50000.0,5.0,0.65749129
500.0,1,300,50000.0,5.0,0.4853451515151515
500.0,1,500,50000.0,5.0,0.47938325
500.0,1,700,50000.0,5.0,0.4604742857142857
1500.0,1,100,50000.0,50.0,0.65867836
1500.0,3,100,50000.0,50.0,0.80185083
500.0,1,1000,50000.0,50.0,0.4913989
500.0,1,100,50000.0,50.0,0.43601211
500.0,3,100,50000.0,50.0,0.66830757
500.0,1,300,50000.0,50.0,0.4719838484848485
500.0,1,500,50000.0,50.0,0.46790575
500.0,1,700,50000.0,50.0,0.44971371428571427
1500.0,1,100,50000.0,500.0,0.66244549
1500.0,3,100,50000.0,500.0,0.79603053
500.0,1,1000,50000.0,500.0,0.4904968
500.0,1,100,50000.0,500.0,0.44918367
500.0,3,100,50000.0,500.0,0.65691899
500.0,1,300,50000.0,500.0,0.4606869696969697
500.0,1,500,50000.0,500.0,0.473148
500.0,1,700,50000.0,500.0,0.489768
1500.0,1,100,50000.0,5000.0,0.63368773
1500.0,3,100,50000.0,5000.0,0.77764946
500.0,1,1000,50000.0,5000.0,0.4682968
500.0,1,100,50000.0,5000.0,0.42254865
500.0,3,100,50000.0,5000.0,0.63581611
500.0,1,300,50000.0,5000.0,0.4467111212121212
500.0,1,500,50000.0,5000.0,0.45698115
500.0,1,700,50000.0,5000.0,0.436898
1500.0,1,100,50000.0,50000.0,0.47122038
1500.0,3,100,50000.0,50000.0,0.6133614
500.0,1,1000,50000.0,50000.0,0.2955656
500.0,1,100,50000.0,50000.0,0.26945608
500.0,3,100,50000.0,50000.0,0.42110986
500.0,1,300,50000.0,50000.0,0.29644145454545456
500.0,1,500,50000.0,50000.0,0.30313495
500.0,1,700,50000.0,50000.0,0.28912842857142856
1500.0,1,100,50000.0,500000.0,0.10916809
1500.0,3,100,50000.0,500000.0,0.19818128
500.0,1,1000,50000.0,500000.0,0.0945637
500.0,1,100,50000.0,500000.0,0.06166734
500.0,3,100,50000.0,500000.0,0.13128131
500.0,1,300,50000.0,500000.0,0.06431687878787878
500.0,1,500,50000.0,500000.0,0.0858385
500.0,1,700,50000.0,500000.0,0.08597464285714286
1500.0,1,100,500000.0,1.0,0.67648939
1500.0,3,100,500000.0,1.0,0.82101976
500.0,1,1000,500000.0,1.0,0.4766517
500.0,1,100,500000.0,1.0,0.44897073
500.0,3,100,500000.0,1.0,0.66829881
500.0,1,300,500000.0,1.0,0.4809492121212121
500.0,1,500,500000.0,1.0,0.48668145
500.0,1,700,500000.0,1.0,0.48959764285714286
1500.0,1,100,500000.0,1.5,0.66861121
1500.0,3,100,500000.0,1.5,0.80820575
500.0,1,1000,500000.0,1.5,0.5036502
500.0,1,100,500000.0,1.5,0.45075785
500.0,3,100,500000.0,1.5,0.67370245
500.0,1,300,500000.0,1.5,0.4722707272727273
500.0,1,500,500000.0,1.5,0.4724792
500.0,1,700,500000.0,1.5,0.4788945
500.0,1,1000,500000.0,100000.0,0.3910201
500.0,1,100,500000.0,100000.0,0.38498899
500.0,1,300,500000.0,100000.0,0.42283109090909093
500.0,1,500,500000.0,100000.0,0.41200305
500.0,1,700,500000.0,100000.0,0.4253775714285714
1500.0,1,100,500000.0,15.0,0.67173702
1500.0,3,100,500000.0,15.0,0.79674569
500.0,1,1000,500000.0,15.0,0.4829666
500.0,1,100,500000.0,15.0,0.44433563
500.0,3,100,500000.0,15.0,0.66810085
500.0,1,300,500000.0,15.0,0.4654748484848485
500.0,1,500,500000.0,15.0,0.472783
500.0,1,700,500000.0,15.0,0.4849779285714286
1500.0,1,100,500000.0,150.0,0.67750459
1500.0,3,100,500000.0,150.0,0.79379934
500.0,1,1000,500000.0,150.0,0.4869103
500.0,1,100,500000.0,150.0,0.4526982
500.0,3,100,500000.0,150.0,0.67257777
500.0,1,300,500000.0,150.0,0.4696208484848485
500.0,1,500,500000.0,150.0,0.4563122
500.0,1,700,500000.0,150.0,0.5015195
1500.0,1,100,500000.0,1500.0,0.66841883
1500.0,3,100,500000.0,1500.0,0.80343524
500.0,1,1000,500000.0,1500.0,0.4857653
500.0,1,100,500000.0,1500.0,0.45483154
500.0,3,100,500000.0,1500.0,0.66902492
500.0,1,300,500000.0,1500.0,0.46934854545454546
500.0,1,500,500000.0,1500.0,0.4661583
500.0,1,700,500000.0,1500.0,0.4706502142857143
1500.0,1,100,500000.0,15000.0,0.65709864
1500.0,3,100,500000.0,15000.0,0.79439247
500.0,1,1000,500000.0,15000.0,0.4700691
500.0,1,100,500000.0,15000.0,0.43639764
500.0,3,100,500000.0,15000.0,0.66069381
500.0,1,300,500000.0,15000.0,0.4572727575757576
500.0,1,500,500000.0,15000.0,0.44409325
500.0,1,700,500000.0,15000.0,0.4781066428571429
1500.0,1,100,500000.0,150000.0,0.56966035
1500.0,3,100,500000.0,150000.0,0.75173059
500.0,1,1000,500000.0,150000.0,0.3995202
500.0,1,100,500000.0,150000.0,0.36203461
500.0,3,100,500000.0,150000.0,0.59574444
500.0,1,300,500000.0,150000.0,0.3907952727272727
500.0,1,500,500000.0,150000.0,0.40043715
500.0,1,700,500000.0,150000.0,0.39436485714285713
1500.0,1,100,500000.0,3.0,0.67572618
1500.0,3,100,500000.0,3.0,0.80530994
500.0,1,1000,500000.0,3.0,0.4936523
500.0,1,100,500000.0,3.0,0.44751465
500.0,3,100,500000.0,3.0,0.67577144
500.0,1,300,500000.0,3.0,0.4650629090909091
500.0,1,500,500000.0,3.0,0.4704531
500.0,1,700,500000.0,3.0,0.4828172857142857
1500.0,1,100,500000.0,5.0,0.67233707
1500.0,3,100,500000.0,5.0,0.79871683
500.0,1,1000,500000.0,5.0,0.4869397
500.0,1,100,500000.0,5.0,0.44249922
500.0,3,100,500000.0,5.0,0.65865728
500.0,1,300,500000.0,5.0,0.47463042424242424
500.0,1,500,500000.0,5.0,0.4757024
500.0,1,700,500000.0,5.0,0.4814725714285714
1500.0,1,100,500000.0,50.0,0.67772663
1500.0,3,100,500000.0,50.0,0.83064923
500.0,1,1000,500000.0,50.0,0.4660907
500.0,1,100,500000.0,50.0,0.44464008
500.0,3,100,500000.0,50.0,0.67006365
500.0,1,300,500000.0,50.0,0.48167478787878787
500.0,1,500,500000.0,50.0,0.48177715
500.0,1,700,500000.0,50.0,0.4818740714285714
1500.0,1,100,500000.0,500.0,0.67007661
1500.0,3,100,500000.0,500.0,0.81212702
500.0,1,1000,500000.0,500.0,0.4970481
500.0,1,100,500000.0,500.0,0.44125818
500.0,3,100,500000.0,500.0,0.67466438
500.0,1,300,500000.0,500.0,0.4701683939393939
500.0,1,500,500000.0,500.0,0.47915025
500.0,1,700,500000.0,500.0,0.48271092857142855
1500.0,1,100,500000.0,5000.0,0.66202978
1500.0,3,100,500000.0,5000.0,0.79147115
500.0,1,1000,500000.0,5000.0,0.4881278
500.0,1,100,500000.0,5000.0,0.44814175
500.0,3,100,500000.0,5000.0,0.66770106
500.0,1,300,500000.0,5000.0,0.4689563333333333
500.0,1,500,500000.0,5000.0,0.45390775
500.0,1,700,500000.0,5000.0,0.4835413571428571
1500.0,1,100,500000.0,50000.0,0.63546011
1500.0,3,100,500000.0,50000.0,0.79299648
500.0,1,1000,500000.0,50000.0,0.5002692
500.0,1,100,500000.0,50000.0,0.41704214
500.0,3,100,500000.0,50000.0,0.63776171
500.0,1,300,500000.0,50000.0,0.4411361515151515
500.0,1,500,500000.0,50000.0,0.4620973
500.0,1,700,500000.0,50000.0,0.4403377142857143
1500.0,1,100,500000.0,500000.0,0.44068943
1500.0,3,100,500000.0,500000.0,0.61265469
500.0,1,1000,500000.0,500000.0,0.3089922
500.0,1,100,500000.0,500000.0,0.26700085
500.0,3,100,500000.0,500000.0,0.4477847
500.0,1,300,500000.0,500000.0,0.2778486060606061
500.0,1,500,500000.0,500000.0,0.2806375
500.0,1,700,500000.0,500000.0,0.3137256428571429
