lifetime, velocity, clife, cof, fripscore
1500.0,0.33,10.0,15000.0,0.01069741
1500.0,1,10.0,15000.0,0.01179907
1500.0,3,10.0,15000.0,0.01376246
166.0,0.33,10.0,15000.0,0.00965231
166.0,1,10.0,15000.0,0.00948653
166.0,3,10.0,15000.0,0.0095711
500.0,0.33,10.0,15000.0,0.01003328
500.0,1,10.0,15000.0,0.00936825
500.0,3,10.0,15000.0,0.00943349
1500.0,0.33,10.0,3000.0,0.00908586
1500.0,1,10.0,3000.0,0.01054839
1500.0,3,10.0,3000.0,0.00783599
166.0,0.33,10.0,3000.0,0.00957463
166.0,1,10.0,3000.0,0.00999842
166.0,3,10.0,3000.0,0.0094765
500.0,0.33,10.0,3000.0,0.00965066
500.0,1,10.0,3000.0,0.00949272
500.0,3,10.0,3000.0,0.00672676
1500.0,0.33,10.0,5000.0,0.00883973
1500.0,1,10.0,5000.0,0.00968514
1500.0,3,10.0,5000.0,0.016416
166.0,0.33,10.0,5000.0,0.00956037
166.0,1,10.0,5000.0,0.00932337
166.0,3,10.0,5000.0,0.00929043
500.0,0.33,10.0,5000.0,0.00971294
500.0,1,10.0,5000.0,0.00913639
500.0,3,10.0,5000.0,0.00954683
1500.0,0.33,10.0,50000.0,0.01022503
1500.0,1,10.0,50000.0,0.00755676
1500.0,3,10.0,50000.0,0.00621667
166.0,0.33,10.0,50000.0,0.00941494
166.0,1,10.0,50000.0,0.00937358
166.0,3,10.0,50000.0,0.00989642
500.0,0.33,10.0,50000.0,0.00937551
500.0,1,10.0,50000.0,0.00985216
500.0,3,10.0,50000.0,0.00838649
1500.0,0.33,100.0,15000.0,0.01004531
1500.0,1,100.0,15000.0,0.00751906
1500.0,3,100.0,15000.0,0.00880739
166.0,0.33,100.0,15000.0,0.00970145
166.0,1,100.0,15000.0,0.00950046
166.0,3,100.0,15000.0,0.01017147
500.0,0.33,100.0,15000.0,0.01007316
500.0,1,100.0,15000.0,0.0101363
500.0,3,100.0,15000.0,0.00875179
1500.0,0.33,100.0,3000.0,0.01119485
1500.0,1,100.0,3000.0,0.00934598
1500.0,3,100.0,3000.0,0.00708424
166.0,0.33,100.0,3000.0,0.0095712
166.0,1,100.0,3000.0,0.009878
166.0,3,100.0,3000.0,0.008884
500.0,0.33,100.0,3000.0,0.00971743
500.0,1,100.0,3000.0,0.00943039
500.0,3,100.0,3000.0,0.00969215
1500.0,0.33,100.0,5000.0,0.00865646
1500.0,1,100.0,5000.0,0.0091514
1500.0,3,100.0,5000.0,0.0103646
166.0,0.33,100.0,5000.0,0.00949714
166.0,1,100.0,5000.0,0.00937071
166.0,3,100.0,5000.0,0.00921493
500.0,0.33,100.0,5000.0,0.00966086
500.0,1,100.0,5000.0,0.01041543
500.0,3,100.0,5000.0,0.01324008
1500.0,0.33,100.0,50000.0,0.01016219
1500.0,1,100.0,50000.0,0.0090742
1500.0,3,100.0,50000.0,0.00870814
166.0,0.33,100.0,50000.0,0.00966284
166.0,1,100.0,50000.0,0.00939343
166.0,3,100.0,50000.0,0.00866532
500.0,0.33,100.0,50000.0,0.0093367
500.0,1,100.0,50000.0,0.00931238
500.0,3,100.0,50000.0,0.0101036
1500.0,0.33,1000.0,15000.0,0.00942406
1500.0,1,1000.0,15000.0,0.00762817
1500.0,3,1000.0,15000.0,0.00423143
166.0,0.33,1000.0,15000.0,0.0095888
166.0,1,1000.0,15000.0,0.00977978
166.0,3,1000.0,15000.0,0.00976114
500.0,0.33,1000.0,15000.0,0.00962889
500.0,1,1000.0,15000.0,0.00974562
500.0,3,1000.0,15000.0,0.00876393
1500.0,0.33,1000.0,3000.0,0.0095764
1500.0,1,1000.0,3000.0,0.00851416
1500.0,3,1000.0,3000.0,0.01177965
166.0,0.33,1000.0,3000.0,0.00955152
166.0,1,1000.0,3000.0,0.01015091
166.0,3,1000.0,3000.0,0.00917592
500.0,0.33,1000.0,3000.0,0.00949981
500.0,1,1000.0,3000.0,0.00914266
500.0,3,1000.0,3000.0,0.01007609
1500.0,0.33,1000.0,5000.0,0.00939545
1500.0,1,1000.0,5000.0,0.00911367
1500.0,3,1000.0,5000.0,0.0062184
166.0,0.33,1000.0,5000.0,0.00947344
166.0,1,1000.0,5000.0,0.00958866
166.0,3,1000.0,5000.0,0.01103013
500.0,0.33,1000.0,5000.0,0.00962642
500.0,1,1000.0,5000.0,0.00942559
500.0,3,1000.0,5000.0,0.00865848
1500.0,0.33,1000.0,50000.0,0.00961028
1500.0,1,1000.0,50000.0,0.00936881
1500.0,3,1000.0,50000.0,0.00679957
166.0,0.33,1000.0,50000.0,0.00966028
166.0,1,1000.0,50000.0,0.00968627
166.0,3,1000.0,50000.0,0.00878947
500.0,0.33,1000.0,50000.0,0.00985192
500.0,1,1000.0,50000.0,0.01006182
500.0,3,1000.0,50000.0,0.01274116
1500.0,0.33,125.0,15000.0,0.00908755
1500.0,1,125.0,15000.0,0.00777933
1500.0,3,125.0,15000.0,0.02441592
166.0,0.33,125.0,15000.0,0.00959059
166.0,1,125.0,15000.0,0.00951825
166.0,3,125.0,15000.0,0.00894253
500.0,0.33,125.0,15000.0,0.00952069
500.0,1,125.0,15000.0,0.00917216
500.0,3,125.0,15000.0,0.01075171
1500.0,0.33,125.0,3000.0,0.01015312
1500.0,1,125.0,3000.0,0.00837785
1500.0,3,125.0,3000.0,0.01139962
166.0,0.33,125.0,3000.0,0.00975544
166.0,1,125.0,3000.0,0.00968494
166.0,3,125.0,3000.0,0.00989281
500.0,0.33,125.0,3000.0,0.00949212
500.0,1,125.0,3000.0,0.00980399
500.0,3,125.0,3000.0,0.00884061
1500.0,0.33,125.0,5000.0,0.01047691
1500.0,1,125.0,5000.0,0.00937227
1500.0,3,125.0,5000.0,0.00618959
166.0,0.33,125.0,5000.0,0.0096748
166.0,1,125.0,5000.0,0.0091888
166.0,3,125.0,5000.0,0.00958269
500.0,0.33,125.0,5000.0,0.00980911
500.0,1,125.0,5000.0,0.00962182
500.0,3,125.0,5000.0,0.00853891
1500.0,0.33,125.0,50000.0,0.01014177
1500.0,1,125.0,50000.0,0.0088442
1500.0,3,125.0,50000.0,0.01092399
166.0,0.33,125.0,50000.0,0.00955902
166.0,1,125.0,50000.0,0.00977082
166.0,3,125.0,50000.0,0.00874479
500.0,0.33,125.0,50000.0,0.00958258
500.0,1,125.0,50000.0,0.00942702
500.0,3,125.0,50000.0,0.00894922
1500.0,0.33,150.0,15000.0,0.00844985
1500.0,1,150.0,15000.0,0.00796959
1500.0,3,150.0,15000.0,0.00539885
166.0,0.33,150.0,15000.0,0.0094827
166.0,1,150.0,15000.0,0.00987809
166.0,3,150.0,15000.0,0.00896137
500.0,0.33,150.0,15000.0,0.00965721
500.0,1,150.0,15000.0,0.01041263
500.0,3,150.0,15000.0,0.01009872
1500.0,0.33,150.0,3000.0,0.01091378
1500.0,1,150.0,3000.0,0.00849498
1500.0,3,150.0,3000.0,0.00564055
166.0,0.33,150.0,3000.0,0.0095447
166.0,1,150.0,3000.0,0.00955162
166.0,3,150.0,3000.0,0.00946194
500.0,0.33,150.0,3000.0,0.00964601
500.0,1,150.0,3000.0,0.00948818
500.0,3,150.0,3000.0,0.00820196
1500.0,0.33,150.0,5000.0,0.00933454
1500.0,1,150.0,5000.0,0.00949593
1500.0,3,150.0,5000.0,0.00630286
166.0,0.33,150.0,5000.0,0.00964371
166.0,1,150.0,5000.0,0.0092761
166.0,3,150.0,5000.0,0.00998417
500.0,0.33,150.0,5000.0,0.00970673
500.0,1,150.0,5000.0,0.00934602
500.0,3,150.0,5000.0,0.00667408
1500.0,0.33,150.0,50000.0,0.00893685
1500.0,1,150.0,50000.0,0.00593316
1500.0,3,150.0,50000.0,0.01877359
166.0,0.33,150.0,50000.0,0.00967188
166.0,1,150.0,50000.0,0.00941276
166.0,3,150.0,50000.0,0.00991548
500.0,0.33,150.0,50000.0,0.00965982
500.0,1,150.0,50000.0,0.01009082
500.0,3,150.0,50000.0,0.0125058
1500.0,0.33,1500.0,15000.0,0.00971031
1500.0,1,1500.0,15000.0,0.00897379
1500.0,3,1500.0,15000.0,0.01221041
166.0,0.33,1500.0,15000.0,0.00959992
166.0,1,1500.0,15000.0,0.00937946
166.0,3,1500.0,15000.0,0.0088112
500.0,0.33,1500.0,15000.0,0.00990595
500.0,1,1500.0,15000.0,0.00955214
500.0,3,1500.0,15000.0,0.01168043
1500.0,0.33,1500.0,3000.0,0.009344
1500.0,1,1500.0,3000.0,0.00953259
1500.0,3,1500.0,3000.0,0.00661597
166.0,0.33,1500.0,3000.0,0.0095624
166.0,1,1500.0,3000.0,0.00954554
166.0,3,1500.0,3000.0,0.00811195
500.0,0.33,1500.0,3000.0,0.00960251
500.0,1,1500.0,3000.0,0.00920684
500.0,3,1500.0,3000.0,0.01137154
1500.0,0.33,1500.0,5000.0,0.0088564
1500.0,1,1500.0,5000.0,0.00953029
1500.0,3,1500.0,5000.0,0.01248811
166.0,0.33,1500.0,5000.0,0.00949026
166.0,1,1500.0,5000.0,0.0096982
166.0,3,1500.0,5000.0,0.00905508
500.0,0.33,1500.0,5000.0,0.00955528
500.0,1,1500.0,5000.0,0.00871751
500.0,3,1500.0,5000.0,0.010469
1500.0,0.33,1500.0,50000.0,0.0094621
1500.0,1,1500.0,50000.0,0.01067211
1500.0,3,1500.0,50000.0,0.01368334
166.0,0.33,1500.0,50000.0,0.00956592
166.0,1,1500.0,50000.0,0.00939507
166.0,3,1500.0,50000.0,0.01032269
500.0,0.33,1500.0,50000.0,0.00991953
500.0,1,1500.0,50000.0,0.00994227
500.0,3,1500.0,50000.0,0.00922512
1500.0,0.33,15000.0,15000.0,0.01008501
1500.0,1,15000.0,15000.0,0.00774397
1500.0,3,15000.0,15000.0,0.01163332
166.0,0.33,15000.0,15000.0,0.00967861
166.0,1,15000.0,15000.0,0.00969794
166.0,3,15000.0,15000.0,0.00908257
500.0,0.33,15000.0,15000.0,0.0095629
500.0,1,15000.0,15000.0,0.01015865
500.0,3,15000.0,15000.0,0.00855374
1500.0,0.33,15000.0,3000.0,0.01074575
1500.0,1,15000.0,3000.0,0.01231768
1500.0,3,15000.0,3000.0,0.00755054
166.0,0.33,15000.0,3000.0,0.00947535
166.0,1,15000.0,3000.0,0.00984756
166.0,3,15000.0,3000.0,0.00879928
500.0,0.33,15000.0,3000.0,0.00970032
500.0,1,15000.0,3000.0,0.00947419
500.0,3,15000.0,3000.0,0.00644961
1500.0,0.33,15000.0,5000.0,0.00885083
1500.0,1,15000.0,5000.0,0.0117224
1500.0,3,15000.0,5000.0,0.01368144
166.0,0.33,15000.0,5000.0,0.00961111
166.0,1,15000.0,5000.0,0.00963843
166.0,3,15000.0,5000.0,0.00911677
500.0,0.33,15000.0,5000.0,0.01000109
500.0,1,15000.0,5000.0,0.00944232
500.0,3,15000.0,5000.0,0.00791157
1500.0,0.33,15000.0,50000.0,0.00900184
1500.0,1,15000.0,50000.0,0.00736657
1500.0,3,15000.0,50000.0,0.01147393
166.0,0.33,15000.0,50000.0,0.00962487
166.0,1,15000.0,50000.0,0.00967875
166.0,3,15000.0,50000.0,0.00954306
500.0,0.33,15000.0,50000.0,0.00990708
500.0,1,15000.0,50000.0,0.00938008
500.0,3,15000.0,50000.0,0.00982614
1500.0,0.33,20.0,15000.0,0.00884274
1500.0,1,20.0,15000.0,0.01113196
1500.0,3,20.0,15000.0,0.00608946
166.0,0.33,20.0,15000.0,0.0096469
166.0,1,20.0,15000.0,0.00973425
166.0,3,20.0,15000.0,0.01023286
500.0,0.33,20.0,15000.0,0.00976442
500.0,1,20.0,15000.0,0.00959511
500.0,3,20.0,15000.0,0.00838288
1500.0,0.33,20.0,3000.0,0.01022763
1500.0,1,20.0,3000.0,0.00837549
1500.0,3,20.0,3000.0,0.00958901
166.0,0.33,20.0,3000.0,0.00960196
166.0,1,20.0,3000.0,0.00951265
166.0,3,20.0,3000.0,0.00939875
500.0,0.33,20.0,3000.0,0.00986221
500.0,1,20.0,3000.0,0.01068249
500.0,3,20.0,3000.0,0.0077964
1500.0,0.33,20.0,5000.0,0.00877392
1500.0,1,20.0,5000.0,0.00847512
1500.0,3,20.0,5000.0,0.01154327
166.0,0.33,20.0,5000.0,0.00964449
166.0,1,20.0,5000.0,0.00966479
166.0,3,20.0,5000.0,0.00938563
500.0,0.33,20.0,5000.0,0.00922899
500.0,1,20.0,5000.0,0.01061484
500.0,3,20.0,5000.0,0.01068646
1500.0,0.33,20.0,50000.0,0.00991056
1500.0,1,20.0,50000.0,0.00713679
1500.0,3,20.0,50000.0,0.01247837
166.0,0.33,20.0,50000.0,0.00965823
166.0,1,20.0,50000.0,0.0095942
166.0,3,20.0,50000.0,0.00897986
500.0,0.33,20.0,50000.0,0.00962088
500.0,1,20.0,50000.0,0.00870925
500.0,3,20.0,50000.0,0.00802464
1500.0,0.33,30.0,15000.0,0.00922813
1500.0,1,30.0,15000.0,0.00794602
1500.0,3,30.0,15000.0,0.01141554
166.0,0.33,30.0,15000.0,0.0095385
166.0,1,30.0,15000.0,0.00994161
166.0,3,30.0,15000.0,0.00852337
500.0,0.33,30.0,15000.0,0.00975278
500.0,1,30.0,15000.0,0.00980139
500.0,3,30.0,15000.0,0.00663167
1500.0,0.33,30.0,3000.0,0.00945635
1500.0,1,30.0,3000.0,0.00627831
1500.0,3,30.0,3000.0,0.00377311
166.0,0.33,30.0,3000.0,0.00951121
166.0,1,30.0,3000.0,0.00971576
166.0,3,30.0,3000.0,0.00881852
500.0,0.33,30.0,3000.0,0.00982852
500.0,1,30.0,3000.0,0.00903704
500.0,3,30.0,3000.0,0.01047332
1500.0,0.33,30.0,5000.0,0.00875257
1500.0,1,30.0,5000.0,0.0082143
1500.0,3,30.0,5000.0,0.00709978
166.0,0.33,30.0,5000.0,0.00964164
166.0,1,30.0,5000.0,0.00920835
166.0,3,30.0,5000.0,0.00959806
500.0,0.33,30.0,5000.0,0.00909851
500.0,1,30.0,5000.0,0.00932052
500.0,3,30.0,5000.0,0.00742582
1500.0,0.33,30.0,50000.0,0.0099589
1500.0,1,30.0,50000.0,0.00796749
1500.0,3,30.0,50000.0,0.0091552
166.0,0.33,30.0,50000.0,0.0095739
166.0,1,30.0,50000.0,0.00956008
166.0,3,30.0,50000.0,0.00968404
500.0,0.33,30.0,50000.0,0.00951038
500.0,1,30.0,50000.0,0.01010674
500.0,3,30.0,50000.0,0.01062399
1500.0,0.33,300.0,15000.0,0.00956184
1500.0,1,300.0,15000.0,0.01277275
1500.0,3,300.0,15000.0,0.01024664
166.0,0.33,300.0,15000.0,0.00956853
166.0,1,300.0,15000.0,0.00917774
166.0,3,300.0,15000.0,0.00929253
500.0,0.33,300.0,15000.0,0.00974827
500.0,1,300.0,15000.0,0.0091335
500.0,3,300.0,15000.0,0.01300563
1500.0,0.33,300.0,3000.0,0.00997873
1500.0,1,300.0,3000.0,0.01095408
1500.0,3,300.0,3000.0,0.01313774
166.0,0.33,300.0,3000.0,0.00948658
166.0,1,300.0,3000.0,0.0095428
166.0,3,300.0,3000.0,0.0095109
500.0,0.33,300.0,3000.0,0.0093539
500.0,1,300.0,3000.0,0.00918291
500.0,3,300.0,3000.0,0.01179723
1500.0,0.33,300.0,5000.0,0.00949452
1500.0,1,300.0,5000.0,0.01122583
1500.0,3,300.0,5000.0,0.01374983
166.0,0.33,300.0,5000.0,0.00964104
166.0,1,300.0,5000.0,0.00981652
166.0,3,300.0,5000.0,0.00984314
500.0,0.33,300.0,5000.0,0.00965323
500.0,1,300.0,5000.0,0.00974118
500.0,3,300.0,5000.0,0.00751792
1500.0,0.33,300.0,50000.0,0.00955654
1500.0,1,300.0,50000.0,0.0097281
1500.0,3,300.0,50000.0,0.00971968
166.0,0.33,300.0,50000.0,0.00952903
166.0,1,300.0,50000.0,0.00946709
166.0,3,300.0,50000.0,0.00966215
500.0,0.33,300.0,50000.0,0.00954268
500.0,1,300.0,50000.0,0.01001447
500.0,3,300.0,50000.0,0.0087135
1500.0,0.33,3000.0,15000.0,0.00901146
1500.0,1,3000.0,15000.0,0.00746295
1500.0,3,3000.0,15000.0,0.00621295
166.0,0.33,3000.0,15000.0,0.00952835
166.0,1,3000.0,15000.0,0.00967675
166.0,3,3000.0,15000.0,0.00858646
500.0,0.33,3000.0,15000.0,0.00951713
500.0,1,3000.0,15000.0,0.00993376
500.0,3,3000.0,15000.0,0.0077295
1500.0,0.33,3000.0,3000.0,0.00886076
1500.0,1,3000.0,3000.0,0.00975233
1500.0,3,3000.0,3000.0,0.01282099
166.0,0.33,3000.0,3000.0,0.00968548
166.0,1,3000.0,3000.0,0.00973378
166.0,3,3000.0,3000.0,0.00929683
500.0,0.33,3000.0,3000.0,0.00957349
500.0,1,3000.0,3000.0,0.00906179
500.0,3,3000.0,3000.0,0.00832918
1500.0,0.33,3000.0,5000.0,0.01048214
1500.0,1,3000.0,5000.0,0.01012044
1500.0,3,3000.0,5000.0,0.01013133
166.0,0.33,3000.0,5000.0,0.00961951
166.0,1,3000.0,5000.0,0.00981628
166.0,3,3000.0,5000.0,0.01014466
500.0,0.33,3000.0,5000.0,0.00978639
500.0,1,3000.0,5000.0,0.00916429
500.0,3,3000.0,5000.0,0.00952201
1500.0,0.33,3000.0,50000.0,0.00994182
1500.0,1,3000.0,50000.0,0.009231
1500.0,3,3000.0,50000.0,0.00732028
166.0,0.33,3000.0,50000.0,0.00948284
166.0,1,3000.0,50000.0,0.00966085
166.0,3,3000.0,50000.0,0.00927496
500.0,0.33,3000.0,50000.0,0.00963972
500.0,1,3000.0,50000.0,0.01061479
500.0,3,3000.0,50000.0,0.00736226
1500.0,0.33,50.0,15000.0,0.01001086
1500.0,1,50.0,15000.0,0.009576
1500.0,3,50.0,15000.0,0.01496921
166.0,0.33,50.0,15000.0,0.00946307
166.0,1,50.0,15000.0,0.00934577
166.0,3,50.0,15000.0,0.00939577
500.0,0.33,50.0,15000.0,0.00938513
500.0,1,50.0,15000.0,0.00889805
500.0,3,50.0,15000.0,0.00905591
1500.0,0.33,50.0,3000.0,0.00950752
1500.0,1,50.0,3000.0,0.00747079
1500.0,3,50.0,3000.0,0.0112148
166.0,0.33,50.0,3000.0,0.00946707
166.0,1,50.0,3000.0,0.00986823
166.0,3,50.0,3000.0,0.00907855
500.0,0.33,50.0,3000.0,0.00931119
500.0,1,50.0,3000.0,0.00891867
500.0,3,50.0,3000.0,0.00739359
1500.0,0.33,50.0,5000.0,0.00902204
1500.0,1,50.0,5000.0,0.00786236
1500.0,3,50.0,5000.0,0.00322658
166.0,0.33,50.0,5000.0,0.00948931
166.0,1,50.0,5000.0,0.0095197
166.0,3,50.0,5000.0,0.00901154
500.0,0.33,50.0,5000.0,0.0095771
500.0,1,50.0,5000.0,0.00965596
500.0,3,50.0,5000.0,0.01045755
1500.0,0.33,50.0,50000.0,0.01025178
1500.0,1,50.0,50000.0,0.00738044
1500.0,3,50.0,50000.0,0.01083804
166.0,0.33,50.0,50000.0,0.00950524
166.0,1,50.0,50000.0,0.00933441
166.0,3,50.0,50000.0,0.00888492
500.0,0.33,50.0,50000.0,0.00983862
500.0,1,50.0,50000.0,0.00998402
500.0,3,50.0,50000.0,0.00972504
1500.0,0.33,5000.0,15000.0,0.00953601
1500.0,1,5000.0,15000.0,0.00834671
1500.0,3,5000.0,15000.0,0.00602946
166.0,0.33,5000.0,15000.0,0.00947326
166.0,1,5000.0,15000.0,0.00947311
166.0,3,5000.0,15000.0,0.00947378
500.0,0.33,5000.0,15000.0,0.00972765
500.0,1,5000.0,15000.0,0.01018208
500.0,3,5000.0,15000.0,0.0085422
1500.0,0.33,5000.0,3000.0,0.00962495
1500.0,1,5000.0,3000.0,0.00978619
1500.0,3,5000.0,3000.0,0.00885682
166.0,0.33,5000.0,3000.0,0.00953049
166.0,1,5000.0,3000.0,0.00933241
166.0,3,5000.0,3000.0,0.00888706
500.0,0.33,5000.0,3000.0,0.01001183
500.0,1,5000.0,3000.0,0.00956106
500.0,3,5000.0,3000.0,0.0103713
1500.0,0.33,5000.0,5000.0,0.00934878
1500.0,1,5000.0,5000.0,0.01455533
1500.0,3,5000.0,5000.0,0.01434287
166.0,0.33,5000.0,5000.0,0.00975988
166.0,1,5000.0,5000.0,0.00965064
166.0,3,5000.0,5000.0,0.00932642
500.0,0.33,5000.0,5000.0,0.00930582
500.0,1,5000.0,5000.0,0.00998123
500.0,3,5000.0,5000.0,0.00928606
1500.0,0.33,5000.0,50000.0,0.00970618
1500.0,1,5000.0,50000.0,0.00843098
1500.0,3,5000.0,50000.0,0.00556292
166.0,0.33,5000.0,50000.0,0.00964569
166.0,1,5000.0,50000.0,0.00974477
166.0,3,5000.0,50000.0,0.01011995
500.0,0.33,5000.0,50000.0,0.00952046
500.0,1,5000.0,50000.0,0.01026186
500.0,3,5000.0,50000.0,0.00807263
1500.0,0.33,50000.0,15000.0,0.00872884
1500.0,1,50000.0,15000.0,0.00619096
1500.0,3,50000.0,15000.0,0.01028173
166.0,0.33,50000.0,15000.0,0.00953953
166.0,1,50000.0,15000.0,0.0093894
166.0,3,50000.0,15000.0,0.0093615
500.0,0.33,50000.0,15000.0,0.01022531
500.0,1,50000.0,15000.0,0.00921708
500.0,3,50000.0,15000.0,0.00801219
1500.0,0.33,50000.0,3000.0,0.01040532
1500.0,1,50000.0,3000.0,0.00785646
1500.0,3,50000.0,3000.0,0.01876001
166.0,0.33,50000.0,3000.0,0.00973794
166.0,1,50000.0,3000.0,0.00933917
166.0,3,50000.0,3000.0,0.00930043
500.0,0.33,50000.0,3000.0,0.00946063
500.0,1,50000.0,3000.0,0.00868161
500.0,3,50000.0,3000.0,0.00874798
1500.0,0.33,50000.0,5000.0,0.00998938
1500.0,1,50000.0,5000.0,0.00924118
1500.0,3,50000.0,5000.0,0.01065658
166.0,0.33,50000.0,5000.0,0.00965059
166.0,1,50000.0,5000.0,0.00981491
166.0,3,50000.0,5000.0,0.00994586
500.0,0.33,50000.0,5000.0,0.0096399
500.0,1,50000.0,5000.0,0.00946195
500.0,3,50000.0,5000.0,0.00984458
1500.0,0.33,50000.0,50000.0,0.00947976
1500.0,1,50000.0,50000.0,0.01009012
1500.0,3,50000.0,50000.0,0.00263026
166.0,0.33,50000.0,50000.0,0.00957666
166.0,1,50000.0,50000.0,0.00935513
166.0,3,50000.0,50000.0,0.01050169
500.0,0.33,50000.0,50000.0,0.00969309
500.0,1,50000.0,50000.0,0.01133832
500.0,3,50000.0,50000.0,0.00715428
1500.0,0.33,75.0,15000.0,0.0095888
1500.0,1,75.0,15000.0,0.01027087
1500.0,3,75.0,15000.0,0.01454633
166.0,0.33,75.0,15000.0,0.00967857
166.0,1,75.0,15000.0,0.00963522
166.0,3,75.0,15000.0,0.01015565
500.0,0.33,75.0,15000.0,0.00957204
500.0,1,75.0,15000.0,0.00988741
500.0,3,75.0,15000.0,0.0090837
1500.0,0.33,75.0,3000.0,0.00966118
1500.0,1,75.0,3000.0,0.00963342
1500.0,3,75.0,3000.0,0.00739417
166.0,0.33,75.0,3000.0,0.00970281
166.0,1,75.0,3000.0,0.00925888
166.0,3,75.0,3000.0,0.00978884
500.0,0.33,75.0,3000.0,0.00958685
500.0,1,75.0,3000.0,0.00950007
500.0,3,75.0,3000.0,0.00962108
1500.0,0.33,75.0,5000.0,0.00915515
1500.0,1,75.0,5000.0,0.01044755
1500.0,3,75.0,5000.0,0.01860458
166.0,0.33,75.0,5000.0,0.00963753
166.0,1,75.0,5000.0,0.00975733
166.0,3,75.0,5000.0,0.01082567
500.0,0.33,75.0,5000.0,0.00985366
500.0,1,75.0,5000.0,0.00962271
500.0,3,75.0,5000.0,0.01098494
1500.0,0.33,75.0,50000.0,0.00935286
1500.0,1,75.0,50000.0,0.00925094
1500.0,3,75.0,50000.0,0.00767582
166.0,0.33,75.0,50000.0,0.00959541
166.0,1,75.0,50000.0,0.00944489
166.0,3,75.0,50000.0,0.00940814
500.0,0.33,75.0,50000.0,0.00971611
500.0,1,75.0,50000.0,0.00980697
500.0,3,75.0,50000.0,0.01061339
1500.0,0.33,1.0,0.1,0.44251782
1500.0,1,1.0,0.1,0.66824155
1500.0,3,1.0,0.1,0.0415361
166.0,0.33,1.0,0.1,0.09007358
166.0,1,1.0,0.1,0.22113418
166.0,3,1.0,0.1,0.03674503
500.0,0.33,1.0,0.1,0.219159
500.0,1,1.0,0.1,0.44610415
500.0,3,1.0,0.1,0.03408163
1500.0,0.33,1.0,0.2,0.45486087
1500.0,1,1.0,0.2,0.02748526
1500.0,3,1.0,0.2,0.02495884
166.0,0.33,1.0,0.2,0.09153068
166.0,1,1.0,0.2,0.02526476
166.0,3,1.0,0.2,0.023723
500.0,0.33,1.0,0.2,0.22343754
500.0,1,1.0,0.2,0.02642442
500.0,3,1.0,0.2,0.0205373
1500.0,0.33,1.0,0.3,0.43657185
1500.0,1,1.0,0.3,0.02244718
1500.0,3,1.0,0.3,0.01018879
166.0,0.33,1.0,0.3,0.08984424
166.0,1,1.0,0.3,0.01869367
166.0,3,1.0,0.3,0.01921017
500.0,0.33,1.0,0.3,0.22181907
500.0,1,1.0,0.3,0.01804723
500.0,3,1.0,0.3,0.02039476
1500.0,0.33,1.0,0.5,0.01759318
1500.0,1,1.0,0.5,0.01372629
1500.0,3,1.0,0.5,0.01217693
166.0,0.33,1.0,0.5,0.01668766
166.0,1,1.0,0.5,0.01394384
166.0,3,1.0,0.5,0.01575677
500.0,0.33,1.0,0.5,0.01744586
500.0,1,1.0,0.5,0.01345743
500.0,3,1.0,0.5,0.01807305
1500.0,0.33,1.0,0.75,0.01377021
1500.0,1,1.0,0.75,0.01024731
1500.0,3,1.0,0.75,0.01629388
166.0,0.33,1.0,0.75,0.01311779
166.0,1,1.0,0.75,0.01320576
166.0,3,1.0,0.75,0.01479212
500.0,0.33,1.0,0.75,0.01318468
500.0,1,1.0,0.75,0.01277768
500.0,3,1.0,0.75,0.01391116
1500.0,0.33,1.0,1.0,0.01256183
1500.0,1,1.0,1.0,0.01010713
1500.0,3,1.0,1.0,0.0174334
166.0,0.33,1.0,1.0,0.01199976
166.0,1,1.0,1.0,0.01221795
166.0,3,1.0,1.0,0.01296613
500.0,0.33,1.0,1.0,0.01187555
500.0,1,1.0,1.0,0.01184644
500.0,3,1.0,1.0,0.0134852
1500.0,0.33,1.0,1.25,0.01087186
1500.0,1,1.0,1.25,0.00995049
1500.0,3,1.0,1.25,0.0168741
166.0,0.33,1.0,1.25,0.01158375
166.0,1,1.0,1.25,0.01134364
166.0,3,1.0,1.25,0.01280624
500.0,0.33,1.0,1.25,0.01170635
500.0,1,1.0,1.25,0.01122292
500.0,3,1.0,1.25,0.01195177
1500.0,0.33,1.0,1.5,0.01024995
1500.0,1,1.0,1.5,0.01183597
1500.0,3,1.0,1.5,0.00545437
166.0,0.33,1.0,1.5,0.01082771
166.0,1,1.0,1.5,0.01087581
166.0,3,1.0,1.5,0.01305578
500.0,0.33,1.0,1.5,0.01122644
500.0,1,1.0,1.5,0.01153034
500.0,3,1.0,1.5,0.0137223
1500.0,0.33,1.0,10.0,0.00970673
1500.0,1,1.0,10.0,0.00853725
1500.0,3,1.0,10.0,0.0097381
166.0,0.33,1.0,10.0,0.00987999
166.0,1,1.0,10.0,0.01026263
166.0,3,1.0,10.0,0.01102266
500.0,0.33,1.0,10.0,0.00963874
500.0,1,1.0,10.0,0.00995922
500.0,3,1.0,10.0,0.01018292
1500.0,0.33,1.0,15.0,0.00993144
1500.0,1,1.0,15.0,0.01219207
1500.0,3,1.0,15.0,0.00705334
166.0,0.33,1.0,15.0,0.00969291
166.0,1,1.0,15.0,0.00972668
166.0,3,1.0,15.0,0.01051606
500.0,0.33,1.0,15.0,0.00978983
500.0,1,1.0,15.0,0.00973331
500.0,3,1.0,15.0,0.01089396
1500.0,0.33,1.0,150.0,0.00967187
1500.0,1,1.0,150.0,0.00993208
1500.0,3,1.0,150.0,0.01492676
166.0,0.33,1.0,150.0,0.00965561
166.0,1,1.0,150.0,0.0095964
166.0,3,1.0,150.0,0.00916987
500.0,0.33,1.0,150.0,0.00956963
500.0,1,1.0,150.0,0.00954848
500.0,3,1.0,150.0,0.00828686
1500.0,0.33,1.0,3.0,0.01068709
1500.0,1,1.0,3.0,0.00963408
1500.0,3,1.0,3.0,0.02592878
166.0,0.33,1.0,3.0,0.01020319
166.0,1,1.0,3.0,0.01086847
166.0,3,1.0,3.0,0.01195306
500.0,0.33,1.0,3.0,0.01001638
500.0,1,1.0,3.0,0.01005168
500.0,3,1.0,3.0,0.01149054
1500.0,0.33,1.0,30.0,0.00925977
1500.0,1,1.0,30.0,0.01027057
1500.0,3,1.0,30.0,0.01681174
166.0,0.33,1.0,30.0,0.0097494
166.0,1,1.0,30.0,0.0094899
166.0,3,1.0,30.0,0.00986676
500.0,0.33,1.0,30.0,0.00957117
500.0,1,1.0,30.0,0.01028233
500.0,3,1.0,30.0,0.01120177
1500.0,0.33,10.0,0.1,0.43813754
1500.0,1,10.0,0.1,0.65741749
1500.0,3,10.0,0.1,0.19296225
166.0,0.33,10.0,0.1,0.09094819
166.0,1,10.0,0.1,0.22066873
166.0,3,10.0,0.1,0.18721847
500.0,0.33,10.0,0.1,0.22230566
500.0,1,10.0,0.1,0.44049771
500.0,3,10.0,0.1,0.20525129
1500.0,0.33,10.0,0.2,0.4476067
1500.0,1,10.0,0.2,0.14464178
1500.0,3,10.0,0.2,0.11014181
166.0,0.33,10.0,0.2,0.09036289
166.0,1,10.0,0.2,0.1067458
166.0,3,10.0,0.2,0.11711264
500.0,0.33,10.0,0.2,0.22298269
500.0,1,10.0,0.2,0.13715508
500.0,3,10.0,0.2,0.11368358
1500.0,0.33,10.0,0.3,0.43979425
1500.0,1,10.0,0.3,0.10031443
1500.0,3,10.0,0.3,0.08631462
166.0,0.33,10.0,0.3,0.08900822
166.0,1,10.0,0.3,0.07564754
166.0,3,10.0,0.3,0.09075488
500.0,0.33,10.0,0.3,0.21946823
500.0,1,10.0,0.3,0.08662755
500.0,3,10.0,0.3,0.09869847
1500.0,0.33,10.0,0.5,0.08095204
1500.0,1,10.0,0.5,0.05081208
1500.0,3,10.0,0.5,0.06911416
166.0,0.33,10.0,0.5,0.05009597
166.0,1,10.0,0.5,0.05245707
166.0,3,10.0,0.5,0.07586312
500.0,0.33,10.0,0.5,0.06956954
500.0,1,10.0,0.5,0.05827115
500.0,3,10.0,0.5,0.0804737
1500.0,0.33,10.0,0.75,0.04374701
1500.0,1,10.0,0.75,0.04584713
1500.0,3,10.0,0.75,0.06056355
166.0,0.33,10.0,0.75,0.03642319
166.0,1,10.0,0.75,0.04293567
166.0,3,10.0,0.75,0.0656357
500.0,0.33,10.0,0.75,0.04432978
500.0,1,10.0,0.75,0.04294171
500.0,3,10.0,0.75,0.06697072
1500.0,0.33,10.0,1.0,0.03734953
1500.0,1,10.0,1.0,0.03716708
1500.0,3,10.0,1.0,0.05674194
166.0,0.33,10.0,1.0,0.02933728
166.0,1,10.0,1.0,0.03640835
166.0,3,10.0,1.0,0.06163327
500.0,0.33,10.0,1.0,0.033794
500.0,1,10.0,1.0,0.03786673
500.0,3,10.0,1.0,0.05652849
1500.0,0.33,10.0,1.25,0.02997332
1500.0,1,10.0,1.25,0.03192358
1500.0,3,10.0,1.25,0.0557928
166.0,0.33,10.0,1.25,0.02593947
166.0,1,10.0,1.25,0.0337207
166.0,3,10.0,1.25,0.05524995
500.0,0.33,10.0,1.25,0.02908387
500.0,1,10.0,1.25,0.03428469
500.0,3,10.0,1.25,0.05692844
1500.0,0.33,10.0,1.5,0.02785151
1500.0,1,10.0,1.5,0.03558966
1500.0,3,10.0,1.5,0.04768312
166.0,0.33,10.0,1.5,0.0238179
166.0,1,10.0,1.5,0.03168534
166.0,3,10.0,1.5,0.05407313
500.0,0.33,10.0,1.5,0.02560018
500.0,1,10.0,1.5,0.03271505
500.0,3,10.0,1.5,0.05352032
1500.0,0.33,10.0,10.0,0.0125583
1500.0,1,10.0,10.0,0.0176243
1500.0,3,10.0,10.0,0.03171267
166.0,0.33,10.0,10.0,0.01339452
166.0,1,10.0,10.0,0.0188778
166.0,3,10.0,10.0,0.0322891
500.0,0.33,10.0,10.0,0.0130765
500.0,1,10.0,10.0,0.01871613
500.0,3,10.0,10.0,0.03497719
1500.0,0.33,10.0,15.0,0.01283199
1500.0,1,10.0,15.0,0.01382358
1500.0,3,10.0,15.0,0.02016793
166.0,0.33,10.0,15.0,0.01239019
166.0,1,10.0,15.0,0.01635108
166.0,3,10.0,15.0,0.02676272
500.0,0.33,10.0,15.0,0.01289001
500.0,1,10.0,15.0,0.01761446
500.0,3,10.0,15.0,0.03480839
1500.0,0.33,10.0,150.0,0.00963255
1500.0,1,10.0,150.0,0.01133339
1500.0,3,10.0,150.0,0.01409119
166.0,0.33,10.0,150.0,0.00992229
166.0,1,10.0,150.0,0.01076089
166.0,3,10.0,150.0,0.01309748
500.0,0.33,10.0,150.0,0.01010792
500.0,1,10.0,150.0,0.01017205
500.0,3,10.0,150.0,0.01260642
1500.0,0.33,10.0,3.0,0.0197698
1500.0,1,10.0,3.0,0.02668951
1500.0,3,10.0,3.0,0.0396171
166.0,0.33,10.0,3.0,0.01822086
166.0,1,10.0,3.0,0.0255815
166.0,3,10.0,3.0,0.04741913
500.0,0.33,10.0,3.0,0.01917774
500.0,1,10.0,3.0,0.02601345
500.0,3,10.0,3.0,0.05114705
1500.0,0.33,10.0,30.0,0.01147573
1500.0,1,10.0,30.0,0.01395334
1500.0,3,10.0,30.0,0.01018112
166.0,0.33,10.0,30.0,0.01111525
166.0,1,10.0,30.0,0.0135568
166.0,3,10.0,30.0,0.0195682
500.0,0.33,10.0,30.0,0.01130134
500.0,1,10.0,30.0,0.01327886
500.0,3,10.0,30.0,0.02502629
1500.0,0.33,10.0,50.0,0.0093275
1500.0,1,10.0,50.0,0.01242182
1500.0,3,10.0,50.0,0.01079817
166.0,0.33,10.0,50.0,0.01085951
166.0,1,10.0,50.0,0.01208942
166.0,3,10.0,50.0,0.01745166
500.0,0.33,10.0,50.0,0.01079536
500.0,1,10.0,50.0,0.01233211
500.0,3,10.0,50.0,0.01800274
1500.0,0.33,100.0,0.1,0.44754532
1500.0,1,100.0,0.1,0.66598822
1500.0,3,100.0,0.1,0.5779183
166.0,0.33,100.0,0.1,0.08930915
166.0,1,100.0,0.1,0.22263175
166.0,3,100.0,0.1,0.39425559
500.0,0.33,100.0,0.1,0.219722
500.0,1,100.0,0.1,0.44365964
500.0,3,100.0,0.1,0.54307714
1500.0,0.33,100.0,0.2,0.44425956
1500.0,1,100.0,0.2,0.47864979
1500.0,3,100.0,0.2,0.50388953
166.0,0.33,100.0,0.2,0.08966824
166.0,1,100.0,0.2,0.20052423
166.0,3,100.0,0.2,0.34295422
500.0,0.33,100.0,0.2,0.22801897
500.0,1,100.0,0.2,0.35731438
500.0,3,100.0,0.2,0.4623534
1500.0,0.33,100.0,0.3,0.44265364
1500.0,1,100.0,0.3,0.39583034
1500.0,3,100.0,0.3,0.41199224
166.0,0.33,100.0,0.3,0.09048008
166.0,1,100.0,0.3,0.18358652
166.0,3,100.0,0.3,0.32171829
500.0,0.33,100.0,0.3,0.22059564
500.0,1,100.0,0.3,0.31435469
500.0,3,100.0,0.3,0.42603716
1500.0,0.33,100.0,0.5,0.30631231
1500.0,1,100.0,0.5,0.30680005
1500.0,3,100.0,0.5,0.38696435
166.0,0.33,100.0,0.5,0.08417501
166.0,1,100.0,0.5,0.16855647
166.0,3,100.0,0.5,0.29502967
500.0,0.33,100.0,0.5,0.18202833
500.0,1,100.0,0.5,0.25937606
500.0,3,100.0,0.5,0.36962755
1500.0,0.33,100.0,0.75,0.22506524
1500.0,1,100.0,0.75,0.25745785
1500.0,3,100.0,0.75,0.32659026
166.0,0.33,100.0,0.75,0.07717495
166.0,1,100.0,0.75,0.15332075
166.0,3,100.0,0.75,0.27573758
500.0,0.33,100.0,0.75,0.14850651
500.0,1,100.0,0.75,0.21596299
500.0,3,100.0,0.75,0.34832134
1500.0,0.33,100.0,1.0,0.18279777
1500.0,1,100.0,1.0,0.21863423
1500.0,3,100.0,1.0,0.31367948
166.0,0.33,100.0,1.0,0.07221853
166.0,1,100.0,1.0,0.13974747
166.0,3,100.0,1.0,0.26662015
500.0,0.33,100.0,1.0,0.13188979
500.0,1,100.0,1.0,0.19913286
500.0,3,100.0,1.0,0.3047297
1500.0,0.33,100.0,1.25,0.15272328
1500.0,1,100.0,1.25,0.19440944
1500.0,3,100.0,1.25,0.27648112
166.0,0.33,100.0,1.25,0.06701134
166.0,1,100.0,1.25,0.13462541
166.0,3,100.0,1.25,0.2640528
500.0,0.33,100.0,1.25,0.11868458
500.0,1,100.0,1.25,0.18601284
500.0,3,100.0,1.25,0.313035
1500.0,0.33,100.0,1.5,0.13537497
1500.0,1,100.0,1.5,0.19202676
1500.0,3,100.0,1.5,0.32313206
166.0,0.33,100.0,1.5,0.06523656
166.0,1,100.0,1.5,0.12971415
166.0,3,100.0,1.5,0.25712138
500.0,0.33,100.0,1.5,0.10963056
500.0,1,100.0,1.5,0.17663698
500.0,3,100.0,1.5,0.30607542
1500.0,0.33,100.0,10.0,0.0655652
1500.0,1,100.0,10.0,0.13043402
1500.0,3,100.0,10.0,0.27391736
166.0,0.33,100.0,10.0,0.04391596
166.0,1,100.0,10.0,0.09773879
166.0,3,100.0,10.0,0.22024161
500.0,0.33,100.0,10.0,0.05778907
500.0,1,100.0,10.0,0.12574726
500.0,3,100.0,10.0,0.25198619
1500.0,0.33,100.0,15.0,0.06041584
1500.0,1,100.0,15.0,0.11923979
1500.0,3,100.0,15.0,0.22087146
166.0,0.33,100.0,15.0,0.04024682
166.0,1,100.0,15.0,0.09211416
166.0,3,100.0,15.0,0.21322744
500.0,0.33,100.0,15.0,0.05159081
500.0,1,100.0,15.0,0.11520708
500.0,3,100.0,15.0,0.2489829
1500.0,0.33,100.0,150.0,0.02891373
1500.0,1,100.0,150.0,0.06352578
1500.0,3,100.0,150.0,0.12712999
166.0,0.33,100.0,150.0,0.02248258
166.0,1,100.0,150.0,0.04615862
166.0,3,100.0,150.0,0.10684325
500.0,0.33,100.0,150.0,0.02677704
500.0,1,100.0,150.0,0.05958482
500.0,3,100.0,150.0,0.13138284
1500.0,0.33,100.0,3.0,0.09707592
1500.0,1,100.0,3.0,0.16777912
1500.0,3,100.0,3.0,0.28523788
166.0,0.33,100.0,3.0,0.05539716
166.0,1,100.0,3.0,0.1132489
166.0,3,100.0,3.0,0.23707237
500.0,0.33,100.0,3.0,0.08081506
500.0,1,100.0,3.0,0.14818888
500.0,3,100.0,3.0,0.30199425
1500.0,0.33,100.0,30.0,0.04767157
1500.0,1,100.0,30.0,0.10919188
1500.0,3,100.0,30.0,0.22797826
166.0,0.33,100.0,30.0,0.03598196
166.0,1,100.0,30.0,0.08071138
166.0,3,100.0,30.0,0.1889908
500.0,0.33,100.0,30.0,0.04457274
500.0,1,100.0,30.0,0.1008578
500.0,3,100.0,30.0,0.22681557
1500.0,0.33,100.0,50.0,0.04543953
1500.0,1,100.0,50.0,0.09702366
1500.0,3,100.0,50.0,0.20708231
166.0,0.33,100.0,50.0,0.03207402
166.0,1,100.0,50.0,0.07145487
166.0,3,100.0,50.0,0.16878275
500.0,0.33,100.0,50.0,0.03923723
500.0,1,100.0,50.0,0.08928363
500.0,3,100.0,50.0,0.19784894
1500.0,0.33,12.5,0.1,0.44873575
1500.0,1,12.5,0.1,0.65764616
1500.0,3,12.5,0.1,0.20673792
166.0,0.33,12.5,0.1,0.08991665
166.0,1,12.5,0.1,0.22087747
166.0,3,12.5,0.1,0.2019137
500.0,0.33,12.5,0.1,0.2227141
500.0,1,12.5,0.1,0.44054497
500.0,3,12.5,0.1,0.22931134
1500.0,0.33,12.5,0.2,0.44072502
1500.0,1,12.5,0.2,0.17591204
1500.0,3,12.5,0.2,0.10925549
166.0,0.33,12.5,0.2,0.089878
166.0,1,12.5,0.2,0.11855223
166.0,3,12.5,0.2,0.13854703
500.0,0.33,12.5,0.2,0.22247037
500.0,1,12.5,0.2,0.156206
500.0,3,12.5,0.2,0.13435563
1500.0,0.33,12.5,0.3,0.43919826
1500.0,1,12.5,0.3,0.10969529
1500.0,3,12.5,0.3,0.09004367
166.0,0.33,12.5,0.3,0.09204572
166.0,1,12.5,0.3,0.08713242
166.0,3,12.5,0.3,0.11164578
500.0,0.33,12.5,0.3,0.22669427
500.0,1,12.5,0.3,0.10151058
500.0,3,12.5,0.3,0.1081877
1500.0,0.33,12.5,0.5,0.09983274
1500.0,1,12.5,0.5,0.06545831
1500.0,3,12.5,0.5,0.0886347
166.0,0.33,12.5,0.5,0.05533421
166.0,1,12.5,0.5,0.06225718
166.0,3,12.5,0.5,0.0892837
500.0,0.33,12.5,0.5,0.08024344
500.0,1,12.5,0.5,0.069791
500.0,3,12.5,0.5,0.0989449
1500.0,0.33,12.5,0.75,0.05605077
1500.0,1,12.5,0.75,0.05143658
1500.0,3,12.5,0.75,0.06791597
166.0,0.33,12.5,0.75,0.04070748
166.0,1,12.5,0.75,0.04973677
166.0,3,12.5,0.75,0.07738242
500.0,0.33,12.5,0.75,0.05134301
500.0,1,12.5,0.75,0.05259712
500.0,3,12.5,0.75,0.07549432
1500.0,0.33,12.5,1.0,0.04333518
1500.0,1,12.5,1.0,0.04238622
1500.0,3,12.5,1.0,0.0625199
166.0,0.33,12.5,1.0,0.03310254
166.0,1,12.5,1.0,0.04318127
166.0,3,12.5,1.0,0.07432845
500.0,0.33,12.5,1.0,0.03932729
500.0,1,12.5,1.0,0.04696743
500.0,3,12.5,1.0,0.07148689
1500.0,0.33,12.5,1.25,0.03394724
1500.0,1,12.5,1.25,0.04431073
1500.0,3,12.5,1.25,0.05417001
166.0,0.33,12.5,1.25,0.02922742
166.0,1,12.5,1.25,0.03896882
166.0,3,12.5,1.25,0.0685678
500.0,0.33,12.5,1.25,0.03313333
500.0,1,12.5,1.25,0.04036303
500.0,3,12.5,1.25,0.07245498
1500.0,0.33,12.5,1.5,0.03049362
1500.0,1,12.5,1.5,0.03568224
1500.0,3,12.5,1.5,0.05768806
166.0,0.33,12.5,1.5,0.02673508
166.0,1,12.5,1.5,0.03675022
166.0,3,12.5,1.5,0.06598307
500.0,0.33,12.5,1.5,0.02903707
500.0,1,12.5,1.5,0.03781364
500.0,3,12.5,1.5,0.06477775
1500.0,0.33,12.5,10.0,0.01553423
1500.0,1,12.5,10.0,0.01980907
1500.0,3,12.5,10.0,0.04064177
166.0,0.33,12.5,10.0,0.01466928
166.0,1,12.5,10.0,0.02092993
166.0,3,12.5,10.0,0.0420861
500.0,0.33,12.5,10.0,0.0149506
500.0,1,12.5,10.0,0.02206605
500.0,3,12.5,10.0,0.04168062
1500.0,0.33,12.5,15.0,0.0121732
1500.0,1,12.5,15.0,0.01985703
1500.0,3,12.5,15.0,0.02274321
166.0,0.33,12.5,15.0,0.01338605
166.0,1,12.5,15.0,0.01906115
166.0,3,12.5,15.0,0.03476197
500.0,0.33,12.5,15.0,0.01420813
500.0,1,12.5,15.0,0.01910887
500.0,3,12.5,15.0,0.03445813
1500.0,0.33,12.5,150.0,0.01059712
1500.0,1,12.5,150.0,0.0089672
1500.0,3,12.5,150.0,0.00948943
166.0,0.33,12.5,150.0,0.01014847
166.0,1,12.5,150.0,0.01112399
166.0,3,12.5,150.0,0.01328425
500.0,0.33,12.5,150.0,0.00991479
500.0,1,12.5,150.0,0.01076464
500.0,3,12.5,150.0,0.01521913
1500.0,0.33,12.5,3.0,0.02040491
1500.0,1,12.5,3.0,0.02733906
1500.0,3,12.5,3.0,0.04867273
166.0,0.33,12.5,3.0,0.02028869
166.0,1,12.5,3.0,0.02926715
166.0,3,12.5,3.0,0.05755608
500.0,0.33,12.5,3.0,0.0208499
500.0,1,12.5,3.0,0.02945591
500.0,3,12.5,3.0,0.05973195
1500.0,0.33,12.5,30.0,0.01215079
1500.0,1,12.5,30.0,0.01677955
1500.0,3,12.5,30.0,0.02514761
166.0,0.33,12.5,30.0,0.01173513
166.0,1,12.5,30.0,0.01482146
166.0,3,12.5,30.0,0.02304769
500.0,0.33,12.5,30.0,0.0121394
500.0,1,12.5,30.0,0.01526097
500.0,3,12.5,30.0,0.02338503
1500.0,0.33,12.5,50.0,0.01077027
1500.0,1,12.5,50.0,0.01572679
1500.0,3,12.5,50.0,0.03092817
166.0,0.33,12.5,50.0,0.01121052
166.0,1,12.5,50.0,0.01344603
166.0,3,12.5,50.0,0.01906647
500.0,0.33,12.5,50.0,0.01131273
500.0,1,12.5,50.0,0.01287754
500.0,3,12.5,50.0,0.02247327
1500.0,0.33,15.0,0.1,0.4433878
1500.0,1,15.0,0.1,0.65775417
1500.0,3,15.0,0.1,0.24266107
166.0,0.33,15.0,0.1,0.09084654
166.0,1,15.0,0.1,0.22416344
166.0,3,15.0,0.1,0.22718037
500.0,0.33,15.0,0.1,0.21888072
500.0,1,15.0,0.1,0.44268528
500.0,3,15.0,0.1,0.26083157
1500.0,0.33,15.0,0.2,0.43940952
1500.0,1,15.0,0.2,0.18597939
1500.0,3,15.0,0.2,0.14611123
166.0,0.33,15.0,0.2,0.09032887
166.0,1,15.0,0.2,0.12661893
166.0,3,15.0,0.2,0.15469419
500.0,0.33,15.0,0.2,0.22472958
500.0,1,15.0,0.2,0.16743675
500.0,3,15.0,0.2,0.17145086
1500.0,0.33,15.0,0.3,0.44473238
1500.0,1,15.0,0.3,0.12126363
1500.0,3,15.0,0.3,0.12721525
166.0,0.33,15.0,0.3,0.09025098
166.0,1,15.0,0.3,0.09272686
166.0,3,15.0,0.3,0.12805028
500.0,0.33,15.0,0.3,0.22153898
500.0,1,15.0,0.3,0.11613982
500.0,3,15.0,0.3,0.12638763
1500.0,0.33,15.0,0.5,0.10808377
1500.0,1,15.0,0.5,0.0812944
1500.0,3,15.0,0.5,0.09794029
166.0,0.33,15.0,0.5,0.05937397
166.0,1,15.0,0.5,0.06931606
166.0,3,15.0,0.5,0.10374005
500.0,0.33,15.0,0.5,0.09116647
500.0,1,15.0,0.5,0.0768236
500.0,3,15.0,0.5,0.10978776
1500.0,0.33,15.0,0.75,0.06173102
1500.0,1,15.0,0.75,0.060438
1500.0,3,15.0,0.75,0.05695459
166.0,0.33,15.0,0.75,0.04320073
166.0,1,15.0,0.75,0.05542825
166.0,3,15.0,0.75,0.08910476
500.0,0.33,15.0,0.75,0.05733116
500.0,1,15.0,0.75,0.05996167
500.0,3,15.0,0.75,0.08945731
1500.0,0.33,15.0,1.0,0.04759432
1500.0,1,15.0,1.0,0.06148695
1500.0,3,15.0,1.0,0.07445261
166.0,0.33,15.0,1.0,0.03730763
166.0,1,15.0,1.0,0.04895193
166.0,3,15.0,1.0,0.08403388
500.0,0.33,15.0,1.0,0.04419089
500.0,1,15.0,1.0,0.0542552
500.0,3,15.0,1.0,0.08824181
1500.0,0.33,15.0,1.25,0.03981052
1500.0,1,15.0,1.25,0.05548432
1500.0,3,15.0,1.25,0.07492238
166.0,0.33,15.0,1.25,0.03225028
166.0,1,15.0,1.25,0.04449961
166.0,3,15.0,1.25,0.07773562
500.0,0.33,15.0,1.25,0.03713976
500.0,1,15.0,1.25,0.05061137
500.0,3,15.0,1.25,0.07539381
1500.0,0.33,15.0,1.5,0.03400594
1500.0,1,15.0,1.5,0.04277983
1500.0,3,15.0,1.5,0.06073837
166.0,0.33,15.0,1.5,0.02939171
166.0,1,15.0,1.5,0.04259745
166.0,3,15.0,1.5,0.07640047
500.0,0.33,15.0,1.5,0.03327379
500.0,1,15.0,1.5,0.04538407
500.0,3,15.0,1.5,0.07572034
1500.0,0.33,15.0,10.0,0.01528477
1500.0,1,15.0,10.0,0.02311249
1500.0,3,15.0,10.0,0.04973437
166.0,0.33,15.0,10.0,0.01579595
166.0,1,15.0,10.0,0.02458819
166.0,3,15.0,10.0,0.04733314
500.0,0.33,15.0,10.0,0.01595466
500.0,1,15.0,10.0,0.02576129
500.0,3,15.0,10.0,0.0427921
1500.0,0.33,15.0,15.0,0.01524132
1500.0,1,15.0,15.0,0.02153299
1500.0,3,15.0,15.0,0.04065496
166.0,0.33,15.0,15.0,0.01454966
166.0,1,15.0,15.0,0.02151714
166.0,3,15.0,15.0,0.04116491
500.0,0.33,15.0,15.0,0.01456421
500.0,1,15.0,15.0,0.02422906
500.0,3,15.0,15.0,0.03770227
1500.0,0.33,15.0,150.0,0.00984378
1500.0,1,15.0,150.0,0.01217397
1500.0,3,15.0,150.0,0.01186796
166.0,0.33,15.0,150.0,0.01037071
166.0,1,15.0,150.0,0.0113641
166.0,3,15.0,150.0,0.01454605
500.0,0.33,15.0,150.0,0.01058758
500.0,1,15.0,150.0,0.01166326
500.0,3,15.0,150.0,0.01766059
1500.0,0.33,15.0,3.0,0.02425627
1500.0,1,15.0,3.0,0.03498391
1500.0,3,15.0,3.0,0.05155323
166.0,0.33,15.0,3.0,0.02203322
166.0,1,15.0,3.0,0.03372713
166.0,3,15.0,3.0,0.0666175
500.0,0.33,15.0,3.0,0.0234261
500.0,1,15.0,3.0,0.03673531
500.0,3,15.0,3.0,0.06197314
1500.0,0.33,15.0,30.0,0.01415508
1500.0,1,15.0,30.0,0.01951185
1500.0,3,15.0,30.0,0.02237006
166.0,0.33,15.0,30.0,0.01253124
166.0,1,15.0,30.0,0.01743475
166.0,3,15.0,30.0,0.03051941
500.0,0.33,15.0,30.0,0.01319915
500.0,1,15.0,30.0,0.01695276
500.0,3,15.0,30.0,0.02729653
1500.0,0.33,15.0,50.0,0.01271623
1500.0,1,15.0,50.0,0.01367484
1500.0,3,15.0,50.0,0.02372166
166.0,0.33,15.0,50.0,0.01157069
166.0,1,15.0,50.0,0.01495688
166.0,3,15.0,50.0,0.02378002
500.0,0.33,15.0,50.0,0.01196482
500.0,1,15.0,50.0,0.01533698
500.0,3,15.0,50.0,0.02756982
1500.0,0.33,150.0,0.1,0.44971903
1500.0,1,150.0,0.1,0.67216187
1500.0,3,150.0,0.1,0.67678367
166.0,0.33,150.0,0.1,0.09005875
166.0,1,150.0,0.1,0.22169214
166.0,3,150.0,0.1,0.40419912
500.0,0.33,150.0,0.1,0.22513906
500.0,1,150.0,0.1,0.4424379
500.0,3,150.0,0.1,0.58666215
1500.0,0.33,150.0,0.2,0.44972762
1500.0,1,150.0,0.2,0.54382336
1500.0,3,150.0,0.2,0.57662016
166.0,0.33,150.0,0.2,0.09140036
166.0,1,150.0,0.2,0.20918363
166.0,3,150.0,0.2,0.37591387
500.0,0.33,150.0,0.2,0.2225921
500.0,1,150.0,0.2,0.38884271
500.0,3,150.0,0.2,0.51992054
1500.0,0.33,150.0,0.3,0.4448735
1500.0,1,150.0,0.3,0.46980474
1500.0,3,150.0,0.3,0.50208565
166.0,0.33,150.0,0.3,0.08976316
166.0,1,150.0,0.3,0.19450017
166.0,3,150.0,0.3,0.35356066
500.0,0.33,150.0,0.3,0.22252074
500.0,1,150.0,0.3,0.34163994
500.0,3,150.0,0.3,0.48799724
1500.0,0.33,150.0,0.5,0.33858279
1500.0,1,150.0,0.5,0.38862537
1500.0,3,150.0,0.5,0.46910094
166.0,0.33,150.0,0.5,0.08617404
166.0,1,150.0,0.5,0.1816239
166.0,3,150.0,0.5,0.33417952
500.0,0.33,150.0,0.5,0.19270476
500.0,1,150.0,0.5,0.29725328
500.0,3,150.0,0.5,0.42814098
1500.0,0.33,150.0,0.75,0.26913734
1500.0,1,150.0,0.75,0.31215455
1500.0,3,150.0,0.75,0.42365489
166.0,0.33,150.0,0.75,0.07975924
166.0,1,150.0,0.75,0.17017738
166.0,3,150.0,0.75,0.31670013
500.0,0.33,150.0,0.75,0.16604714
500.0,1,150.0,0.75,0.26371939
500.0,3,150.0,0.75,0.40697502
1500.0,0.33,150.0,1.0,0.22171842
1500.0,1,150.0,1.0,0.28874846
1500.0,3,150.0,1.0,0.38008108
166.0,0.33,150.0,1.0,0.07764918
166.0,1,150.0,1.0,0.1603403
166.0,3,150.0,1.0,0.30747084
500.0,0.33,150.0,1.0,0.15134952
500.0,1,150.0,1.0,0.24030504
500.0,3,150.0,1.0,0.38896614
1500.0,0.33,150.0,1.25,0.19896108
1500.0,1,150.0,1.25,0.26787757
1500.0,3,150.0,1.25,0.38815475
166.0,0.33,150.0,1.25,0.07425006
166.0,1,150.0,1.25,0.15567048
166.0,3,150.0,1.25,0.30220528
500.0,0.33,150.0,1.25,0.14110229
500.0,1,150.0,1.25,0.22994251
500.0,3,150.0,1.25,0.37934055
1500.0,0.33,150.0,1.5,0.18028534
1500.0,1,150.0,1.5,0.25687653
1500.0,3,150.0,1.5,0.37872662
166.0,0.33,150.0,1.5,0.07238396
166.0,1,150.0,1.5,0.15310399
166.0,3,150.0,1.5,0.29877565
500.0,0.33,150.0,1.5,0.13266635
500.0,1,150.0,1.5,0.219097
500.0,3,150.0,1.5,0.3734729
1500.0,0.33,150.0,10.0,0.08668377
1500.0,1,150.0,10.0,0.17595758
1500.0,3,150.0,10.0,0.31475947
166.0,0.33,150.0,10.0,0.0518405
166.0,1,150.0,10.0,0.11865341
166.0,3,150.0,10.0,0.2677252
500.0,0.33,150.0,10.0,0.07567991
500.0,1,150.0,10.0,0.16409943
500.0,3,150.0,10.0,0.32347986
1500.0,0.33,150.0,15.0,0.07961851
1500.0,1,150.0,15.0,0.17137288
1500.0,3,150.0,15.0,0.33243618
166.0,0.33,150.0,15.0,0.04956158
166.0,1,150.0,15.0,0.1160511
166.0,3,150.0,15.0,0.26401204
500.0,0.33,150.0,15.0,0.06921104
500.0,1,150.0,15.0,0.15548144
500.0,3,150.0,15.0,0.3153536
1500.0,0.33,150.0,150.0,0.0464812
1500.0,1,150.0,150.0,0.10697927
1500.0,3,150.0,150.0,0.22970892
166.0,0.33,150.0,150.0,0.02966948
166.0,1,150.0,150.0,0.06589846
166.0,3,150.0,150.0,0.16326327
500.0,0.33,150.0,150.0,0.03879942
500.0,1,150.0,150.0,0.08778925
500.0,3,150.0,150.0,0.19356802
1500.0,0.33,150.0,3.0,0.13108925
1500.0,1,150.0,3.0,0.1995238
1500.0,3,150.0,3.0,0.34784245
166.0,0.33,150.0,3.0,0.06392821
166.0,1,150.0,3.0,0.13383361
166.0,3,150.0,3.0,0.28037865
500.0,0.33,150.0,3.0,0.10264286
500.0,1,150.0,3.0,0.19114769
500.0,3,150.0,3.0,0.35327302
1500.0,0.33,150.0,30.0,0.0669594
1500.0,1,150.0,30.0,0.15609012
1500.0,3,150.0,30.0,0.30235165
166.0,0.33,150.0,30.0,0.04455319
166.0,1,150.0,30.0,0.10486002
166.0,3,150.0,30.0,0.23156576
500.0,0.33,150.0,30.0,0.06156321
500.0,1,150.0,30.0,0.14102512
500.0,3,150.0,30.0,0.30450909
1500.0,0.33,150.0,50.0,0.06179318
1500.0,1,150.0,50.0,0.139145
1500.0,3,150.0,50.0,0.28806803
166.0,0.33,150.0,50.0,0.04058153
166.0,1,150.0,50.0,0.09466813
166.0,3,150.0,50.0,0.22448672
500.0,0.33,150.0,50.0,0.05591624
500.0,1,150.0,50.0,0.12845774
500.0,3,150.0,50.0,0.28080819
1500.0,0.33,1500.0,0.1,0.45369435
1500.0,1,1500.0,0.1,0.6682242
1500.0,3,1500.0,0.1,0.79246965
166.0,0.33,1500.0,0.1,0.08984705
166.0,1,1500.0,0.1,0.22596975
166.0,3,1500.0,0.1,0.43501004
500.0,0.33,1500.0,0.1,0.22333692
500.0,1,1500.0,0.1,0.44182828
500.0,3,1500.0,0.1,0.65616337
1500.0,0.33,1500.0,0.2,0.44179872
1500.0,1,1500.0,0.2,0.64156851
1500.0,3,1500.0,0.2,0.74545035
166.0,0.33,1500.0,0.2,0.09066183
166.0,1,1500.0,0.2,0.2226673
166.0,3,1500.0,0.2,0.43998363
500.0,0.33,1500.0,0.2,0.22167878
500.0,1,1500.0,0.2,0.43921266
500.0,3,1500.0,0.2,0.64076385
1500.0,0.33,1500.0,0.3,0.43991416
1500.0,1,1500.0,0.3,0.64096455
1500.0,3,1500.0,0.3,0.77287117
166.0,0.33,1500.0,0.3,0.09181411
166.0,1,1500.0,0.3,0.21861199
166.0,3,1500.0,0.3,0.42669817
500.0,0.33,1500.0,0.3,0.22178462
500.0,1,1500.0,0.3,0.42538444
500.0,3,1500.0,0.3,0.64202144
1500.0,0.33,1500.0,0.5,0.43239443
1500.0,1,1500.0,0.5,0.60536482
1500.0,3,1500.0,0.5,0.74867139
166.0,0.33,1500.0,0.5,0.09101756
166.0,1,1500.0,0.5,0.21761089
166.0,3,1500.0,0.5,0.42314414
500.0,0.33,1500.0,0.5,0.21928991
500.0,1,1500.0,0.5,0.4259819
500.0,3,1500.0,0.5,0.62658353
1500.0,0.33,1500.0,0.75,0.41969352
1500.0,1,1500.0,0.75,0.59968785
1500.0,3,1500.0,0.75,0.76539736
166.0,0.33,1500.0,0.75,0.09090854
166.0,1,1500.0,0.75,0.21720113
166.0,3,1500.0,0.75,0.43691523
500.0,0.33,1500.0,0.75,0.21813002
500.0,1,1500.0,0.75,0.42209447
500.0,3,1500.0,0.75,0.61898767
1500.0,0.33,1500.0,1.0,0.400152
1500.0,1,1500.0,1.0,0.60052613
1500.0,3,1500.0,1.0,0.74515771
166.0,0.33,1500.0,1.0,0.08916882
166.0,1,1500.0,1.0,0.21307038
166.0,3,1500.0,1.0,0.43367263
500.0,0.33,1500.0,1.0,0.21469328
500.0,1,1500.0,1.0,0.41153872
500.0,3,1500.0,1.0,0.6224216
1500.0,0.33,1500.0,1.25,0.40067841
1500.0,1,1500.0,1.25,0.59182909
1500.0,3,1500.0,1.25,0.72489386
166.0,0.33,1500.0,1.25,0.08854969
166.0,1,1500.0,1.25,0.21311071
166.0,3,1500.0,1.25,0.4213888
500.0,0.33,1500.0,1.25,0.21071362
500.0,1,1500.0,1.25,0.41042506
500.0,3,1500.0,1.25,0.61496536
1500.0,0.33,1500.0,1.5,0.39120362
1500.0,1,1500.0,1.5,0.580107
1500.0,3,1500.0,1.5,0.74056199
166.0,0.33,1500.0,1.5,0.08928271
166.0,1,1500.0,1.5,0.20973829
166.0,3,1500.0,1.5,0.4210125
500.0,0.33,1500.0,1.5,0.21031366
500.0,1,1500.0,1.5,0.41023744
500.0,3,1500.0,1.5,0.60862514
1500.0,0.33,1500.0,10.0,0.32201573
1500.0,1,1500.0,10.0,0.52020525
1500.0,3,1500.0,10.0,0.6992399
166.0,0.33,1500.0,10.0,0.08294415
166.0,1,1500.0,10.0,0.2063665
166.0,3,1500.0,10.0,0.4094538
500.0,0.33,1500.0,10.0,0.18527045
500.0,1,1500.0,10.0,0.36979356
500.0,3,1500.0,10.0,0.61036491
1500.0,0.33,1500.0,15.0,0.29967682
1500.0,1,1500.0,15.0,0.49311276
1500.0,3,1500.0,15.0,0.70226558
166.0,0.33,1500.0,15.0,0.0839459
166.0,1,1500.0,15.0,0.20612691
166.0,3,1500.0,15.0,0.41175332
500.0,0.33,1500.0,15.0,0.18211406
500.0,1,1500.0,15.0,0.37545099
500.0,3,1500.0,15.0,0.59506203
1500.0,0.33,1500.0,150.0,0.26189981
1500.0,1,1500.0,150.0,0.49008778
1500.0,3,1500.0,150.0,0.67525684
166.0,0.33,1500.0,150.0,0.07662597
166.0,1,1500.0,150.0,0.18320145
166.0,3,1500.0,150.0,0.39395397
500.0,0.33,1500.0,150.0,0.16559203
500.0,1,1500.0,150.0,0.34869074
500.0,3,1500.0,150.0,0.56618937
1500.0,0.33,1500.0,3.0,0.35664242
1500.0,1,1500.0,3.0,0.54618534
1500.0,3,1500.0,3.0,0.71037024
166.0,0.33,1500.0,3.0,0.08606413
166.0,1,1500.0,3.0,0.20858401
166.0,3,1500.0,3.0,0.42099086
500.0,0.33,1500.0,3.0,0.20032389
500.0,1,1500.0,3.0,0.39093264
500.0,3,1500.0,3.0,0.60906693
1500.0,0.33,1500.0,30.0,0.29237349
1500.0,1,1500.0,30.0,0.51009916
1500.0,3,1500.0,30.0,0.71347346
166.0,0.33,1500.0,30.0,0.08241002
166.0,1,1500.0,30.0,0.20038767
166.0,3,1500.0,30.0,0.41413031
500.0,0.33,1500.0,30.0,0.17810738
500.0,1,1500.0,30.0,0.3712218
500.0,3,1500.0,30.0,0.58160362
1500.0,0.33,1500.0,50.0,0.28461084
1500.0,1,1500.0,50.0,0.50647447
1500.0,3,1500.0,50.0,0.69664648
166.0,0.33,1500.0,50.0,0.08069119
166.0,1,1500.0,50.0,0.19783823
166.0,3,1500.0,50.0,0.40943288
500.0,0.33,1500.0,50.0,0.1750647
500.0,1,1500.0,50.0,0.35669156
500.0,3,1500.0,50.0,0.60720376
1500.0,0.33,2.0,0.1,0.44552284
1500.0,1,2.0,0.1,0.66471325
1500.0,3,2.0,0.1,0.04134143
166.0,0.33,2.0,0.1,0.08956759
166.0,1,2.0,0.1,0.22518851
166.0,3,2.0,0.1,0.05959732
500.0,0.33,2.0,0.1,0.22058356
500.0,1,2.0,0.1,0.44645066
500.0,3,2.0,0.1,0.05629545
1500.0,0.33,2.0,0.2,0.44727689
1500.0,1,2.0,0.2,0.03819818
1500.0,3,2.0,0.2,0.02615908
166.0,0.33,2.0,0.2,0.08908937
166.0,1,2.0,0.2,0.03897278
166.0,3,2.0,0.2,0.03470378
500.0,0.33,2.0,0.2,0.2216727
500.0,1,2.0,0.2,0.04059129
500.0,3,2.0,0.2,0.03042969
1500.0,0.33,2.0,0.3,0.43975009
1500.0,1,2.0,0.3,0.02472734
1500.0,3,2.0,0.3,0.04122827
166.0,0.33,2.0,0.3,0.09027574
166.0,1,2.0,0.3,0.02669914
166.0,3,2.0,0.3,0.02921999
500.0,0.33,2.0,0.3,0.22151559
500.0,1,2.0,0.3,0.02772291
500.0,3,2.0,0.3,0.02771384
1500.0,0.33,2.0,0.5,0.02618758
1500.0,1,2.0,0.5,0.01990856
1500.0,3,2.0,0.5,0.01425814
166.0,0.33,2.0,0.5,0.02288555
166.0,1,2.0,0.5,0.01911411
166.0,3,2.0,0.5,0.02266269
500.0,0.33,2.0,0.5,0.02560342
500.0,1,2.0,0.5,0.019022
500.0,3,2.0,0.5,0.02553229
1500.0,0.33,2.0,0.75,0.01757183
1500.0,1,2.0,0.75,0.01232077
1500.0,3,2.0,0.75,0.00943055
166.0,0.33,2.0,0.75,0.0164307
166.0,1,2.0,0.75,0.01657782
166.0,3,2.0,0.75,0.02057588
500.0,0.33,2.0,0.75,0.01670578
500.0,1,2.0,0.75,0.01567768
500.0,3,2.0,0.75,0.01735323
1500.0,0.33,2.0,1.0,0.01447739
1500.0,1,2.0,1.0,0.01268862
1500.0,3,2.0,1.0,0.01661058
166.0,0.33,2.0,1.0,0.01407275
166.0,1,2.0,1.0,0.01528853
166.0,3,2.0,1.0,0.01848196
500.0,0.33,2.0,1.0,0.01486303
500.0,1,2.0,1.0,0.01474631
500.0,3,2.0,1.0,0.01906136
1500.0,0.33,2.0,1.25,0.01372724
1500.0,1,2.0,1.25,0.01311705
1500.0,3,2.0,1.25,0.01866121
166.0,0.33,2.0,1.25,0.01322954
166.0,1,2.0,1.25,0.01384974
166.0,3,2.0,1.25,0.01677455
500.0,0.33,2.0,1.25,0.0131954
500.0,1,2.0,1.25,0.01415809
500.0,3,2.0,1.25,0.01430006
1500.0,0.33,2.0,1.5,0.01378532
1500.0,1,2.0,1.5,0.01194188
1500.0,3,2.0,1.5,0.01302282
166.0,0.33,2.0,1.5,0.01271547
166.0,1,2.0,1.5,0.01355934
166.0,3,2.0,1.5,0.0154942
500.0,0.33,2.0,1.5,0.01256471
500.0,1,2.0,1.5,0.01266106
500.0,3,2.0,1.5,0.01931184
1500.0,0.33,2.0,10.0,0.00974152
1500.0,1,2.0,10.0,0.0098641
1500.0,3,2.0,10.0,0.01451785
166.0,0.33,2.0,10.0,0.00997805
166.0,1,2.0,10.0,0.01027217
166.0,3,2.0,10.0,0.0115829
500.0,0.33,2.0,10.0,0.01013736
500.0,1,2.0,10.0,0.00945733
500.0,3,2.0,10.0,0.00903376
1500.0,0.33,2.0,15.0,0.01063083
1500.0,1,2.0,15.0,0.00855304
1500.0,3,2.0,15.0,0.00442544
166.0,0.33,2.0,15.0,0.00979143
166.0,1,2.0,15.0,0.01039408
166.0,3,2.0,15.0,0.01105806
500.0,0.33,2.0,15.0,0.01012731
500.0,1,2.0,15.0,0.0095138
500.0,3,2.0,15.0,0.00970463
1500.0,0.33,2.0,150.0,0.01022329
1500.0,1,2.0,150.0,0.00869754
1500.0,3,2.0,150.0,0.01139824
166.0,0.33,2.0,150.0,0.0097103
166.0,1,2.0,150.0,0.00945397
166.0,3,2.0,150.0,0.00992412
500.0,0.33,2.0,150.0,0.00956032
500.0,1,2.0,150.0,0.00918475
500.0,3,2.0,150.0,0.00852472
1500.0,0.33,2.0,3.0,0.01082882
1500.0,1,2.0,3.0,0.01409544
1500.0,3,2.0,3.0,0.00854179
166.0,0.33,2.0,3.0,0.01101665
166.0,1,2.0,3.0,0.01177762
166.0,3,2.0,3.0,0.0146428
500.0,0.33,2.0,3.0,0.01084189
500.0,1,2.0,3.0,0.01176554
500.0,3,2.0,3.0,0.01228031
1500.0,0.33,2.0,30.0,0.00936109
1500.0,1,2.0,30.0,0.00872321
1500.0,3,2.0,30.0,0.00482664
166.0,0.33,2.0,30.0,0.00979246
166.0,1,2.0,30.0,0.01031852
166.0,3,2.0,30.0,0.00998806
500.0,0.33,2.0,30.0,0.01021309
500.0,1,2.0,30.0,0.00982245
500.0,3,2.0,30.0,0.00958127
1500.0,0.33,3.0,0.1,0.45166392
1500.0,1,3.0,0.1,0.67144502
1500.0,3,3.0,0.1,0.07224929
166.0,0.33,3.0,0.1,0.09170879
166.0,1,3.0,0.1,0.22580672
166.0,3,3.0,0.1,0.07968071
500.0,0.33,3.0,0.1,0.22016737
500.0,1,3.0,0.1,0.44635616
500.0,3,3.0,0.1,0.09020596
1500.0,0.33,3.0,0.2,0.44078985
1500.0,1,3.0,0.2,0.05700734
1500.0,3,3.0,0.2,0.03910933
166.0,0.33,3.0,0.2,0.08976497
166.0,1,3.0,0.2,0.05114582
166.0,3,3.0,0.2,0.04689569
500.0,0.33,3.0,0.2,0.21904632
500.0,1,3.0,0.2,0.05591825
500.0,3,3.0,0.2,0.04791536
1500.0,0.33,3.0,0.3,0.45093761
1500.0,1,3.0,0.3,0.03511687
1500.0,3,3.0,0.3,0.04795319
166.0,0.33,3.0,0.3,0.09043544
166.0,1,3.0,0.3,0.03471201
166.0,3,3.0,0.3,0.03961433
500.0,0.33,3.0,0.3,0.21976426
500.0,1,3.0,0.3,0.03404543
500.0,3,3.0,0.3,0.03370104
1500.0,0.33,3.0,0.5,0.03318345
1500.0,1,3.0,0.5,0.02489812
1500.0,3,3.0,0.5,0.01889987
166.0,0.33,3.0,0.5,0.02830599
166.0,1,3.0,0.5,0.02386405
166.0,3,3.0,0.5,0.03097495
500.0,0.33,3.0,0.5,0.03198829
500.0,1,3.0,0.5,0.02391747
500.0,3,3.0,0.5,0.03152052
1500.0,0.33,3.0,0.75,0.01966544
1500.0,1,3.0,0.75,0.01924964
1500.0,3,3.0,0.75,0.03150743
166.0,0.33,3.0,0.75,0.019519
166.0,1,3.0,0.75,0.01960475
166.0,3,3.0,0.75,0.02610928
500.0,0.33,3.0,0.75,0.02083723
500.0,1,3.0,0.75,0.02034626
500.0,3,3.0,0.75,0.03024522
1500.0,0.33,3.0,1.0,0.01682184
1500.0,1,3.0,1.0,0.01467179
1500.0,3,3.0,1.0,0.02548765
166.0,0.33,3.0,1.0,0.01641671
166.0,1,3.0,1.0,0.01808786
166.0,3,3.0,1.0,0.0241154
500.0,0.33,3.0,1.0,0.01666294
500.0,1,3.0,1.0,0.01861745
500.0,3,3.0,1.0,0.02395458
1500.0,0.33,3.0,1.25,0.01478913
1500.0,1,3.0,1.25,0.01665141
1500.0,3,3.0,1.25,0.0215744
166.0,0.33,3.0,1.25,0.0152774
166.0,1,3.0,1.25,0.01707941
166.0,3,3.0,1.25,0.02233329
500.0,0.33,3.0,1.25,0.01539318
500.0,1,3.0,1.25,0.01668157
500.0,3,3.0,1.25,0.02390762
1500.0,0.33,3.0,1.5,0.01557474
1500.0,1,3.0,1.5,0.01633878
1500.0,3,3.0,1.5,0.02120234
166.0,0.33,3.0,1.5,0.01403996
166.0,1,3.0,1.5,0.01595087
166.0,3,3.0,1.5,0.02088721
500.0,0.33,3.0,1.5,0.01417799
500.0,1,3.0,1.5,0.01443656
500.0,3,3.0,1.5,0.02124155
1500.0,0.33,3.0,10.0,0.01024038
1500.0,1,3.0,10.0,0.01113887
1500.0,3,3.0,10.0,0.01045003
166.0,0.33,3.0,10.0,0.01046939
166.0,1,3.0,10.0,0.01117871
166.0,3,3.0,10.0,0.01348847
500.0,0.33,3.0,10.0,0.0104907
500.0,1,3.0,10.0,0.0104573
500.0,3,3.0,10.0,0.00993916
1500.0,0.33,3.0,15.0,0.01066995
1500.0,1,3.0,15.0,0.01076998
1500.0,3,3.0,15.0,0.00703968
166.0,0.33,3.0,15.0,0.01014915
166.0,1,3.0,15.0,0.01099335
166.0,3,3.0,15.0,0.01215579
500.0,0.33,3.0,15.0,0.01022475
500.0,1,3.0,15.0,0.01155985
500.0,3,3.0,15.0,0.01337413
1500.0,0.33,3.0,150.0,0.00981985
1500.0,1,3.0,150.0,0.00983722
1500.0,3,3.0,150.0,0.0052025
166.0,0.33,3.0,150.0,0.00966634
166.0,1,3.0,150.0,0.00971107
166.0,3,3.0,150.0,0.00924046
500.0,0.33,3.0,150.0,0.00982324
500.0,1,3.0,150.0,0.00956639
500.0,3,3.0,150.0,0.00909201
1500.0,0.33,3.0,3.0,0.01142684
1500.0,1,3.0,3.0,0.01596042
1500.0,3,3.0,3.0,0.0125819
166.0,0.33,3.0,3.0,0.01202543
166.0,1,3.0,3.0,0.01330217
166.0,3,3.0,3.0,0.01848548
500.0,0.33,3.0,3.0,0.01211844
500.0,1,3.0,3.0,0.0126615
500.0,3,3.0,3.0,0.01595526
1500.0,0.33,3.0,30.0,0.01035114
1500.0,1,3.0,30.0,0.00844524
1500.0,3,3.0,30.0,0.00966801
166.0,0.33,3.0,30.0,0.00991158
166.0,1,3.0,30.0,0.00981864
166.0,3,3.0,30.0,0.01099402
500.0,0.33,3.0,30.0,0.01002209
500.0,1,3.0,30.0,0.01027317
500.0,3,3.0,30.0,0.01148252
1500.0,0.33,30.0,0.1,0.44925595
1500.0,1,30.0,0.1,0.67089905
1500.0,3,30.0,0.1,0.37499632
166.0,0.33,30.0,0.1,0.09019562
166.0,1,30.0,0.1,0.2248784
166.0,3,30.0,0.1,0.30801391
500.0,0.33,30.0,0.1,0.21900019
500.0,1,30.0,0.1,0.44276
500.0,3,30.0,0.1,0.3681544
1500.0,0.33,30.0,0.2,0.44519342
1500.0,1,30.0,0.2,0.30013294
1500.0,3,30.0,0.2,0.28044463
166.0,0.33,30.0,0.2,0.09022093
166.0,1,30.0,0.2,0.15877483
166.0,3,30.0,0.2,0.22877761
500.0,0.33,30.0,0.2,0.22514822
500.0,1,30.0,0.2,0.25197486
500.0,3,30.0,0.2,0.27445754
1500.0,0.33,30.0,0.3,0.44988944
1500.0,1,30.0,0.3,0.20996765
1500.0,3,30.0,0.3,0.21555829
166.0,0.33,30.0,0.3,0.09096166
166.0,1,30.0,0.3,0.13198827
166.0,3,30.0,0.3,0.19206667
500.0,0.33,30.0,0.3,0.22156883
500.0,1,30.0,0.3,0.18189944
500.0,3,30.0,0.3,0.21299538
1500.0,0.33,30.0,0.5,0.17348642
1500.0,1,30.0,0.5,0.13784274
1500.0,3,30.0,0.5,0.15714309
166.0,0.33,30.0,0.5,0.07151958
166.0,1,30.0,0.5,0.10152554
166.0,3,30.0,0.5,0.1691334
500.0,0.33,30.0,0.5,0.1263122
500.0,1,30.0,0.5,0.13293242
500.0,3,30.0,0.5,0.18426207
1500.0,0.33,30.0,0.75,0.10389528
1500.0,1,30.0,0.75,0.09879029
1500.0,3,30.0,0.75,0.19371347
166.0,0.33,30.0,0.75,0.05810747
166.0,1,30.0,0.75,0.08620841
166.0,3,30.0,0.75,0.14708187
500.0,0.33,30.0,0.75,0.08769802
500.0,1,30.0,0.75,0.10487667
500.0,3,30.0,0.75,0.16058174
1500.0,0.33,30.0,1.0,0.08048111
1500.0,1,30.0,1.0,0.09099935
1500.0,3,30.0,1.0,0.10252658
166.0,0.33,30.0,1.0,0.0501384
166.0,1,30.0,1.0,0.07791239
166.0,3,30.0,1.0,0.14012635
500.0,0.33,30.0,1.0,0.06950344
500.0,1,30.0,1.0,0.08982801
500.0,3,30.0,1.0,0.14724544
1500.0,0.33,30.0,1.25,0.06576615
1500.0,1,30.0,1.25,0.08520457
1500.0,3,30.0,1.25,0.12062154
166.0,0.33,30.0,1.25,0.04586703
166.0,1,30.0,1.25,0.0717283
166.0,3,30.0,1.25,0.13344599
500.0,0.33,30.0,1.25,0.05927356
500.0,1,30.0,1.25,0.08278969
500.0,3,30.0,1.25,0.15235409
1500.0,0.33,30.0,1.5,0.05802276
1500.0,1,30.0,1.5,0.07258924
1500.0,3,30.0,1.5,0.13776367
166.0,0.33,30.0,1.5,0.04258641
166.0,1,30.0,1.5,0.06716102
166.0,3,30.0,1.5,0.13177147
500.0,0.33,30.0,1.5,0.05245803
500.0,1,30.0,1.5,0.07548479
500.0,3,30.0,1.5,0.13639456
1500.0,0.33,30.0,10.0,0.02618761
1500.0,1,30.0,10.0,0.04158467
1500.0,3,30.0,10.0,0.10476121
166.0,0.33,30.0,10.0,0.02229846
166.0,1,30.0,10.0,0.04154733
166.0,3,30.0,10.0,0.09507473
500.0,0.33,30.0,10.0,0.02381392
500.0,1,30.0,10.0,0.04435263
500.0,3,30.0,10.0,0.0985368
1500.0,0.33,30.0,15.0,0.02341201
1500.0,1,30.0,15.0,0.04922883
1500.0,3,30.0,15.0,0.06715073
166.0,0.33,30.0,15.0,0.0203282
166.0,1,30.0,15.0,0.03802334
166.0,3,30.0,15.0,0.08297806
500.0,0.33,30.0,15.0,0.02256301
500.0,1,30.0,15.0,0.04139761
500.0,3,30.0,15.0,0.0826965
1500.0,0.33,30.0,150.0,0.01344627
1500.0,1,30.0,150.0,0.01782592
1500.0,3,30.0,150.0,0.03450393
166.0,0.33,30.0,150.0,0.01207889
166.0,1,30.0,150.0,0.01559946
166.0,3,30.0,150.0,0.02937106
500.0,0.33,30.0,150.0,0.01210207
500.0,1,30.0,150.0,0.01718348
500.0,3,30.0,150.0,0.02791193
1500.0,0.33,30.0,3.0,0.03972495
1500.0,1,30.0,3.0,0.05899068
1500.0,3,30.0,3.0,0.12456784
166.0,0.33,30.0,3.0,0.03193914
166.0,1,30.0,3.0,0.05544848
166.0,3,30.0,3.0,0.1115767
500.0,0.33,30.0,3.0,0.03764469
500.0,1,30.0,3.0,0.06047761
500.0,3,30.0,3.0,0.11956473
1500.0,0.33,30.0,30.0,0.01775517
1500.0,1,30.0,30.0,0.03163849
1500.0,3,30.0,30.0,0.06399464
166.0,0.33,30.0,30.0,0.01725582
166.0,1,30.0,30.0,0.03080084
166.0,3,30.0,30.0,0.06892189
500.0,0.33,30.0,30.0,0.01840799
500.0,1,30.0,30.0,0.03175829
500.0,3,30.0,30.0,0.07081275
1500.0,0.33,30.0,50.0,0.01643142
1500.0,1,30.0,50.0,0.02498517
1500.0,3,30.0,50.0,0.0482649
166.0,0.33,30.0,50.0,0.01498464
166.0,1,30.0,50.0,0.02524439
166.0,3,30.0,50.0,0.04923563
500.0,0.33,30.0,50.0,0.01578076
500.0,1,30.0,50.0,0.02714347
500.0,3,30.0,50.0,0.05344425
1500.0,0.33,300.0,0.1,0.43683913
1500.0,1,300.0,0.1,0.67546784
1500.0,3,300.0,0.1,0.73867869
166.0,0.33,300.0,0.1,0.09168167
166.0,1,300.0,0.1,0.22162854
166.0,3,300.0,0.1,0.42022383
500.0,0.33,300.0,0.1,0.21741836
500.0,1,300.0,0.1,0.44406714
500.0,3,300.0,0.1,0.62655986
1500.0,0.33,300.0,0.2,0.44477468
1500.0,1,300.0,0.2,0.59993074
1500.0,3,300.0,0.2,0.70022276
166.0,0.33,300.0,0.2,0.08967338
166.0,1,300.0,0.2,0.21423125
166.0,3,300.0,0.2,0.40789833
500.0,0.33,300.0,0.2,0.22525035
500.0,1,300.0,0.2,0.41492546
500.0,3,300.0,0.2,0.58879354
1500.0,0.33,300.0,0.3,0.44181745
1500.0,1,300.0,0.3,0.54524981
1500.0,3,300.0,0.3,0.62413932
166.0,0.33,300.0,0.3,0.09164467
166.0,1,300.0,0.3,0.21172017
166.0,3,300.0,0.3,0.39273406
500.0,0.33,300.0,0.3,0.22130054
500.0,1,300.0,0.3,0.39155401
500.0,3,300.0,0.3,0.55460324
1500.0,0.33,300.0,0.5,0.38779158
1500.0,1,300.0,0.5,0.47406565
1500.0,3,300.0,0.5,0.57426008
166.0,0.33,300.0,0.5,0.087371
166.0,1,300.0,0.5,0.20157142
166.0,3,300.0,0.5,0.37647304
500.0,0.33,300.0,0.5,0.20948345
500.0,1,300.0,0.5,0.36093582
500.0,3,300.0,0.5,0.51471424
1500.0,0.33,300.0,0.75,0.33847371
1500.0,1,300.0,0.75,0.44117585
1500.0,3,300.0,0.75,0.53686665
166.0,0.33,300.0,0.75,0.08476199
166.0,1,300.0,0.75,0.19455443
166.0,3,300.0,0.75,0.37503819
500.0,0.33,300.0,0.75,0.19294793
500.0,1,300.0,0.75,0.32938136
500.0,3,300.0,0.75,0.49518209
1500.0,0.33,300.0,1.0,0.30167219
1500.0,1,300.0,1.0,0.40566021
1500.0,3,300.0,1.0,0.53393575
166.0,0.33,300.0,1.0,0.08373177
166.0,1,300.0,1.0,0.1854755
166.0,3,300.0,1.0,0.36852117
500.0,0.33,300.0,1.0,0.18026296
500.0,1,300.0,1.0,0.32307156
500.0,3,300.0,1.0,0.4871095
1500.0,0.33,300.0,1.25,0.26782711
1500.0,1,300.0,1.25,0.39637063
1500.0,3,300.0,1.25,0.49803976
166.0,0.33,300.0,1.25,0.08154767
166.0,1,300.0,1.25,0.18074764
166.0,3,300.0,1.25,0.36286039
500.0,0.33,300.0,1.25,0.17109789
500.0,1,300.0,1.25,0.30699745
500.0,3,300.0,1.25,0.48269299
1500.0,0.33,300.0,1.5,0.24810091
1500.0,1,300.0,1.5,0.3650546
1500.0,3,300.0,1.5,0.52868066
166.0,0.33,300.0,1.5,0.07917448
166.0,1,300.0,1.5,0.18027787
166.0,3,300.0,1.5,0.34792008
500.0,0.33,300.0,1.5,0.16223614
500.0,1,300.0,1.5,0.29404367
500.0,3,300.0,1.5,0.47830235
1500.0,0.33,300.0,10.0,0.14761048
1500.0,1,300.0,10.0,0.2853877
1500.0,3,300.0,10.0,0.47813615
166.0,0.33,300.0,10.0,0.06536013
166.0,1,300.0,10.0,0.15627844
166.0,3,300.0,10.0,0.33541889
500.0,0.33,300.0,10.0,0.10944582
500.0,1,300.0,10.0,0.24303972
500.0,3,300.0,10.0,0.44031507
1500.0,0.33,300.0,15.0,0.13675115
1500.0,1,300.0,15.0,0.27155904
1500.0,3,300.0,15.0,0.4642287
166.0,0.33,300.0,15.0,0.06407677
166.0,1,300.0,15.0,0.15566231
166.0,3,300.0,15.0,0.32573703
500.0,0.33,300.0,15.0,0.10589326
500.0,1,300.0,15.0,0.22834826
500.0,3,300.0,15.0,0.44473325
1500.0,0.33,300.0,150.0,0.0881591
1500.0,1,300.0,150.0,0.1974875
1500.0,3,300.0,150.0,0.35145897
166.0,0.33,300.0,150.0,0.04531764
166.0,1,300.0,150.0,0.11003734
166.0,3,300.0,150.0,0.24875647
500.0,0.33,300.0,150.0,0.06997982
500.0,1,300.0,150.0,0.16612498
500.0,3,300.0,150.0,0.33241937
1500.0,0.33,300.0,3.0,0.19786419
1500.0,1,300.0,3.0,0.32765072
1500.0,3,300.0,3.0,0.48013352
166.0,0.33,300.0,3.0,0.07382846
166.0,1,300.0,3.0,0.16745283
166.0,3,300.0,3.0,0.34761489
500.0,0.33,300.0,3.0,0.13966676
500.0,1,300.0,3.0,0.26875146
500.0,3,300.0,3.0,0.46444242
1500.0,0.33,300.0,30.0,0.12329188
1500.0,1,300.0,30.0,0.26556233
1500.0,3,300.0,30.0,0.43902703
166.0,0.33,300.0,30.0,0.05934184
166.0,1,300.0,30.0,0.14217203
166.0,3,300.0,30.0,0.31925368
500.0,0.33,300.0,30.0,0.09800773
500.0,1,300.0,30.0,0.22283984
500.0,3,300.0,30.0,0.42003626
1500.0,0.33,300.0,50.0,0.1159689
1500.0,1,300.0,50.0,0.24844304
1500.0,3,300.0,50.0,0.44610101
166.0,0.33,300.0,50.0,0.05720174
166.0,1,300.0,50.0,0.13871948
166.0,3,300.0,50.0,0.30524131
500.0,0.33,300.0,50.0,0.09034024
500.0,1,300.0,50.0,0.20785243
500.0,3,300.0,50.0,0.39851202
1500.0,0.33,5.0,0.1,0.43531005
1500.0,1,5.0,0.1,0.66571272
1500.0,3,5.0,0.1,0.11052525
166.0,0.33,5.0,0.1,0.09207826
166.0,1,5.0,0.1,0.22415237
166.0,3,5.0,0.1,0.11816165
500.0,0.33,5.0,0.1,0.22191977
500.0,1,5.0,0.1,0.44939157
500.0,3,5.0,0.1,0.12622713
1500.0,0.33,5.0,0.2,0.44070479
1500.0,1,5.0,0.2,0.08975822
1500.0,3,5.0,0.2,0.06090203
166.0,0.33,5.0,0.2,0.09119106
166.0,1,5.0,0.2,0.07170099
166.0,3,5.0,0.2,0.06796688
500.0,0.33,5.0,0.2,0.22030002
500.0,1,5.0,0.2,0.08501773
500.0,3,5.0,0.2,0.07361112
1500.0,0.33,5.0,0.3,0.45868188
1500.0,1,5.0,0.3,0.05219849
1500.0,3,5.0,0.3,0.0281497
166.0,0.33,5.0,0.3,0.08933482
166.0,1,5.0,0.3,0.04790449
166.0,3,5.0,0.3,0.05553839
500.0,0.33,5.0,0.3,0.21924087
500.0,1,5.0,0.3,0.05072957
500.0,3,5.0,0.3,0.05625833
1500.0,0.33,5.0,0.5,0.04685497
1500.0,1,5.0,0.5,0.03575767
1500.0,3,5.0,0.5,0.04835687
166.0,0.33,5.0,0.5,0.03712223
166.0,1,5.0,0.5,0.03401847
166.0,3,5.0,0.5,0.04447244
500.0,0.33,5.0,0.5,0.04478095
500.0,1,5.0,0.5,0.03437055
500.0,3,5.0,0.5,0.04831392
1500.0,0.33,5.0,0.75,0.02592341
1500.0,1,5.0,0.75,0.02981007
1500.0,3,5.0,0.75,0.02762236
166.0,0.33,5.0,0.75,0.02534394
166.0,1,5.0,0.75,0.02685689
166.0,3,5.0,0.75,0.03705314
500.0,0.33,5.0,0.75,0.02725333
500.0,1,5.0,0.75,0.02736612
500.0,3,5.0,0.75,0.04141447
1500.0,0.33,5.0,1.0,0.02267849
1500.0,1,5.0,1.0,0.02609711
1500.0,3,5.0,1.0,0.03235986
166.0,0.33,5.0,1.0,0.02094519
166.0,1,5.0,1.0,0.02431688
166.0,3,5.0,1.0,0.03439449
500.0,0.33,5.0,1.0,0.02194362
500.0,1,5.0,1.0,0.02439886
500.0,3,5.0,1.0,0.04077383
1500.0,0.33,5.0,1.25,0.02113664
1500.0,1,5.0,1.25,0.0194657
1500.0,3,5.0,1.25,0.02239685
166.0,0.33,5.0,1.25,0.01848116
166.0,1,5.0,1.25,0.02169515
166.0,3,5.0,1.25,0.03158203
500.0,0.33,5.0,1.25,0.01966187
500.0,1,5.0,1.25,0.02248822
500.0,3,5.0,1.25,0.0281113
1500.0,0.33,5.0,1.5,0.01945519
1500.0,1,5.0,1.5,0.02110715
1500.0,3,5.0,1.5,0.03013981
166.0,0.33,5.0,1.5,0.01727995
166.0,1,5.0,1.5,0.01993942
166.0,3,5.0,1.5,0.03080247
500.0,0.33,5.0,1.5,0.01753141
500.0,1,5.0,1.5,0.02052002
500.0,3,5.0,1.5,0.03146376
1500.0,0.33,5.0,10.0,0.01113097
1500.0,1,5.0,10.0,0.01138828
1500.0,3,5.0,10.0,0.0111143
166.0,0.33,5.0,10.0,0.01123149
166.0,1,5.0,10.0,0.01283411
166.0,3,5.0,10.0,0.0191904
500.0,0.33,5.0,10.0,0.01127008
500.0,1,5.0,10.0,0.0123517
500.0,3,5.0,10.0,0.01857225
1500.0,0.33,5.0,15.0,0.01059903
1500.0,1,5.0,15.0,0.01352845
1500.0,3,5.0,15.0,0.01084226
166.0,0.33,5.0,15.0,0.01073765
166.0,1,5.0,15.0,0.01210931
166.0,3,5.0,15.0,0.01568432
500.0,0.33,5.0,15.0,0.01071797
500.0,1,5.0,15.0,0.0115301
500.0,3,5.0,15.0,0.01191446
1500.0,0.33,5.0,150.0,0.00970402
1500.0,1,5.0,150.0,0.00756237
1500.0,3,5.0,150.0,0.00725483
166.0,0.33,5.0,150.0,0.00977556
166.0,1,5.0,150.0,0.01008564
166.0,3,5.0,150.0,0.01041244
500.0,0.33,5.0,150.0,0.00992482
500.0,1,5.0,150.0,0.0095828
500.0,3,5.0,150.0,0.01040848
1500.0,0.33,5.0,3.0,0.01543128
1500.0,1,5.0,3.0,0.01468375
1500.0,3,5.0,3.0,0.02670951
166.0,0.33,5.0,3.0,0.01377066
166.0,1,5.0,3.0,0.01698916
166.0,3,5.0,3.0,0.02619106
500.0,0.33,5.0,3.0,0.01383669
500.0,1,5.0,3.0,0.01713881
500.0,3,5.0,3.0,0.02378484
1500.0,0.33,5.0,30.0,0.01014378
1500.0,1,5.0,30.0,0.01080522
1500.0,3,5.0,30.0,0.01262051
166.0,0.33,5.0,30.0,0.01017705
166.0,1,5.0,30.0,0.01113825
166.0,3,5.0,30.0,0.01319299
500.0,0.33,5.0,30.0,0.00971141
500.0,1,5.0,30.0,0.01033661
500.0,3,5.0,30.0,0.00992973
1500.0,0.33,5.0,50.0,0.01003036
1500.0,1,5.0,50.0,0.0090786
1500.0,3,5.0,50.0,0.01069165
166.0,0.33,5.0,50.0,0.01002036
166.0,1,5.0,50.0,0.01041462
166.0,3,5.0,50.0,0.01261314
500.0,0.33,5.0,50.0,0.00995559
500.0,1,5.0,50.0,0.00983638
500.0,3,5.0,50.0,0.01273044
1500.0,0.33,500.0,0.1,0.44169615
1500.0,1,500.0,0.1,0.66934478
1500.0,3,500.0,0.1,0.73773536
166.0,0.33,500.0,0.1,0.09080486
166.0,1,500.0,0.1,0.22379736
166.0,3,500.0,0.1,0.43152363
500.0,0.33,500.0,0.1,0.22722692
500.0,1,500.0,0.1,0.44996587
500.0,3,500.0,0.1,0.63076195
1500.0,0.33,500.0,0.2,0.44631619
1500.0,1,500.0,0.2,0.63081813
1500.0,3,500.0,0.2,0.71087013
166.0,0.33,500.0,0.2,0.09001154
166.0,1,500.0,0.2,0.22115141
166.0,3,500.0,0.2,0.4230213
500.0,0.33,500.0,0.2,0.22210628
500.0,1,500.0,0.2,0.42271766
500.0,3,500.0,0.2,0.61739483
1500.0,0.33,500.0,0.3,0.43176208
1500.0,1,500.0,0.3,0.58100785
1500.0,3,500.0,0.3,0.68768103
166.0,0.33,500.0,0.3,0.09115024
166.0,1,500.0,0.3,0.21942769
166.0,3,500.0,0.3,0.41537547
500.0,0.33,500.0,0.3,0.22007387
500.0,1,500.0,0.3,0.41126535
500.0,3,500.0,0.3,0.59196849
1500.0,0.33,500.0,0.5,0.40332923
1500.0,1,500.0,0.5,0.5410181
1500.0,3,500.0,0.5,0.66120767
166.0,0.33,500.0,0.5,0.08979022
166.0,1,500.0,0.5,0.21107938
166.0,3,500.0,0.5,0.40593348
500.0,0.33,500.0,0.5,0.20864843
500.0,1,500.0,0.5,0.38885657
500.0,3,500.0,0.5,0.56073198
1500.0,0.33,500.0,0.75,0.36891374
1500.0,1,500.0,0.75,0.49999507
1500.0,3,500.0,0.75,0.64708466
166.0,0.33,500.0,0.75,0.08642879
166.0,1,500.0,0.75,0.20108604
166.0,3,500.0,0.75,0.39695387
500.0,0.33,500.0,0.75,0.20297807
500.0,1,500.0,0.75,0.37382936
500.0,3,500.0,0.75,0.58000805
1500.0,0.33,500.0,1.0,0.34748011
1500.0,1,500.0,1.0,0.47771545
1500.0,3,500.0,1.0,0.61840455
166.0,0.33,500.0,1.0,0.08644729
166.0,1,500.0,1.0,0.20133826
166.0,3,500.0,1.0,0.39732161
500.0,0.33,500.0,1.0,0.19752416
500.0,1,500.0,1.0,0.35220204
500.0,3,500.0,1.0,0.54845465
1500.0,0.33,500.0,1.25,0.32702237
1500.0,1,500.0,1.25,0.45651181
1500.0,3,500.0,1.25,0.62299056
166.0,0.33,500.0,1.25,0.08579555
166.0,1,500.0,1.25,0.19589982
166.0,3,500.0,1.25,0.39436439
500.0,0.33,500.0,1.25,0.1867578
500.0,1,500.0,1.25,0.34683457
500.0,3,500.0,1.25,0.5465051
1500.0,0.33,500.0,1.5,0.31494791
1500.0,1,500.0,1.5,0.44925328
1500.0,3,500.0,1.5,0.60247439
166.0,0.33,500.0,1.5,0.08377895
166.0,1,500.0,1.5,0.19371675
166.0,3,500.0,1.5,0.38247302
500.0,0.33,500.0,1.5,0.18499674
500.0,1,500.0,1.5,0.34449144
500.0,3,500.0,1.5,0.53635456
1500.0,0.33,500.0,10.0,0.19583983
1500.0,1,500.0,10.0,0.3726371
1500.0,3,500.0,10.0,0.55349214
166.0,0.33,500.0,10.0,0.07277412
166.0,1,500.0,10.0,0.17791981
166.0,3,500.0,10.0,0.37151557
500.0,0.33,500.0,10.0,0.14202917
500.0,1,500.0,10.0,0.29168812
500.0,3,500.0,10.0,0.50952353
1500.0,0.33,500.0,15.0,0.18993994
1500.0,1,500.0,15.0,0.36217131
1500.0,3,500.0,15.0,0.53263327
166.0,0.33,500.0,15.0,0.07149193
166.0,1,500.0,15.0,0.17486892
166.0,3,500.0,15.0,0.37521522
500.0,0.33,500.0,15.0,0.13546915
500.0,1,500.0,15.0,0.28950678
500.0,3,500.0,15.0,0.5145889
1500.0,0.33,500.0,150.0,0.13965099
1500.0,1,500.0,150.0,0.29300629
1500.0,3,500.0,150.0,0.49477984
166.0,0.33,500.0,150.0,0.05784519
166.0,1,500.0,150.0,0.14285516
166.0,3,500.0,150.0,0.30523601
500.0,0.33,500.0,150.0,0.10310207
500.0,1,500.0,150.0,0.23278976
500.0,3,500.0,150.0,0.4414173
1500.0,0.33,500.0,3.0,0.25343473
1500.0,1,500.0,3.0,0.41295747
1500.0,3,500.0,3.0,0.58288179
166.0,0.33,500.0,3.0,0.08066823
166.0,1,500.0,3.0,0.18723951
166.0,3,500.0,3.0,0.37872182
500.0,0.33,500.0,3.0,0.16453174
500.0,1,500.0,3.0,0.31313154
500.0,3,500.0,3.0,0.51866971
1500.0,0.33,500.0,30.0,0.17160343
1500.0,1,500.0,30.0,0.34776456
1500.0,3,500.0,30.0,0.56234926
166.0,0.33,500.0,30.0,0.07081312
166.0,1,500.0,30.0,0.17256606
166.0,3,500.0,30.0,0.36211284
500.0,0.33,500.0,30.0,0.12568333
500.0,1,500.0,30.0,0.27754658
500.0,3,500.0,30.0,0.49955066
1500.0,0.33,500.0,50.0,0.16325914
1500.0,1,500.0,50.0,0.33095372
1500.0,3,500.0,50.0,0.54314944
166.0,0.33,500.0,50.0,0.06691856
166.0,1,500.0,50.0,0.1630511
166.0,3,500.0,50.0,0.34815594
500.0,0.33,500.0,50.0,0.11844364
500.0,1,500.0,50.0,0.27011313
500.0,3,500.0,50.0,0.47273327
1500.0,0.33,7.5,0.1,0.45221689
1500.0,1,7.5,0.1,0.65255118
1500.0,3,7.5,0.1,0.16163822
166.0,0.33,7.5,0.1,0.09249626
166.0,1,7.5,0.1,0.22350586
166.0,3,7.5,0.1,0.15628481
500.0,0.33,7.5,0.1,0.22100282
500.0,1,7.5,0.1,0.44990575
500.0,3,7.5,0.1,0.16539077
1500.0,0.33,7.5,0.2,0.44595918
1500.0,1,7.5,0.2,0.10991974
1500.0,3,7.5,0.2,0.10347678
166.0,0.33,7.5,0.2,0.08898087
166.0,1,7.5,0.2,0.09089248
166.0,3,7.5,0.2,0.09627676
500.0,0.33,7.5,0.2,0.21968991
500.0,1,7.5,0.2,0.1061327
500.0,3,7.5,0.2,0.09299017
1500.0,0.33,7.5,0.3,0.44314466
1500.0,1,7.5,0.3,0.06884469
1500.0,3,7.5,0.3,0.06202025
166.0,0.33,7.5,0.3,0.08922016
166.0,1,7.5,0.3,0.06231651
166.0,3,7.5,0.3,0.07501532
500.0,0.33,7.5,0.3,0.21926124
500.0,1,7.5,0.3,0.069591
500.0,3,7.5,0.3,0.07074934
1500.0,0.33,7.5,0.5,0.06510601
1500.0,1,7.5,0.5,0.04446777
1500.0,3,7.5,0.5,0.04442683
166.0,0.33,7.5,0.5,0.04400056
166.0,1,7.5,0.5,0.04347458
166.0,3,7.5,0.5,0.05955443
500.0,0.33,7.5,0.5,0.05825779
500.0,1,7.5,0.5,0.04919967
500.0,3,7.5,0.5,0.06173075
1500.0,0.33,7.5,0.75,0.03930381
1500.0,1,7.5,0.75,0.03834753
1500.0,3,7.5,0.75,0.04260152
166.0,0.33,7.5,0.75,0.03177735
166.0,1,7.5,0.75,0.03572267
166.0,3,7.5,0.75,0.05527211
500.0,0.33,7.5,0.75,0.03573875
500.0,1,7.5,0.75,0.03659184
500.0,3,7.5,0.75,0.06078944
1500.0,0.33,7.5,1.0,0.02938651
1500.0,1,7.5,1.0,0.02855813
1500.0,3,7.5,1.0,0.04677517
166.0,0.33,7.5,1.0,0.02559525
166.0,1,7.5,1.0,0.03028282
166.0,3,7.5,1.0,0.04704261
500.0,0.33,7.5,1.0,0.02779533
500.0,1,7.5,1.0,0.03177918
500.0,3,7.5,1.0,0.04733116
1500.0,0.33,7.5,1.25,0.02494174
1500.0,1,7.5,1.25,0.03055964
1500.0,3,7.5,1.25,0.03515256
166.0,0.33,7.5,1.25,0.02267958
166.0,1,7.5,1.25,0.02853933
166.0,3,7.5,1.25,0.04522743
500.0,0.33,7.5,1.25,0.02399301
500.0,1,7.5,1.25,0.02804461
500.0,3,7.5,1.25,0.05057891
1500.0,0.33,7.5,1.5,0.02173131
1500.0,1,7.5,1.5,0.02729763
1500.0,3,7.5,1.5,0.05056771
166.0,0.33,7.5,1.5,0.02071967
166.0,1,7.5,1.5,0.02643
166.0,3,7.5,1.5,0.04525395
500.0,0.33,7.5,1.5,0.02192617
500.0,1,7.5,1.5,0.0257082
500.0,3,7.5,1.5,0.03977437
1500.0,0.33,7.5,10.0,0.01271003
1500.0,1,7.5,10.0,0.01326382
1500.0,3,7.5,10.0,0.02818533
166.0,0.33,7.5,10.0,0.01221918
166.0,1,7.5,10.0,0.01502937
166.0,3,7.5,10.0,0.02586794
500.0,0.33,7.5,10.0,0.01265719
500.0,1,7.5,10.0,0.01565794
500.0,3,7.5,10.0,0.02339434
1500.0,0.33,7.5,15.0,0.010733
1500.0,1,7.5,15.0,0.01402169
1500.0,3,7.5,15.0,0.02054232
166.0,0.33,7.5,15.0,0.01127911
166.0,1,7.5,15.0,0.01357036
166.0,3,7.5,15.0,0.021982
500.0,0.33,7.5,15.0,0.01136627
500.0,1,7.5,15.0,0.01393439
500.0,3,7.5,15.0,0.02134098
1500.0,0.33,7.5,150.0,0.01026718
1500.0,1,7.5,150.0,0.01105672
1500.0,3,7.5,150.0,0.00704184
166.0,0.33,7.5,150.0,0.00976623
166.0,1,7.5,150.0,0.01008758
166.0,3,7.5,150.0,0.01069658
500.0,0.33,7.5,150.0,0.00942481
500.0,1,7.5,150.0,0.01030605
500.0,3,7.5,150.0,0.01583558
1500.0,0.33,7.5,3.0,0.01579977
1500.0,1,7.5,3.0,0.01709151
1500.0,3,7.5,3.0,0.02555667
166.0,0.33,7.5,3.0,0.01585493
166.0,1,7.5,3.0,0.02106735
166.0,3,7.5,3.0,0.03435884
500.0,0.33,7.5,3.0,0.0163182
500.0,1,7.5,3.0,0.02265334
500.0,3,7.5,3.0,0.04067599
1500.0,0.33,7.5,30.0,0.0102472
1500.0,1,7.5,30.0,0.01699028
1500.0,3,7.5,30.0,0.01316927
166.0,0.33,7.5,30.0,0.01077089
166.0,1,7.5,30.0,0.01251173
166.0,3,7.5,30.0,0.01648689
500.0,0.33,7.5,30.0,0.01102862
500.0,1,7.5,30.0,0.01209664
500.0,3,7.5,30.0,0.01496166
1500.0,0.33,7.5,50.0,0.00931292
1500.0,1,7.5,50.0,0.01074037
1500.0,3,7.5,50.0,0.00662181
166.0,0.33,7.5,50.0,0.01024922
166.0,1,7.5,50.0,0.01137971
166.0,3,7.5,50.0,0.01330051
500.0,0.33,7.5,50.0,0.0105145
500.0,1,7.5,50.0,0.01095292
500.0,3,7.5,50.0,0.01195114
1500.0,0.33,10.0,1500.0,0.00985273
1500.0,1,10.0,1500.0,0.01050435
1500.0,3,10.0,1500.0,0.00835601
166.0,0.33,10.0,1500.0,0.00954751
166.0,1,10.0,1500.0,0.00979833
166.0,3,10.0,1500.0,0.00905687
500.0,0.33,10.0,1500.0,0.00976834
500.0,1,10.0,1500.0,0.00941817
500.0,3,10.0,1500.0,0.00793729
1500.0,0.33,10.0,300.0,0.00850364
1500.0,1,10.0,300.0,0.00961846
1500.0,3,10.0,300.0,0.00881711
166.0,0.33,10.0,300.0,0.00962211
166.0,1,10.0,300.0,0.00954367
166.0,3,10.0,300.0,0.00940696
500.0,0.33,10.0,300.0,0.00957712
500.0,1,10.0,300.0,0.00900919
500.0,3,10.0,300.0,0.01225433
1500.0,0.33,10.0,500.0,0.00917492
1500.0,1,10.0,500.0,0.00917603
1500.0,3,10.0,500.0,0.00703082
166.0,0.33,10.0,500.0,0.00971674
166.0,1,10.0,500.0,0.00954165
166.0,3,10.0,500.0,0.00977449
500.0,0.33,10.0,500.0,0.00958766
500.0,1,10.0,500.0,0.01012493
500.0,3,10.0,500.0,0.00782982
1500.0,0.33,100.0,1500.0,0.01038555
1500.0,1,100.0,1500.0,0.00712087
1500.0,3,100.0,1500.0,0.00960032
166.0,0.33,100.0,1500.0,0.00963229
166.0,1,100.0,1500.0,0.01007655
166.0,3,100.0,1500.0,0.0100491
500.0,0.33,100.0,1500.0,0.00977549
500.0,1,100.0,1500.0,0.00949006
500.0,3,100.0,1500.0,0.00917032
1500.0,0.33,100.0,300.0,0.00889107
1500.0,1,100.0,300.0,0.00944352
1500.0,3,100.0,300.0,0.00510087
166.0,0.33,100.0,300.0,0.00955736
166.0,1,100.0,300.0,0.00966887
166.0,3,100.0,300.0,0.00927228
500.0,0.33,100.0,300.0,0.00941574
500.0,1,100.0,300.0,0.00911507
500.0,3,100.0,300.0,0.00877163
1500.0,0.33,100.0,500.0,0.0090231
1500.0,1,100.0,500.0,0.00850774
1500.0,3,100.0,500.0,0.00786631
166.0,0.33,100.0,500.0,0.00960035
166.0,1,100.0,500.0,0.00953358
166.0,3,100.0,500.0,0.00997173
500.0,0.33,100.0,500.0,0.0093472
500.0,1,100.0,500.0,0.01021656
500.0,3,100.0,500.0,0.0089573
1500.0,0.33,1000.0,1500.0,0.01009878
1500.0,1,1000.0,1500.0,0.00839051
1500.0,3,1000.0,1500.0,0.00721595
166.0,0.33,1000.0,1500.0,0.00975174
166.0,1,1000.0,1500.0,0.00944494
166.0,3,1000.0,1500.0,0.00945933
500.0,0.33,1000.0,1500.0,0.00978201
500.0,1,1000.0,1500.0,0.01008028
500.0,3,1000.0,1500.0,0.00842697
1500.0,0.33,1000.0,300.0,0.00927369
1500.0,1,1000.0,300.0,0.0131617
1500.0,3,1000.0,300.0,0.00790045
166.0,0.33,1000.0,300.0,0.00975834
166.0,1,1000.0,300.0,0.00961369
166.0,3,1000.0,300.0,0.00950407
500.0,0.33,1000.0,300.0,0.00951472
500.0,1,1000.0,300.0,0.00942321
500.0,3,1000.0,300.0,0.01137225
1500.0,0.33,1000.0,500.0,0.01064573
1500.0,1,1000.0,500.0,0.01031464
1500.0,3,1000.0,500.0,0.01480752
166.0,0.33,1000.0,500.0,0.00973617
166.0,1,1000.0,500.0,0.00951887
166.0,3,1000.0,500.0,0.00963262
500.0,0.33,1000.0,500.0,0.00930737
500.0,1,1000.0,500.0,0.00922258
500.0,3,1000.0,500.0,0.00852984
1500.0,0.33,125.0,1500.0,0.00834308
1500.0,1,125.0,1500.0,0.01031808
1500.0,3,125.0,1500.0,0.00903133
166.0,0.33,125.0,1500.0,0.00959597
166.0,1,125.0,1500.0,0.00948822
166.0,3,125.0,1500.0,0.00939253
500.0,0.33,125.0,1500.0,0.00973458
500.0,1,125.0,1500.0,0.00846606
500.0,3,125.0,1500.0,0.00803974
1500.0,0.33,125.0,300.0,0.00953613
1500.0,1,125.0,300.0,0.01022254
1500.0,3,125.0,300.0,0.00344769
166.0,0.33,125.0,300.0,0.00970362
166.0,1,125.0,300.0,0.00929307
166.0,3,125.0,300.0,0.00989966
500.0,0.33,125.0,300.0,0.00945325
500.0,1,125.0,300.0,0.01107831
500.0,3,125.0,300.0,0.0087545
1500.0,0.33,125.0,500.0,0.00946119
1500.0,1,125.0,500.0,0.01163768
1500.0,3,125.0,500.0,0.00769847
166.0,0.33,125.0,500.0,0.00950341
166.0,1,125.0,500.0,0.00973299
166.0,3,125.0,500.0,0.00965243
500.0,0.33,125.0,500.0,0.00950721
500.0,1,125.0,500.0,0.01034984
500.0,3,125.0,500.0,0.0075151
1500.0,0.33,150.0,1500.0,0.01035366
1500.0,1,150.0,1500.0,0.01029131
1500.0,3,150.0,1500.0,0.01442335
166.0,0.33,150.0,1500.0,0.00963934
166.0,1,150.0,1500.0,0.00946641
166.0,3,150.0,1500.0,0.00961644
500.0,0.33,150.0,1500.0,0.01013831
500.0,1,150.0,1500.0,0.00974478
500.0,3,150.0,1500.0,0.00886893
1500.0,0.33,150.0,300.0,0.00905364
1500.0,1,150.0,300.0,0.0094904
1500.0,3,150.0,300.0,0.00731651
166.0,0.33,150.0,300.0,0.00971713
166.0,1,150.0,300.0,0.0098739
166.0,3,150.0,300.0,0.0092601
500.0,0.33,150.0,300.0,0.00961115
500.0,1,150.0,300.0,0.00851288
500.0,3,150.0,300.0,0.00797402
1500.0,0.33,150.0,500.0,0.00922589
1500.0,1,150.0,500.0,0.00830174
1500.0,3,150.0,500.0,0.01322953
166.0,0.33,150.0,500.0,0.00949231
166.0,1,150.0,500.0,0.00991492
166.0,3,150.0,500.0,0.00922139
500.0,0.33,150.0,500.0,0.00954193
500.0,1,150.0,500.0,0.00843001
500.0,3,150.0,500.0,0.00921293
1500.0,0.33,1500.0,1500.0,0.0092176
1500.0,1,1500.0,1500.0,0.01136889
1500.0,3,1500.0,1500.0,0.00656695
166.0,0.33,1500.0,1500.0,0.00955293
166.0,1,1500.0,1500.0,0.00948031
166.0,3,1500.0,1500.0,0.01005622
500.0,0.33,1500.0,1500.0,0.00961139
500.0,1,1500.0,1500.0,0.00895376
500.0,3,1500.0,1500.0,0.00900343
1500.0,0.33,1500.0,300.0,0.00906207
1500.0,1,1500.0,300.0,0.00791049
1500.0,3,1500.0,300.0,0.01406457
166.0,0.33,1500.0,300.0,0.00967071
166.0,1,1500.0,300.0,0.00932271
166.0,3,1500.0,300.0,0.01073758
500.0,0.33,1500.0,300.0,0.00939247
500.0,1,1500.0,300.0,0.00912428
500.0,3,1500.0,300.0,0.00655859
1500.0,0.33,1500.0,500.0,0.00921098
1500.0,1,1500.0,500.0,0.00787792
1500.0,3,1500.0,500.0,0.00873568
166.0,0.33,1500.0,500.0,0.00954967
166.0,1,1500.0,500.0,0.00979135
166.0,3,1500.0,500.0,0.00951989
500.0,0.33,1500.0,500.0,0.00966626
500.0,1,1500.0,500.0,0.00848281
500.0,3,1500.0,500.0,0.01408366
1500.0,0.33,15000.0,1500.0,0.00925548
1500.0,1,15000.0,1500.0,0.007931
1500.0,3,15000.0,1500.0,0.01033526
166.0,0.33,15000.0,1500.0,0.00966603
166.0,1,15000.0,1500.0,0.00956965
166.0,3,15000.0,1500.0,0.01010695
500.0,0.33,15000.0,1500.0,0.00976065
500.0,1,15000.0,1500.0,0.00925956
500.0,3,15000.0,1500.0,0.00972378
1500.0,0.33,15000.0,300.0,0.00926177
1500.0,1,15000.0,300.0,0.0110149
1500.0,3,15000.0,300.0,0.00834386
166.0,0.33,15000.0,300.0,0.00956044
166.0,1,15000.0,300.0,0.00949653
166.0,3,15000.0,300.0,0.00902828
500.0,0.33,15000.0,300.0,0.00972618
500.0,1,15000.0,300.0,0.00947305
500.0,3,15000.0,300.0,0.00840125
1500.0,0.33,15000.0,500.0,0.00962488
1500.0,1,15000.0,500.0,0.00907844
1500.0,3,15000.0,500.0,0.00796363
166.0,0.33,15000.0,500.0,0.00960697
166.0,1,15000.0,500.0,0.0096666
166.0,3,15000.0,500.0,0.01036208
500.0,0.33,15000.0,500.0,0.00993529
500.0,1,15000.0,500.0,0.01041686
500.0,3,15000.0,500.0,0.00608776
1500.0,0.33,20.0,1500.0,0.00905281
1500.0,1,20.0,1500.0,0.01181695
1500.0,3,20.0,1500.0,0.00609429
166.0,0.33,20.0,1500.0,0.00960201
166.0,1,20.0,1500.0,0.0094955
166.0,3,20.0,1500.0,0.00991591
500.0,0.33,20.0,1500.0,0.00948724
500.0,1,20.0,1500.0,0.00960041
500.0,3,20.0,1500.0,0.0091194
1500.0,0.33,20.0,300.0,0.00960299
1500.0,1,20.0,300.0,0.00973446
1500.0,3,20.0,300.0,0.01594208
166.0,0.33,20.0,300.0,0.00950907
166.0,1,20.0,300.0,0.00953134
166.0,3,20.0,300.0,0.00986322
500.0,0.33,20.0,300.0,0.00956335
500.0,1,20.0,300.0,0.00958848
500.0,3,20.0,300.0,0.01173461
1500.0,0.33,20.0,500.0,0.00984196
1500.0,1,20.0,500.0,0.01000632
1500.0,3,20.0,500.0,0.01529611
166.0,0.33,20.0,500.0,0.00959614
166.0,1,20.0,500.0,0.0094596
166.0,3,20.0,500.0,0.00860822
500.0,0.33,20.0,500.0,0.00939516
500.0,1,20.0,500.0,0.00977283
500.0,3,20.0,500.0,0.01108683
1500.0,0.33,30.0,1500.0,0.00969093
1500.0,1,30.0,1500.0,0.00836603
1500.0,3,30.0,1500.0,0.00326528
166.0,0.33,30.0,1500.0,0.00965174
166.0,1,30.0,1500.0,0.00973891
166.0,3,30.0,1500.0,0.00975784
500.0,0.33,30.0,1500.0,0.0095036
500.0,1,30.0,1500.0,0.00914993
500.0,3,30.0,1500.0,0.01104665
1500.0,0.33,30.0,300.0,0.00963946
1500.0,1,30.0,300.0,0.00711972
1500.0,3,30.0,300.0,0.01698334
166.0,0.33,30.0,300.0,0.00958575
166.0,1,30.0,300.0,0.00957357
166.0,3,30.0,300.0,0.00973811
500.0,0.33,30.0,300.0,0.01013971
500.0,1,30.0,300.0,0.00974477
500.0,3,30.0,300.0,0.00973436
1500.0,0.33,30.0,500.0,0.00967439
1500.0,1,30.0,500.0,0.01116489
1500.0,3,30.0,500.0,0.0071615
166.0,0.33,30.0,500.0,0.00962368
166.0,1,30.0,500.0,0.0092604
166.0,3,30.0,500.0,0.01012485
500.0,0.33,30.0,500.0,0.00947318
500.0,1,30.0,500.0,0.00990625
500.0,3,30.0,500.0,0.00981095
1500.0,0.33,300.0,1500.0,0.00913359
1500.0,1,300.0,1500.0,0.00682279
1500.0,3,300.0,1500.0,0.00597824
166.0,0.33,300.0,1500.0,0.00956552
166.0,1,300.0,1500.0,0.00977858
166.0,3,300.0,1500.0,0.01057283
500.0,0.33,300.0,1500.0,0.00974831
500.0,1,300.0,1500.0,0.00950438
500.0,3,300.0,1500.0,0.01367408
1500.0,0.33,300.0,300.0,0.01057553
1500.0,1,300.0,300.0,0.01083136
1500.0,3,300.0,300.0,0.01096703
166.0,0.33,300.0,300.0,0.0095412
166.0,1,300.0,300.0,0.00999877
166.0,3,300.0,300.0,0.00976279
500.0,0.33,300.0,300.0,0.00949978
500.0,1,300.0,300.0,0.00923074
500.0,3,300.0,300.0,0.00886242
1500.0,0.33,300.0,500.0,0.0087282
1500.0,1,300.0,500.0,0.00919549
1500.0,3,300.0,500.0,0.0112551
166.0,0.33,300.0,500.0,0.00958964
166.0,1,300.0,500.0,0.00934163
166.0,3,300.0,500.0,0.00848679
500.0,0.33,300.0,500.0,0.00953715
500.0,1,300.0,500.0,0.00902668
500.0,3,300.0,500.0,0.00740748
1500.0,0.33,3000.0,1500.0,0.01039207
1500.0,1,3000.0,1500.0,0.01225371
1500.0,3,3000.0,1500.0,0.00829809
166.0,0.33,3000.0,1500.0,0.00963146
166.0,1,3000.0,1500.0,0.00968053
166.0,3,3000.0,1500.0,0.00919958
500.0,0.33,3000.0,1500.0,0.00980314
500.0,1,3000.0,1500.0,0.01078086
500.0,3,3000.0,1500.0,0.00918403
1500.0,0.33,3000.0,300.0,0.01024198
1500.0,1,3000.0,300.0,0.00742291
1500.0,3,3000.0,300.0,0.00972672
166.0,0.33,3000.0,300.0,0.00960333
166.0,1,3000.0,300.0,0.00964026
166.0,3,3000.0,300.0,0.00957207
500.0,0.33,3000.0,300.0,0.00935061
500.0,1,3000.0,300.0,0.00882009
500.0,3,3000.0,300.0,0.00877405
1500.0,0.33,3000.0,500.0,0.00946305
1500.0,1,3000.0,500.0,0.00828644
1500.0,3,3000.0,500.0,0.01235037
166.0,0.33,3000.0,500.0,0.00966137
166.0,1,3000.0,500.0,0.01007689
166.0,3,3000.0,500.0,0.00974084
500.0,0.33,3000.0,500.0,0.00963893
500.0,1,3000.0,500.0,0.0097428
500.0,3,3000.0,500.0,0.00726338
1500.0,0.33,50.0,1500.0,0.00885108
1500.0,1,50.0,1500.0,0.0128816
1500.0,3,50.0,1500.0,0.00930713
166.0,0.33,50.0,1500.0,0.00953598
166.0,1,50.0,1500.0,0.00984895
166.0,3,50.0,1500.0,0.00987289
500.0,0.33,50.0,1500.0,0.009617
500.0,1,50.0,1500.0,0.00981375
500.0,3,50.0,1500.0,0.01047156
1500.0,0.33,50.0,300.0,0.00960697
1500.0,1,50.0,300.0,0.0115077
1500.0,3,50.0,300.0,0.00809331
166.0,0.33,50.0,300.0,0.00958589
166.0,1,50.0,300.0,0.00952422
166.0,3,50.0,300.0,0.00872384
500.0,0.33,50.0,300.0,0.00971063
500.0,1,50.0,300.0,0.00909144
500.0,3,50.0,300.0,0.00780022
1500.0,0.33,50.0,500.0,0.01049683
1500.0,1,50.0,500.0,0.00993796
1500.0,3,50.0,500.0,0.01391024
166.0,0.33,50.0,500.0,0.00960039
166.0,1,50.0,500.0,0.00956295
166.0,3,50.0,500.0,0.00981893
500.0,0.33,50.0,500.0,0.00931001
500.0,1,50.0,500.0,0.00971844
500.0,3,50.0,500.0,0.00772666
1500.0,0.33,5000.0,1500.0,0.00972421
1500.0,1,5000.0,1500.0,0.00902729
1500.0,3,5000.0,1500.0,0.00878162
166.0,0.33,5000.0,1500.0,0.00953764
166.0,1,5000.0,1500.0,0.00939627
166.0,3,5000.0,1500.0,0.00857899
500.0,0.33,5000.0,1500.0,0.0096326
500.0,1,5000.0,1500.0,0.00989461
500.0,3,5000.0,1500.0,0.00747596
1500.0,0.33,5000.0,300.0,0.00947888
1500.0,1,5000.0,300.0,0.00865451
1500.0,3,5000.0,300.0,0.00399839
166.0,0.33,5000.0,300.0,0.009578
166.0,1,5000.0,300.0,0.00965401
166.0,3,5000.0,300.0,0.00842153
500.0,0.33,5000.0,300.0,0.00964693
500.0,1,5000.0,300.0,0.00929663
500.0,3,5000.0,300.0,0.00950641
1500.0,0.33,5000.0,500.0,0.0086639
1500.0,1,5000.0,500.0,0.00773932
1500.0,3,5000.0,500.0,0.01050451
166.0,0.33,5000.0,500.0,0.00958863
166.0,1,5000.0,500.0,0.00947485
166.0,3,5000.0,500.0,0.00991871
500.0,0.33,5000.0,500.0,0.00962267
500.0,1,5000.0,500.0,0.01095463
500.0,3,5000.0,500.0,0.00894551
1500.0,0.33,50000.0,1500.0,0.00910443
1500.0,1,50000.0,1500.0,0.00728907
1500.0,3,50000.0,1500.0,0.01201693
166.0,0.33,50000.0,1500.0,0.00944432
166.0,1,50000.0,1500.0,0.00981266
166.0,3,50000.0,1500.0,0.01051721
500.0,0.33,50000.0,1500.0,0.00978205
500.0,1,50000.0,1500.0,0.00900746
500.0,3,50000.0,1500.0,0.00823648
1500.0,0.33,50000.0,300.0,0.0088254
1500.0,1,50000.0,300.0,0.00807009
1500.0,3,50000.0,300.0,0.00316985
166.0,0.33,50000.0,300.0,0.00950494
166.0,1,50000.0,300.0,0.00979428
166.0,3,50000.0,300.0,0.00957824
500.0,0.33,50000.0,300.0,0.00967773
500.0,1,50000.0,300.0,0.00976747
500.0,3,50000.0,300.0,0.01022171
1500.0,0.33,50000.0,500.0,0.00967099
1500.0,1,50000.0,500.0,0.0106847
1500.0,3,50000.0,500.0,0.00790187
166.0,0.33,50000.0,500.0,0.00969005
166.0,1,50000.0,500.0,0.00952337
166.0,3,50000.0,500.0,0.0096502
500.0,0.33,50000.0,500.0,0.00933799
500.0,1,50000.0,500.0,0.00863593
500.0,3,50000.0,500.0,0.01185316
1500.0,0.33,75.0,1500.0,0.01020796
1500.0,1,75.0,1500.0,0.00708504
1500.0,3,75.0,1500.0,0.00566379
166.0,0.33,75.0,1500.0,0.00967853
166.0,1,75.0,1500.0,0.00962874
166.0,3,75.0,1500.0,0.01082244
500.0,0.33,75.0,1500.0,0.00976069
500.0,1,75.0,1500.0,0.01003564
500.0,3,75.0,1500.0,0.00975735
1500.0,0.33,75.0,300.0,0.00977405
1500.0,1,75.0,300.0,0.00961369
1500.0,3,75.0,300.0,0.00751687
166.0,0.33,75.0,300.0,0.0096048
166.0,1,75.0,300.0,0.00958928
166.0,3,75.0,300.0,0.00978554
500.0,0.33,75.0,300.0,0.00984381
500.0,1,75.0,300.0,0.00929136
500.0,3,75.0,300.0,0.00811326
1500.0,0.33,75.0,500.0,0.00929632
1500.0,1,75.0,500.0,0.00990346
1500.0,3,75.0,500.0,0.00636406
166.0,0.33,75.0,500.0,0.00944919
166.0,1,75.0,500.0,0.00973685
166.0,3,75.0,500.0,0.00888313
500.0,0.33,75.0,500.0,0.00935556
500.0,1,75.0,500.0,0.00927885
500.0,3,75.0,500.0,0.01218162
