lifetime, velocity, separation, clife, cof, face, fripscore
1500.0,1,100,15.0,15.0,0.0,0.01088321
1500.0,3,100,15.0,15.0,0.0,0.00609902
1500.0,1,300,15.0,15.0,0.0,0.010038909090909091
1500.0,3,300,15.0,15.0,0.0,0.010469151515151515
1500.0,1,500,15.0,15.0,0.0,0.0082864
1500.0,3,500,15.0,15.0,0.0,0.00586255
500.0,1,100,15.0,15.0,0.0,0.01020421
500.0,3,100,15.0,15.0,0.0,0.01024277
500.0,1,300,15.0,15.0,0.0,0.00948221212121212
500.0,3,300,15.0,15.0,0.0,0.009052090909090909
500.0,1,500,15.0,15.0,0.0,0.0112494
500.0,3,500,15.0,15.0,0.0,0.00848875
1500.0,0.33,100,10.0,1.0,0.1,0.01019756
1500.0,1,100,10.0,1.0,0.1,0.00867101
1500.0,3,100,10.0,1.0,0.1,0.00964057
166.0,0.33,100,10.0,1.0,0.1,0.00996699
166.0,1,100,10.0,1.0,0.1,0.00956564
166.0,3,100,10.0,1.0,0.1,0.00959228
500.0,0.33,100,10.0,1.0,0.1,0.00982342
500.0,1,100,10.0,1.0,0.1,0.01050238
500.0,3,100,10.0,1.0,0.1,0.00888049
1500.0,0.33,100,10.0,150.0,0.1,0.01070734
1500.0,1,100,10.0,150.0,0.1,0.00930849
1500.0,3,100,10.0,150.0,0.1,0.01475556
166.0,0.33,100,10.0,150.0,0.1,0.01015428
166.0,1,100,10.0,150.0,0.1,0.00961591
166.0,3,100,10.0,150.0,0.1,0.00952273
500.0,0.33,100,10.0,150.0,0.1,0.01029128
500.0,1,100,10.0,150.0,0.1,0.00892211
500.0,3,100,10.0,150.0,0.1,0.00914558
1500.0,0.33,100,10.0,3.0,0.1,0.01052192
1500.0,1,100,10.0,3.0,0.1,0.00852699
1500.0,3,100,10.0,3.0,0.1,0.01389593
166.0,0.33,100,10.0,3.0,0.1,0.01034452
166.0,1,100,10.0,3.0,0.1,0.00979628
166.0,3,100,10.0,3.0,0.1,0.00822988
500.0,0.33,100,10.0,3.0,0.1,0.01023887
500.0,1,100,10.0,3.0,0.1,0.00973116
500.0,3,100,10.0,3.0,0.1,0.00734107
1500.0,1,100,15.0,15.0,0.1,0.01327439
1500.0,3,100,15.0,15.0,0.1,0.00774672
1500.0,1,300,15.0,15.0,0.1,0.011186151515151515
1500.0,3,300,15.0,15.0,0.1,0.01889148484848485
1500.0,1,500,15.0,15.0,0.1,0.01046695
1500.0,3,500,15.0,15.0,0.1,0.0187179
500.0,1,100,15.0,15.0,0.1,0.00845417
500.0,3,100,15.0,15.0,0.1,0.01247617
500.0,1,300,15.0,15.0,0.1,0.010476424242424242
500.0,3,300,15.0,15.0,0.1,0.011546545454545455
500.0,1,500,15.0,15.0,0.1,0.01075895
500.0,3,500,15.0,15.0,0.1,0.0074383
1500.0,0.33,100,1500.0,1.0,0.1,0.01002928
1500.0,1,100,1500.0,1.0,0.1,0.00975966
1500.0,3,100,1500.0,1.0,0.1,0.00921936
166.0,0.33,100,1500.0,1.0,0.1,0.01019517
166.0,1,100,1500.0,1.0,0.1,0.00959742
166.0,3,100,1500.0,1.0,0.1,0.01003296
500.0,0.33,100,1500.0,1.0,0.1,0.01020166
500.0,1,100,1500.0,1.0,0.1,0.0103709
500.0,3,100,1500.0,1.0,0.1,0.00759526
1500.0,0.33,100,1500.0,150.0,0.1,0.01055698
1500.0,1,100,1500.0,150.0,0.1,0.00926057
1500.0,3,100,1500.0,150.0,0.1,0.01237676
166.0,0.33,100,1500.0,150.0,0.1,0.01019044
166.0,1,100,1500.0,150.0,0.1,0.00952598
166.0,3,100,1500.0,150.0,0.1,0.00964865
500.0,0.33,100,1500.0,150.0,0.1,0.01034084
500.0,1,100,1500.0,150.0,0.1,0.01006213
500.0,3,100,1500.0,150.0,0.1,0.01016228
1500.0,0.33,100,1500.0,3.0,0.1,0.00970461
1500.0,1,100,1500.0,3.0,0.1,0.00766221
1500.0,3,100,1500.0,3.0,0.1,0.00673461
166.0,0.33,100,1500.0,3.0,0.1,0.01011925
166.0,1,100,1500.0,3.0,0.1,0.01005654
166.0,3,100,1500.0,3.0,0.1,0.00975161
500.0,0.33,100,1500.0,3.0,0.1,0.01018916
500.0,1,100,1500.0,3.0,0.1,0.0099997
500.0,3,100,1500.0,3.0,0.1,0.0077386
1500.0,0.33,100,30.0,1.0,0.1,0.01024211
1500.0,1,100,30.0,1.0,0.1,0.00904315
1500.0,3,100,30.0,1.0,0.1,0.01521049
166.0,0.33,100,30.0,1.0,0.1,0.01019685
166.0,1,100,30.0,1.0,0.1,0.00987433
166.0,3,100,30.0,1.0,0.1,0.0092087
500.0,0.33,100,30.0,1.0,0.1,0.01015008
500.0,1,100,30.0,1.0,0.1,0.01119849
500.0,3,100,30.0,1.0,0.1,0.00772037
1500.0,0.33,100,30.0,150.0,0.1,0.0095548
1500.0,1,100,30.0,150.0,0.1,0.00980757
1500.0,3,100,30.0,150.0,0.1,0.01016011
166.0,0.33,100,30.0,150.0,0.1,0.01021368
166.0,1,100,30.0,150.0,0.1,0.00977229
166.0,3,100,30.0,150.0,0.1,0.00926846
500.0,0.33,100,30.0,150.0,0.1,0.00970639
500.0,1,100,30.0,150.0,0.1,0.00973219
500.0,3,100,30.0,150.0,0.1,0.0079734
1500.0,0.33,100,30.0,3.0,0.1,0.01010635
1500.0,1,100,30.0,3.0,0.1,0.00855425
1500.0,3,100,30.0,3.0,0.1,0.00768523
166.0,0.33,100,30.0,3.0,0.1,0.01005209
166.0,1,100,30.0,3.0,0.1,0.01004247
166.0,3,100,30.0,3.0,0.1,0.00940548
500.0,0.33,100,30.0,3.0,0.1,0.0102741
500.0,1,100,30.0,3.0,0.1,0.00956958
500.0,3,100,30.0,3.0,0.1,0.00664764
1500.0,1,100,15.0,15.0,0.2,0.00872265
1500.0,3,100,15.0,15.0,0.2,0.01031748
1500.0,1,300,15.0,15.0,0.2,0.010748242424242424
1500.0,3,300,15.0,15.0,0.2,0.012939272727272728
1500.0,1,500,15.0,15.0,0.2,0.00816975
1500.0,3,500,15.0,15.0,0.2,0.0091773
500.0,1,100,15.0,15.0,0.2,0.00932316
500.0,3,100,15.0,15.0,0.2,0.01456152
500.0,1,300,15.0,15.0,0.2,0.010221242424242424
500.0,3,300,15.0,15.0,0.2,0.011047363636363636
500.0,1,500,15.0,15.0,0.2,0.0097402
500.0,3,500,15.0,15.0,0.2,0.0108431
1500.0,0.33,100,10.0,1.0,0.3,0.01404176
1500.0,1,100,10.0,1.0,0.3,0.00994115
1500.0,3,100,10.0,1.0,0.3,0.01473056
166.0,0.33,100,10.0,1.0,0.3,0.01251339
166.0,1,100,10.0,1.0,0.3,0.01033448
166.0,3,100,10.0,1.0,0.3,0.00992672
500.0,0.33,100,10.0,1.0,0.3,0.01258308
500.0,1,100,10.0,1.0,0.3,0.00955076
500.0,3,100,10.0,1.0,0.3,0.01058584
1500.0,0.33,100,10.0,150.0,0.3,0.01240592
1500.0,1,100,10.0,150.0,0.3,0.0088887
1500.0,3,100,10.0,150.0,0.3,0.00825909
166.0,0.33,100,10.0,150.0,0.3,0.01250347
166.0,1,100,10.0,150.0,0.3,0.01029304
166.0,3,100,10.0,150.0,0.3,0.00976618
500.0,0.33,100,10.0,150.0,0.3,0.0124337
500.0,1,100,10.0,150.0,0.3,0.00990067
500.0,3,100,10.0,150.0,0.3,0.00902485
1500.0,0.33,100,10.0,3.0,0.3,0.01280807
1500.0,1,100,10.0,3.0,0.3,0.01018375
1500.0,3,100,10.0,3.0,0.3,0.01189497
166.0,0.33,100,10.0,3.0,0.3,0.01240882
166.0,1,100,10.0,3.0,0.3,0.01011218
166.0,3,100,10.0,3.0,0.3,0.01073021
500.0,0.33,100,10.0,3.0,0.3,0.01282388
500.0,1,100,10.0,3.0,0.3,0.01003241
500.0,3,100,10.0,3.0,0.3,0.01128759
1500.0,1,100,15.0,15.0,0.3,0.01113688
1500.0,3,100,15.0,15.0,0.3,0.00723093
1500.0,1,300,15.0,15.0,0.3,0.009150848484848486
1500.0,3,300,15.0,15.0,0.3,0.006662848484848485
1500.0,1,500,15.0,15.0,0.3,0.00989675
1500.0,3,500,15.0,15.0,0.3,0.00525885
500.0,1,100,15.0,15.0,0.3,0.00983811
500.0,3,100,15.0,15.0,0.3,0.00802023
500.0,1,300,15.0,15.0,0.3,0.009868424242424243
500.0,3,300,15.0,15.0,0.3,0.008988484848484848
500.0,1,500,15.0,15.0,0.3,0.0114888
500.0,3,500,15.0,15.0,0.3,0.00830525
1500.0,0.33,100,1500.0,1.0,0.3,0.01264736
1500.0,1,100,1500.0,1.0,0.3,0.01013439
1500.0,3,100,1500.0,1.0,0.3,0.00821927
166.0,0.33,100,1500.0,1.0,0.3,0.01249933
166.0,1,100,1500.0,1.0,0.3,0.01057422
166.0,3,100,1500.0,1.0,0.3,0.00884638
500.0,0.33,100,1500.0,1.0,0.3,0.01279936
500.0,1,100,1500.0,1.0,0.3,0.00972119
500.0,3,100,1500.0,1.0,0.3,0.01437917
1500.0,0.33,100,1500.0,150.0,0.3,0.01244522
1500.0,1,100,1500.0,150.0,0.3,0.00987723
1500.0,3,100,1500.0,150.0,0.3,0.00926021
166.0,0.33,100,1500.0,150.0,0.3,0.01224472
166.0,1,100,1500.0,150.0,0.3,0.01038488
166.0,3,100,1500.0,150.0,0.3,0.01011228
500.0,0.33,100,1500.0,150.0,0.3,0.01274715
500.0,1,100,1500.0,150.0,0.3,0.00971387
500.0,3,100,1500.0,150.0,0.3,0.00818844
1500.0,0.33,100,1500.0,3.0,0.3,0.01372756
1500.0,1,100,1500.0,3.0,0.3,0.01240952
1500.0,3,100,1500.0,3.0,0.3,0.00755132
166.0,0.33,100,1500.0,3.0,0.3,0.0125501
166.0,1,100,1500.0,3.0,0.3,0.01037394
166.0,3,100,1500.0,3.0,0.3,0.00994045
500.0,0.33,100,1500.0,3.0,0.3,0.01274307
500.0,1,100,1500.0,3.0,0.3,0.01051408
500.0,3,100,1500.0,3.0,0.3,0.00848383
1500.0,0.33,100,30.0,1.0,0.3,0.01159463
1500.0,1,100,30.0,1.0,0.3,0.01079902
1500.0,3,100,30.0,1.0,0.3,0.01032345
166.0,0.33,100,30.0,1.0,0.3,0.01248685
166.0,1,100,30.0,1.0,0.3,0.00973195
166.0,3,100,30.0,1.0,0.3,0.01084173
500.0,0.33,100,30.0,1.0,0.3,0.01262944
500.0,1,100,30.0,1.0,0.3,0.00971693
500.0,3,100,30.0,1.0,0.3,0.01101721
1500.0,0.33,100,30.0,150.0,0.3,0.01356321
1500.0,1,100,30.0,150.0,0.3,0.0093888
1500.0,3,100,30.0,150.0,0.3,0.01237187
166.0,0.33,100,30.0,150.0,0.3,0.01244128
166.0,1,100,30.0,150.0,0.3,0.01011377
166.0,3,100,30.0,150.0,0.3,0.00983645
500.0,0.33,100,30.0,150.0,0.3,0.01267883
500.0,1,100,30.0,150.0,0.3,0.0102026
500.0,3,100,30.0,150.0,0.3,0.01112349
1500.0,0.33,100,30.0,3.0,0.3,0.01406304
1500.0,1,100,30.0,3.0,0.3,0.0072724
1500.0,3,100,30.0,3.0,0.3,0.0050552
166.0,0.33,100,30.0,3.0,0.3,0.01268995
166.0,1,100,30.0,3.0,0.3,0.01028566
166.0,3,100,30.0,3.0,0.3,0.00928505
500.0,0.33,100,30.0,3.0,0.3,0.01288617
500.0,1,100,30.0,3.0,0.3,0.01014413
500.0,3,100,30.0,3.0,0.3,0.00793942
1500.0,1,100,15.0,15.0,0.4,0.0143328
1500.0,3,100,15.0,15.0,0.4,0.00605053
1500.0,1,300,15.0,15.0,0.4,0.007377636363636364
1500.0,3,300,15.0,15.0,0.4,0.004526545454545455
1500.0,1,500,15.0,15.0,0.4,0.00941775
1500.0,3,500,15.0,15.0,0.4,0.00696825
500.0,1,100,15.0,15.0,0.4,0.00970155
500.0,3,100,15.0,15.0,0.4,0.0122933
500.0,1,300,15.0,15.0,0.4,0.010683848484848485
500.0,3,300,15.0,15.0,0.4,0.009196454545454546
500.0,1,500,15.0,15.0,0.4,0.01023575
500.0,3,500,15.0,15.0,0.4,0.00914135
1500.0,0.33,100,10.0,1.0,0.5,0.02026921
1500.0,1,100,10.0,1.0,0.5,0.01197057
1500.0,3,100,10.0,1.0,0.5,0.02754976
166.0,0.33,100,10.0,1.0,0.5,0.01896897
166.0,1,100,10.0,1.0,0.5,0.01089623
166.0,3,100,10.0,1.0,0.5,0.01024319
500.0,0.33,100,10.0,1.0,0.5,0.01976885
500.0,1,100,10.0,1.0,0.5,0.01066153
500.0,3,100,10.0,1.0,0.5,0.0099086
1500.0,0.33,100,10.0,150.0,0.5,0.02191181
1500.0,1,100,10.0,150.0,0.5,0.01116217
1500.0,3,100,10.0,150.0,0.5,0.00637775
166.0,0.33,100,10.0,150.0,0.5,0.01923058
166.0,1,100,10.0,150.0,0.5,0.01156173
166.0,3,100,10.0,150.0,0.5,0.01060605
500.0,0.33,100,10.0,150.0,0.5,0.02024782
500.0,1,100,10.0,150.0,0.5,0.01099446
500.0,3,100,10.0,150.0,0.5,0.00910201
1500.0,0.33,100,10.0,3.0,0.5,0.02126793
1500.0,1,100,10.0,3.0,0.5,0.01312834
1500.0,3,100,10.0,3.0,0.5,0.0073465
166.0,0.33,100,10.0,3.0,0.5,0.01943932
166.0,1,100,10.0,3.0,0.5,0.01129036
166.0,3,100,10.0,3.0,0.5,0.00950319
500.0,0.33,100,10.0,3.0,0.5,0.0203505
500.0,1,100,10.0,3.0,0.5,0.01292397
500.0,3,100,10.0,3.0,0.5,0.01102261
1500.0,1,100,15.0,15.0,0.5,0.01020945
1500.0,3,100,15.0,15.0,0.5,0.00479997
1500.0,1,300,15.0,15.0,0.5,0.009347363636363636
1500.0,3,300,15.0,15.0,0.5,0.005132333333333333
1500.0,1,500,15.0,15.0,0.5,0.00917215
1500.0,3,500,15.0,15.0,0.5,0.0059495
500.0,1,100,15.0,15.0,0.5,0.01118923
500.0,3,100,15.0,15.0,0.5,0.01012358
500.0,1,300,15.0,15.0,0.5,0.010418818181818182
500.0,3,300,15.0,15.0,0.5,0.008046757575757575
500.0,1,500,15.0,15.0,0.5,0.01073045
500.0,3,500,15.0,15.0,0.5,0.0119936
1500.0,0.33,100,1500.0,1.0,0.5,0.02172682
1500.0,1,100,1500.0,1.0,0.5,0.01347164
1500.0,3,100,1500.0,1.0,0.5,0.00602815
166.0,0.33,100,1500.0,1.0,0.5,0.01954811
166.0,1,100,1500.0,1.0,0.5,0.01113756
166.0,3,100,1500.0,1.0,0.5,0.0096858
500.0,0.33,100,1500.0,1.0,0.5,0.02042292
500.0,1,100,1500.0,1.0,0.5,0.01146177
500.0,3,100,1500.0,1.0,0.5,0.01154857
1500.0,0.33,100,1500.0,150.0,0.5,0.02178154
1500.0,1,100,1500.0,150.0,0.5,0.0105718
1500.0,3,100,1500.0,150.0,0.5,0.01117419
166.0,0.33,100,1500.0,150.0,0.5,0.01911693
166.0,1,100,1500.0,150.0,0.5,0.01146554
166.0,3,100,1500.0,150.0,0.5,0.00953828
500.0,0.33,100,1500.0,150.0,0.5,0.02087761
500.0,1,100,1500.0,150.0,0.5,0.01097977
500.0,3,100,1500.0,150.0,0.5,0.0075877
1500.0,0.33,100,1500.0,3.0,0.5,0.01933417
1500.0,1,100,1500.0,3.0,0.5,0.00880541
1500.0,3,100,1500.0,3.0,0.5,0.01316396
166.0,0.33,100,1500.0,3.0,0.5,0.01925287
166.0,1,100,1500.0,3.0,0.5,0.01091271
166.0,3,100,1500.0,3.0,0.5,0.01028246
500.0,0.33,100,1500.0,3.0,0.5,0.02026761
500.0,1,100,1500.0,3.0,0.5,0.01088776
500.0,3,100,1500.0,3.0,0.5,0.00834341
1500.0,0.33,100,30.0,1.0,0.5,0.02205601
1500.0,1,100,30.0,1.0,0.5,0.01241913
1500.0,3,100,30.0,1.0,0.5,0.0061671
166.0,0.33,100,30.0,1.0,0.5,0.01925408
166.0,1,100,30.0,1.0,0.5,0.01102664
166.0,3,100,30.0,1.0,0.5,0.01092398
500.0,0.33,100,30.0,1.0,0.5,0.0204779
500.0,1,100,30.0,1.0,0.5,0.01260341
500.0,3,100,30.0,1.0,0.5,0.01092922
1500.0,0.33,100,30.0,150.0,0.5,0.01996224
1500.0,1,100,30.0,150.0,0.5,0.01128985
1500.0,3,100,30.0,150.0,0.5,0.00449799
166.0,0.33,100,30.0,150.0,0.5,0.01924448
166.0,1,100,30.0,150.0,0.5,0.0111396
166.0,3,100,30.0,150.0,0.5,0.00915621
500.0,0.33,100,30.0,150.0,0.5,0.02009456
500.0,1,100,30.0,150.0,0.5,0.0108352
500.0,3,100,30.0,150.0,0.5,0.00769304
1500.0,0.33,100,30.0,3.0,0.5,0.02053621
1500.0,1,100,30.0,3.0,0.5,0.0097294
1500.0,3,100,30.0,3.0,0.5,0.00558177
166.0,0.33,100,30.0,3.0,0.5,0.0195355
166.0,1,100,30.0,3.0,0.5,0.01118328
166.0,3,100,30.0,3.0,0.5,0.01015401
500.0,0.33,100,30.0,3.0,0.5,0.02040611
500.0,1,100,30.0,3.0,0.5,0.01153848
500.0,3,100,30.0,3.0,0.5,0.00941324
1500.0,1,100,15.0,15.0,0.6,0.00990761
1500.0,3,100,15.0,15.0,0.6,0.00243074
1500.0,1,300,15.0,15.0,0.6,0.009845121212121211
1500.0,3,300,15.0,15.0,0.6,0.008317666666666666
1500.0,1,500,15.0,15.0,0.6,0.01004405
1500.0,3,500,15.0,15.0,0.6,0.01808225
500.0,1,100,15.0,15.0,0.6,0.01219878
500.0,3,100,15.0,15.0,0.6,0.00760783
500.0,1,300,15.0,15.0,0.6,0.011687727272727273
500.0,3,300,15.0,15.0,0.6,0.008611424242424242
500.0,1,500,15.0,15.0,0.6,0.01171565
500.0,3,500,15.0,15.0,0.6,0.00876245
1500.0,0.33,100,10.0,1.0,0.7,0.06444176
1500.0,1,100,10.0,1.0,0.7,0.01256618
1500.0,3,100,10.0,1.0,0.7,0.0165669
166.0,0.33,100,10.0,1.0,0.7,0.04321757
166.0,1,100,10.0,1.0,0.7,0.01306501
166.0,3,100,10.0,1.0,0.7,0.01009127
500.0,0.33,100,10.0,1.0,0.7,0.05657406
500.0,1,100,10.0,1.0,0.7,0.01308922
500.0,3,100,10.0,1.0,0.7,0.01217851
1500.0,0.33,100,10.0,150.0,0.7,0.0627685
1500.0,1,100,10.0,150.0,0.7,0.01295063
1500.0,3,100,10.0,150.0,0.7,0.00715465
166.0,0.33,100,10.0,150.0,0.7,0.04338973
166.0,1,100,10.0,150.0,0.7,0.01315942
166.0,3,100,10.0,150.0,0.7,0.00967994
500.0,0.33,100,10.0,150.0,0.7,0.05654481
500.0,1,100,10.0,150.0,0.7,0.01355712
500.0,3,100,10.0,150.0,0.7,0.01060512
1500.0,0.33,100,10.0,3.0,0.7,0.06200173
1500.0,1,100,10.0,3.0,0.7,0.01210285
1500.0,3,100,10.0,3.0,0.7,0.00748365
166.0,0.33,100,10.0,3.0,0.7,0.04328668
166.0,1,100,10.0,3.0,0.7,0.01271857
166.0,3,100,10.0,3.0,0.7,0.0102609
500.0,0.33,100,10.0,3.0,0.7,0.05640032
500.0,1,100,10.0,3.0,0.7,0.01306291
500.0,3,100,10.0,3.0,0.7,0.01098366
1500.0,1,100,15.0,15.0,0.7,0.01406454
1500.0,3,100,15.0,15.0,0.7,0.00957697
1500.0,1,300,15.0,15.0,0.7,0.010526212121212122
1500.0,3,300,15.0,15.0,0.7,0.00872360606060606
1500.0,1,500,15.0,15.0,0.7,0.0143818
1500.0,3,500,15.0,15.0,0.7,0.00680835
500.0,1,100,15.0,15.0,0.7,0.012921
500.0,3,100,15.0,15.0,0.7,0.01062466
500.0,1,300,15.0,15.0,0.7,0.012802424242424242
500.0,3,300,15.0,15.0,0.7,0.010237636363636364
500.0,1,500,15.0,15.0,0.7,0.0144061
500.0,3,500,15.0,15.0,0.7,0.0128813
1500.0,0.33,100,1500.0,1.0,0.7,0.06222173
1500.0,1,100,1500.0,1.0,0.7,0.01337763
1500.0,3,100,1500.0,1.0,0.7,0.0166879
166.0,0.33,100,1500.0,1.0,0.7,0.04372505
166.0,1,100,1500.0,1.0,0.7,0.01317157
166.0,3,100,1500.0,1.0,0.7,0.01041683
500.0,0.33,100,1500.0,1.0,0.7,0.0556519
500.0,1,100,1500.0,1.0,0.7,0.01308055
500.0,3,100,1500.0,1.0,0.7,0.0093761
1500.0,0.33,100,1500.0,150.0,0.7,0.06166874
1500.0,1,100,1500.0,150.0,0.7,0.01410152
1500.0,3,100,1500.0,150.0,0.7,0.01252235
166.0,0.33,100,1500.0,150.0,0.7,0.04331108
166.0,1,100,1500.0,150.0,0.7,0.01348541
166.0,3,100,1500.0,150.0,0.7,0.01040194
500.0,0.33,100,1500.0,150.0,0.7,0.05660457
500.0,1,100,1500.0,150.0,0.7,0.01317173
500.0,3,100,1500.0,150.0,0.7,0.00781591
1500.0,0.33,100,1500.0,3.0,0.7,0.06100086
1500.0,1,100,1500.0,3.0,0.7,0.01122284
1500.0,3,100,1500.0,3.0,0.7,0.01010125
166.0,0.33,100,1500.0,3.0,0.7,0.04328778
166.0,1,100,1500.0,3.0,0.7,0.01313095
166.0,3,100,1500.0,3.0,0.7,0.01083727
500.0,0.33,100,1500.0,3.0,0.7,0.05676942
500.0,1,100,1500.0,3.0,0.7,0.01301377
500.0,3,100,1500.0,3.0,0.7,0.00856341
1500.0,0.33,100,30.0,1.0,0.7,0.05935784
1500.0,1,100,30.0,1.0,0.7,0.01170316
1500.0,3,100,30.0,1.0,0.7,0.00936912
166.0,0.33,100,30.0,1.0,0.7,0.04309341
166.0,1,100,30.0,1.0,0.7,0.01340324
166.0,3,100,30.0,1.0,0.7,0.0098494
500.0,0.33,100,30.0,1.0,0.7,0.0562082
500.0,1,100,30.0,1.0,0.7,0.01231935
500.0,3,100,30.0,1.0,0.7,0.0096729
1500.0,0.33,100,30.0,150.0,0.7,0.06155189
1500.0,1,100,30.0,150.0,0.7,0.01103473
1500.0,3,100,30.0,150.0,0.7,0.01287964
166.0,0.33,100,30.0,150.0,0.7,0.04300889
166.0,1,100,30.0,150.0,0.7,0.01298407
166.0,3,100,30.0,150.0,0.7,0.01001203
500.0,0.33,100,30.0,150.0,0.7,0.05688859
500.0,1,100,30.0,150.0,0.7,0.01224413
500.0,3,100,30.0,150.0,0.7,0.01100246
1500.0,0.33,100,30.0,3.0,0.7,0.06216857
1500.0,1,100,30.0,3.0,0.7,0.01348438
1500.0,3,100,30.0,3.0,0.7,0.01374562
166.0,0.33,100,30.0,3.0,0.7,0.04298793
166.0,1,100,30.0,3.0,0.7,0.01331381
166.0,3,100,30.0,3.0,0.7,0.01032745
500.0,0.33,100,30.0,3.0,0.7,0.05605992
500.0,1,100,30.0,3.0,0.7,0.01225105
500.0,3,100,30.0,3.0,0.7,0.01025509
1500.0,1,100,15.0,15.0,0.85,0.01268504
1500.0,3,100,15.0,15.0,0.85,0.00988305
1500.0,1,300,15.0,15.0,0.85,0.01659757575757576
1500.0,3,300,15.0,15.0,0.85,0.007732787878787879
1500.0,1,500,15.0,15.0,0.85,0.02006155
1500.0,3,500,15.0,15.0,0.85,0.0102365
500.0,1,100,15.0,15.0,0.85,0.01795571
500.0,3,100,15.0,15.0,0.85,0.00866193
500.0,1,300,15.0,15.0,0.85,0.01709621212121212
500.0,3,300,15.0,15.0,0.85,0.012796939393939393
500.0,1,500,15.0,15.0,0.85,0.0178445
500.0,3,500,15.0,15.0,0.85,0.0116018
1500.0,0.33,100,10.0,1.0,0.8,0.15048416
1500.0,1,100,10.0,1.0,0.8,0.01493946
1500.0,3,100,10.0,1.0,0.8,0.02376851
166.0,0.33,100,10.0,1.0,0.8,0.06663364
166.0,1,100,10.0,1.0,0.8,0.01544305
166.0,3,100,10.0,1.0,0.8,0.01164613
500.0,0.33,100,10.0,1.0,0.8,0.115092
500.0,1,100,10.0,1.0,0.8,0.01537205
500.0,3,100,10.0,1.0,0.8,0.0097178
1500.0,0.33,100,10.0,150.0,0.8,0.15326713
1500.0,1,100,10.0,150.0,0.8,0.01285017
1500.0,3,100,10.0,150.0,0.8,0.01982379
166.0,0.33,100,10.0,150.0,0.8,0.06563924
166.0,1,100,10.0,150.0,0.8,0.0160023
166.0,3,100,10.0,150.0,0.8,0.00996781
500.0,0.33,100,10.0,150.0,0.8,0.11572223
500.0,1,100,10.0,150.0,0.8,0.01587021
500.0,3,100,10.0,150.0,0.8,0.00837783
1500.0,0.33,100,10.0,3.0,0.8,0.15306802
1500.0,1,100,10.0,3.0,0.8,0.01293045
1500.0,3,100,10.0,3.0,0.8,0.01771258
166.0,0.33,100,10.0,3.0,0.8,0.06730042
166.0,1,100,10.0,3.0,0.8,0.01636544
166.0,3,100,10.0,3.0,0.8,0.01037422
500.0,0.33,100,10.0,3.0,0.8,0.1155939
500.0,1,100,10.0,3.0,0.8,0.01634933
500.0,3,100,10.0,3.0,0.8,0.01213769
1500.0,1,100,15.0,15.0,0.8,0.01433312
1500.0,3,100,15.0,15.0,0.8,0.01374268
1500.0,1,300,15.0,15.0,0.8,0.015302727272727273
1500.0,3,300,15.0,15.0,0.8,0.005554757575757576
1500.0,1,500,15.0,15.0,0.8,0.01738645
1500.0,3,500,15.0,15.0,0.8,0.01361105
500.0,1,100,15.0,15.0,0.8,0.01532779
500.0,3,100,15.0,15.0,0.8,0.00862952
500.0,1,300,15.0,15.0,0.8,0.014436181818181818
500.0,3,300,15.0,15.0,0.8,0.009107181818181818
500.0,1,500,15.0,15.0,0.8,0.0164638
500.0,3,500,15.0,15.0,0.8,0.0151623
1500.0,0.33,100,1500.0,1.0,0.8,0.1500562
1500.0,1,100,1500.0,1.0,0.8,0.01615005
1500.0,3,100,1500.0,1.0,0.8,0.01473085
166.0,0.33,100,1500.0,1.0,0.8,0.0672233
166.0,1,100,1500.0,1.0,0.8,0.01573186
166.0,3,100,1500.0,1.0,0.8,0.01202614
500.0,0.33,100,1500.0,1.0,0.8,0.11362034
500.0,1,100,1500.0,1.0,0.8,0.01538961
500.0,3,100,1500.0,1.0,0.8,0.01115075
1500.0,0.33,100,1500.0,150.0,0.8,0.15373782
1500.0,1,100,1500.0,150.0,0.8,0.01865604
1500.0,3,100,1500.0,150.0,0.8,0.01065195
166.0,0.33,100,1500.0,150.0,0.8,0.06648336
166.0,1,100,1500.0,150.0,0.8,0.01542103
166.0,3,100,1500.0,150.0,0.8,0.011236
500.0,0.33,100,1500.0,150.0,0.8,0.1146244
500.0,1,100,1500.0,150.0,0.8,0.01668812
500.0,3,100,1500.0,150.0,0.8,0.01026743
1500.0,0.33,100,1500.0,3.0,0.8,0.14909749
1500.0,1,100,1500.0,3.0,0.8,0.01695505
1500.0,3,100,1500.0,3.0,0.8,0.01043142
166.0,0.33,100,1500.0,3.0,0.8,0.06703861
166.0,1,100,1500.0,3.0,0.8,0.0158803
166.0,3,100,1500.0,3.0,0.8,0.00991668
500.0,0.33,100,1500.0,3.0,0.8,0.1141059
500.0,1,100,1500.0,3.0,0.8,0.01588222
500.0,3,100,1500.0,3.0,0.8,0.01100054
1500.0,0.33,100,30.0,1.0,0.8,0.15124889
1500.0,1,100,30.0,1.0,0.8,0.01434472
1500.0,3,100,30.0,1.0,0.8,0.01556102
166.0,0.33,100,30.0,1.0,0.8,0.06619667
166.0,1,100,30.0,1.0,0.8,0.0151308
166.0,3,100,30.0,1.0,0.8,0.01007639
500.0,0.33,100,30.0,1.0,0.8,0.11533198
500.0,1,100,30.0,1.0,0.8,0.01508256
500.0,3,100,30.0,1.0,0.8,0.00951313
1500.0,0.33,100,30.0,150.0,0.8,0.1479261
1500.0,1,100,30.0,150.0,0.8,0.01815468
1500.0,3,100,30.0,150.0,0.8,0.00621119
166.0,0.33,100,30.0,150.0,0.8,0.06737368
166.0,1,100,30.0,150.0,0.8,0.01618915
166.0,3,100,30.0,150.0,0.8,0.01105022
500.0,0.33,100,30.0,150.0,0.8,0.11834269
500.0,1,100,30.0,150.0,0.8,0.0149415
500.0,3,100,30.0,150.0,0.8,0.00949718
1500.0,0.33,100,30.0,3.0,0.8,0.15099025
1500.0,1,100,30.0,3.0,0.8,0.01929194
1500.0,3,100,30.0,3.0,0.8,0.01581774
166.0,0.33,100,30.0,3.0,0.8,0.06962116
166.0,1,100,30.0,3.0,0.8,0.01568566
166.0,3,100,30.0,3.0,0.8,0.01059516
500.0,0.33,100,30.0,3.0,0.8,0.11451902
500.0,1,100,30.0,3.0,0.8,0.01531463
500.0,3,100,30.0,3.0,0.8,0.00972554
1500.0,1,100,15.0,15.0,0.93,0.0290304
1500.0,3,100,15.0,15.0,0.93,0.01215176
1500.0,1,300,15.0,15.0,0.93,0.028081575757575757
1500.0,3,300,15.0,15.0,0.93,0.01095260606060606
1500.0,1,500,15.0,15.0,0.93,0.03195855
1500.0,3,500,15.0,15.0,0.93,0.01752595
500.0,1,100,15.0,15.0,0.93,0.0301093
500.0,3,100,15.0,15.0,0.93,0.00847527
500.0,1,300,15.0,15.0,0.93,0.029978484848484848
500.0,3,300,15.0,15.0,0.93,0.013486181818181819
500.0,1,500,15.0,15.0,0.93,0.0281758
500.0,3,500,15.0,15.0,0.93,0.01033425
1500.0,1,100,15.0,15.0,0.95,0.03581319
1500.0,3,100,15.0,15.0,0.95,0.01058439
1500.0,1,300,15.0,15.0,0.95,0.042006242424242425
1500.0,3,300,15.0,15.0,0.95,0.01147721212121212
1500.0,1,500,15.0,15.0,0.95,0.03736705
1500.0,3,500,15.0,15.0,0.95,0.00618125
500.0,1,100,15.0,15.0,0.95,0.0379467
500.0,3,100,15.0,15.0,0.95,0.01246652
500.0,1,300,15.0,15.0,0.95,0.03764454545454545
500.0,3,300,15.0,15.0,0.95,0.012521363636363636
500.0,1,500,15.0,15.0,0.95,0.0359917
500.0,3,500,15.0,15.0,0.95,0.0115958
1500.0,1,100,15.0,15.0,0.96,0.0475942
1500.0,3,100,15.0,15.0,0.96,0.00829716
1500.0,1,300,15.0,15.0,0.96,0.05391593939393939
1500.0,3,300,15.0,15.0,0.96,0.008058848484848485
1500.0,1,500,15.0,15.0,0.96,0.0403994
1500.0,3,500,15.0,15.0,0.96,0.01139005
500.0,1,100,15.0,15.0,0.96,0.04627016
500.0,3,100,15.0,15.0,0.96,0.01333334
500.0,1,300,15.0,15.0,0.96,0.04455021212121212
500.0,3,300,15.0,15.0,0.96,0.014002818181818182
500.0,1,500,15.0,15.0,0.96,0.0435928
500.0,3,500,15.0,15.0,0.96,0.0109845
1500.0,1,100,15.0,15.0,0.97,0.05256836
1500.0,3,100,15.0,15.0,0.97,0.00945937
1500.0,1,300,15.0,15.0,0.97,0.0486309696969697
1500.0,3,300,15.0,15.0,0.97,0.012685
1500.0,1,500,15.0,15.0,0.97,0.05711325
1500.0,3,500,15.0,15.0,0.97,0.0167314
500.0,1,100,15.0,15.0,0.97,0.05511543
500.0,3,100,15.0,15.0,0.97,0.01688918
500.0,1,300,15.0,15.0,0.97,0.05197
500.0,3,300,15.0,15.0,0.97,0.012506333333333333
500.0,1,500,15.0,15.0,0.97,0.0529598
500.0,3,500,15.0,15.0,0.97,0.0125233
1500.0,1,100,15.0,15.0,0.98,0.07882949
1500.0,3,100,15.0,15.0,0.98,0.01808789
1500.0,1,300,15.0,15.0,0.98,0.06850836363636363
1500.0,3,300,15.0,15.0,0.98,0.016923121212121212
1500.0,1,500,15.0,15.0,0.98,0.084124
1500.0,3,500,15.0,15.0,0.98,0.0096896
500.0,1,100,15.0,15.0,0.98,0.07305209
500.0,3,100,15.0,15.0,0.98,0.014044
500.0,1,300,15.0,15.0,0.98,0.07512360606060606
500.0,3,300,15.0,15.0,0.98,0.016927
500.0,1,500,15.0,15.0,0.98,0.07524975
500.0,3,500,15.0,15.0,0.98,0.01483805
1500.0,1,100,15.0,15.0,0.99,0.13320259
1500.0,3,100,15.0,15.0,0.99,0.0120724
1500.0,1,300,15.0,15.0,0.99,0.14347878787878787
1500.0,3,300,15.0,15.0,0.99,0.008786575757575757
1500.0,1,500,15.0,15.0,0.99,0.13217395
1500.0,3,500,15.0,15.0,0.99,0.02655025
500.0,1,100,15.0,15.0,0.99,0.12518671
500.0,3,100,15.0,15.0,0.99,0.01366727
500.0,1,300,15.0,15.0,0.99,0.12453775757575758
500.0,3,300,15.0,15.0,0.99,0.011178727272727272
500.0,1,500,15.0,15.0,0.99,0.12435255
500.0,3,500,15.0,15.0,0.99,0.0136166
1500.0,0.33,100,10.0,1.0,0.9,0.35567154
1500.0,1,100,10.0,1.0,0.9,0.02147828
1500.0,3,100,10.0,1.0,0.9,0.00488285
166.0,0.33,100,10.0,1.0,0.9,0.08605567
166.0,1,100,10.0,1.0,0.9,0.0230813
166.0,3,100,10.0,1.0,0.9,0.01212107
500.0,0.33,100,10.0,1.0,0.9,0.19800003
500.0,1,100,10.0,1.0,0.9,0.02352583
500.0,3,100,10.0,1.0,0.9,0.01458363
1500.0,0.33,100,10.0,150.0,0.9,0.36245275
1500.0,1,100,10.0,150.0,0.9,0.02557178
1500.0,3,100,10.0,150.0,0.9,0.00710161
166.0,0.33,100,10.0,150.0,0.9,0.08669004
166.0,1,100,10.0,150.0,0.9,0.02275477
166.0,3,100,10.0,150.0,0.9,0.01129036
500.0,0.33,100,10.0,150.0,0.9,0.20006171
500.0,1,100,10.0,150.0,0.9,0.02450553
500.0,3,100,10.0,150.0,0.9,0.00998326
1500.0,0.33,100,10.0,3.0,0.9,0.35836117
1500.0,1,100,10.0,3.0,0.9,0.0223774
1500.0,3,100,10.0,3.0,0.9,0.01219079
166.0,0.33,100,10.0,3.0,0.9,0.08547559
166.0,1,100,10.0,3.0,0.9,0.02365573
166.0,3,100,10.0,3.0,0.9,0.01115495
500.0,0.33,100,10.0,3.0,0.9,0.19699864
500.0,1,100,10.0,3.0,0.9,0.02213649
500.0,3,100,10.0,3.0,0.9,0.01324194
1500.0,1,100,15.0,15.0,0.9,0.01927597
1500.0,3,100,15.0,15.0,0.9,0.01187884
1500.0,1,300,15.0,15.0,0.9,0.01993030303030303
1500.0,3,300,15.0,15.0,0.9,0.009068818181818181
1500.0,1,500,15.0,15.0,0.9,0.0248759
1500.0,3,500,15.0,15.0,0.9,0.01816835
500.0,1,100,15.0,15.0,0.9,0.02273905
500.0,3,100,15.0,15.0,0.9,0.01312503
500.0,1,300,15.0,15.0,0.9,0.022864363636363638
500.0,3,300,15.0,15.0,0.9,0.01267221212121212
500.0,1,500,15.0,15.0,0.9,0.02239625
500.0,3,500,15.0,15.0,0.9,0.0132293
1500.0,0.33,100,1500.0,1.0,0.9,0.35848178
1500.0,1,100,1500.0,1.0,0.9,0.01916993
1500.0,3,100,1500.0,1.0,0.9,0.01282884
166.0,0.33,100,1500.0,1.0,0.9,0.0876594
166.0,1,100,1500.0,1.0,0.9,0.02351833
166.0,3,100,1500.0,1.0,0.9,0.01188227
500.0,0.33,100,1500.0,1.0,0.9,0.19401601
500.0,1,100,1500.0,1.0,0.9,0.02303886
500.0,3,100,1500.0,1.0,0.9,0.0126714
1500.0,0.33,100,1500.0,150.0,0.9,0.36054786
1500.0,1,100,1500.0,150.0,0.9,0.02065786
1500.0,3,100,1500.0,150.0,0.9,0.00953654
166.0,0.33,100,1500.0,150.0,0.9,0.08615476
166.0,1,100,1500.0,150.0,0.9,0.02258307
166.0,3,100,1500.0,150.0,0.9,0.01250525
500.0,0.33,100,1500.0,150.0,0.9,0.19591738
500.0,1,100,1500.0,150.0,0.9,0.02281117
500.0,3,100,1500.0,150.0,0.9,0.01151611
1500.0,0.33,100,1500.0,3.0,0.9,0.35903941
1500.0,1,100,1500.0,3.0,0.9,0.02544954
1500.0,3,100,1500.0,3.0,0.9,0.00852493
166.0,0.33,100,1500.0,3.0,0.9,0.08658846
166.0,1,100,1500.0,3.0,0.9,0.02275546
166.0,3,100,1500.0,3.0,0.9,0.01094732
500.0,0.33,100,1500.0,3.0,0.9,0.19920726
500.0,1,100,1500.0,3.0,0.9,0.02388531
500.0,3,100,1500.0,3.0,0.9,0.01061916
1500.0,0.33,100,30.0,1.0,0.9,0.35689109
1500.0,1,100,30.0,1.0,0.9,0.02364628
1500.0,3,100,30.0,1.0,0.9,0.00786754
166.0,0.33,100,30.0,1.0,0.9,0.0849895
166.0,1,100,30.0,1.0,0.9,0.02279125
166.0,3,100,30.0,1.0,0.9,0.01087408
500.0,0.33,100,30.0,1.0,0.9,0.20147536
500.0,1,100,30.0,1.0,0.9,0.02299219
500.0,3,100,30.0,1.0,0.9,0.01135105
1500.0,0.33,100,30.0,150.0,0.9,0.35447001
1500.0,1,100,30.0,150.0,0.9,0.01849078
1500.0,3,100,30.0,150.0,0.9,0.01233603
166.0,0.33,100,30.0,150.0,0.9,0.08644957
166.0,1,100,30.0,150.0,0.9,0.0226749
166.0,3,100,30.0,150.0,0.9,0.01093102
500.0,0.33,100,30.0,150.0,0.9,0.20032707
500.0,1,100,30.0,150.0,0.9,0.02342564
500.0,3,100,30.0,150.0,0.9,0.00991927
1500.0,0.33,100,30.0,3.0,0.9,0.35267093
1500.0,1,100,30.0,3.0,0.9,0.02652876
1500.0,3,100,30.0,3.0,0.9,0.01058061
166.0,0.33,100,30.0,3.0,0.9,0.08617113
166.0,1,100,30.0,3.0,0.9,0.02296309
166.0,3,100,30.0,3.0,0.9,0.01302159
500.0,0.33,100,30.0,3.0,0.9,0.19950068
500.0,1,100,30.0,3.0,0.9,0.02348703
500.0,3,100,30.0,3.0,0.9,0.0104027
1500.0,0.33,100,10.0,1.0,0,0.00967221
1500.0,1,100,10.0,1.0,0,0.00941637
1500.0,3,100,10.0,1.0,0,0.00424524
166.0,0.33,100,10.0,1.0,0,0.00962703
166.0,1,100,10.0,1.0,0,0.00939326
166.0,3,100,10.0,1.0,0,0.00896574
500.0,0.33,100,10.0,1.0,0,0.00948925
500.0,1,100,10.0,1.0,0,0.0098732
500.0,3,100,10.0,1.0,0,0.00998861
1500.0,0.33,100,10.0,150.0,0,0.01075855
1500.0,1,100,10.0,150.0,0,0.00750548
1500.0,3,100,10.0,150.0,0,0.00921617
166.0,0.33,100,10.0,150.0,0,0.00958267
166.0,1,100,10.0,150.0,0,0.00969672
166.0,3,100,10.0,150.0,0,0.00953525
500.0,0.33,100,10.0,150.0,0,0.00976915
500.0,1,100,10.0,150.0,0,0.00953495
500.0,3,100,10.0,150.0,0,0.00961288
1500.0,0.33,100,10.0,3.0,0,0.01030579
1500.0,1,100,10.0,3.0,0,0.0086652
1500.0,3,100,10.0,3.0,0,0.00789436
166.0,0.33,100,10.0,3.0,0,0.00973971
166.0,1,100,10.0,3.0,0,0.00933761
166.0,3,100,10.0,3.0,0,0.01050786
500.0,0.33,100,10.0,3.0,0,0.01000481
500.0,1,100,10.0,3.0,0,0.00995334
500.0,3,100,10.0,3.0,0,0.00816412
1500.0,0.33,100,1500.0,1.0,0,0.01101562
1500.0,1,100,1500.0,1.0,0,0.00920233
1500.0,3,100,1500.0,1.0,0,0.00547629
166.0,0.33,100,1500.0,1.0,0,0.00971831
166.0,1,100,1500.0,1.0,0,0.00937244
166.0,3,100,1500.0,1.0,0,0.01046219
500.0,0.33,100,1500.0,1.0,0,0.00936301
500.0,1,100,1500.0,1.0,0,0.00959536
500.0,3,100,1500.0,1.0,0,0.00908235
1500.0,0.33,100,1500.0,150.0,0,0.00953953
1500.0,1,100,1500.0,150.0,0,0.00992123
1500.0,3,100,1500.0,150.0,0,0.01245971
166.0,0.33,100,1500.0,150.0,0,0.00948229
166.0,1,100,1500.0,150.0,0,0.00951401
166.0,3,100,1500.0,150.0,0,0.00946678
500.0,0.33,100,1500.0,150.0,0,0.00960752
500.0,1,100,1500.0,150.0,0,0.0096003
500.0,3,100,1500.0,150.0,0,0.00746834
1500.0,0.33,100,1500.0,3.0,0,0.0093251
1500.0,1,100,1500.0,3.0,0,0.00962603
1500.0,3,100,1500.0,3.0,0,0.00694105
166.0,0.33,100,1500.0,3.0,0,0.00964382
166.0,1,100,1500.0,3.0,0,0.00975198
166.0,3,100,1500.0,3.0,0,0.00889489
500.0,0.33,100,1500.0,3.0,0,0.00935425
500.0,1,100,1500.0,3.0,0,0.00980128
500.0,3,100,1500.0,3.0,0,0.00948617
1500.0,0.33,100,30.0,1.0,0,0.00893843
1500.0,1,100,30.0,1.0,0,0.00856211
1500.0,3,100,30.0,1.0,0,0.01109376
166.0,0.33,100,30.0,1.0,0,0.00955583
166.0,1,100,30.0,1.0,0,0.00940362
166.0,3,100,30.0,1.0,0,0.0102339
500.0,0.33,100,30.0,1.0,0,0.00997051
500.0,1,100,30.0,1.0,0,0.01003326
500.0,3,100,30.0,1.0,0,0.00879189
1500.0,0.33,100,30.0,150.0,0,0.00939005
1500.0,1,100,30.0,150.0,0,0.00985573
1500.0,3,100,30.0,150.0,0,0.00926111
166.0,0.33,100,30.0,150.0,0,0.00949902
166.0,1,100,30.0,150.0,0,0.00925564
166.0,3,100,30.0,150.0,0,0.00864896
500.0,0.33,100,30.0,150.0,0,0.00925913
500.0,1,100,30.0,150.0,0,0.00821701
500.0,3,100,30.0,150.0,0,0.00786059
1500.0,0.33,100,30.0,3.0,0,0.00973198
1500.0,1,100,30.0,3.0,0,0.01081173
1500.0,3,100,30.0,3.0,0,0.01146106
166.0,0.33,100,30.0,3.0,0,0.00948604
166.0,1,100,30.0,3.0,0,0.0094744
166.0,3,100,30.0,3.0,0,0.01131962
500.0,0.33,100,30.0,3.0,0,0.00907487
500.0,1,100,30.0,3.0,0,0.00962094
500.0,3,100,30.0,3.0,0,0.00815878
1500.0,0.33,100,10.0,1.0,1.0,0.43891553
1500.0,1,100,10.0,1.0,1.0,0.66049774
1500.0,3,100,10.0,1.0,1.0,0.79401356
166.0,0.33,100,10.0,1.0,1.0,0.090213
166.0,1,100,10.0,1.0,1.0,0.22375471
166.0,3,100,10.0,1.0,1.0,0.4414475
500.0,0.33,100,10.0,1.0,1.0,0.22029262
500.0,1,100,10.0,1.0,1.0,0.45285816
500.0,3,100,10.0,1.0,1.0,0.65825907
1500.0,0.33,100,10.0,150.0,1.0,0.43446099
1500.0,1,100,10.0,150.0,1.0,0.67653964
1500.0,3,100,10.0,150.0,1.0,0.8141209
166.0,0.33,100,10.0,150.0,1.0,0.08962583
166.0,1,100,10.0,150.0,1.0,0.22150692
166.0,3,100,10.0,150.0,1.0,0.44602789
500.0,0.33,100,10.0,150.0,1.0,0.22500175
500.0,1,100,10.0,150.0,1.0,0.44288985
500.0,3,100,10.0,150.0,1.0,0.67607751
1500.0,0.33,100,10.0,3.0,1.0,0.44191552
1500.0,1,100,10.0,3.0,1.0,0.66484686
1500.0,3,100,10.0,3.0,1.0,0.80681228
166.0,0.33,100,10.0,3.0,1.0,0.09061645
166.0,1,100,10.0,3.0,1.0,0.22847907
166.0,3,100,10.0,3.0,1.0,0.45780724
500.0,0.33,100,10.0,3.0,1.0,0.22483838
500.0,1,100,10.0,3.0,1.0,0.44655749
500.0,3,100,10.0,3.0,1.0,0.67765743
1500.0,1,100,15.0,15.0,1.0,0.66397194
1500.0,3,100,15.0,15.0,1.0,0.79752957
1500.0,1,300,15.0,15.0,1.0,0.7203406969696969
1500.0,3,300,15.0,15.0,1.0,0.8933169696969697
1500.0,1,500,15.0,15.0,1.0,0.73935525
1500.0,3,500,15.0,15.0,1.0,0.89370155
500.0,1,100,15.0,15.0,1.0,0.44416937
500.0,3,100,15.0,15.0,1.0,0.66445665
500.0,1,300,15.0,15.0,1.0,0.47527363636363634
500.0,3,300,15.0,15.0,1.0,0.715103909090909
500.0,1,500,15.0,15.0,1.0,0.48207985
500.0,3,500,15.0,15.0,1.0,0.73463615
1500.0,0.33,100,1500.0,1.0,1.0,0.43773324
1500.0,1,100,1500.0,1.0,1.0,0.67938667
1500.0,3,100,1500.0,1.0,1.0,0.80318666
166.0,0.33,100,1500.0,1.0,1.0,0.09129312
166.0,1,100,1500.0,1.0,1.0,0.22225579
166.0,3,100,1500.0,1.0,1.0,0.44650401
500.0,0.33,100,1500.0,1.0,1.0,0.22187141
500.0,1,100,1500.0,1.0,1.0,0.45058966
500.0,3,100,1500.0,1.0,1.0,0.67359173
1500.0,0.33,100,1500.0,150.0,1.0,0.43982741
1500.0,1,100,1500.0,150.0,1.0,0.67391677
1500.0,3,100,1500.0,150.0,1.0,0.78269981
166.0,0.33,100,1500.0,150.0,1.0,0.09049739
166.0,1,100,1500.0,150.0,1.0,0.22528225
166.0,3,100,1500.0,150.0,1.0,0.44219215
500.0,0.33,100,1500.0,150.0,1.0,0.2195064
500.0,1,100,1500.0,150.0,1.0,0.45309352
500.0,3,100,1500.0,150.0,1.0,0.681176
1500.0,0.33,100,1500.0,3.0,1.0,0.44313804
1500.0,1,100,1500.0,3.0,1.0,0.66853907
1500.0,3,100,1500.0,3.0,1.0,0.7995059
166.0,0.33,100,1500.0,3.0,1.0,0.09327536
166.0,1,100,1500.0,3.0,1.0,0.22310915
166.0,3,100,1500.0,3.0,1.0,0.44875821
500.0,0.33,100,1500.0,3.0,1.0,0.2216211
500.0,1,100,1500.0,3.0,1.0,0.44610778
500.0,3,100,1500.0,3.0,1.0,0.66112992
1500.0,0.33,100,30.0,1.0,1.0,0.44222872
1500.0,1,100,30.0,1.0,1.0,0.665289
1500.0,3,100,30.0,1.0,1.0,0.81184919
166.0,0.33,100,30.0,1.0,1.0,0.09145977
166.0,1,100,30.0,1.0,1.0,0.22106533
166.0,3,100,30.0,1.0,1.0,0.44538554
500.0,0.33,100,30.0,1.0,1.0,0.22845831
500.0,1,100,30.0,1.0,1.0,0.44302252
500.0,3,100,30.0,1.0,1.0,0.65572172
1500.0,0.33,100,30.0,150.0,1.0,0.44611958
1500.0,1,100,30.0,150.0,1.0,0.66269563
1500.0,3,100,30.0,150.0,1.0,0.81510701
166.0,0.33,100,30.0,150.0,1.0,0.08980629
166.0,1,100,30.0,150.0,1.0,0.22356589
166.0,3,100,30.0,150.0,1.0,0.45103529
500.0,0.33,100,30.0,150.0,1.0,0.22023402
500.0,1,100,30.0,150.0,1.0,0.43807891
500.0,3,100,30.0,150.0,1.0,0.67293495
1500.0,0.33,100,30.0,3.0,1.0,0.43859217
1500.0,1,100,30.0,3.0,1.0,0.66935822
1500.0,3,100,30.0,3.0,1.0,0.80619972
166.0,0.33,100,30.0,3.0,1.0,0.09126804
166.0,1,100,30.0,3.0,1.0,0.22520403
166.0,3,100,30.0,3.0,1.0,0.43720097
500.0,0.33,100,30.0,3.0,1.0,0.22024285
500.0,1,100,30.0,3.0,1.0,0.44965254
500.0,3,100,30.0,3.0,1.0,0.66929974
