life,vel,clife,cof,loopmean,loopstd
500.0,1.0,5.0,150.0,996.03271215,-992081.144025481
500.0,1.0,400.0,100000.0,1002.28581472,-1004576.8341476264
500.0,1.0,4500.0,500.0,389.45137765,-151672.37218803188
500.0,1.0,10.0,200.0,984.31940058,-968884.6634274314
500.0,1.0,5000.0,100.0,337.45207296,-113873.89915845572
500.0,1.0,4.0,35.0,991.77096897,-983609.6352934096
500.0,1.0,0.3,45.0,995.22225577,-990467.3185804863
500.0,1.0,3.0,1500.0,1009.51425828,-1019119.0172528452
500.0,1.0,3500.0,2000.0,576.56333979,-332425.2772199916
500.0,1.0,0.75,300.0,1013.0576081,-1026285.6966468852
500.0,1.0,1500.0,20.0,439.33431189,-193014.63277993436
500.0,1.0,100.0,1500.0,993.04431038,-986136.9827148584
500.0,1.0,50000.0,300.0,258.07333791,-66601.84689550688
500.0,1.0,0.5,2.0,1012.97078071,-1026109.7818340764
500.0,1.0,300.0,15000.0,1004.13054488,-1008278.1308686294
500.0,1.0,5000.0,500.0,377.55172275,-142545.30023618805
500.0,1.0,10000.0,0.3,256.75135008,-65921.25494195696
500.0,1.0,3000.0,30.0,354.11632923,-125398.37191612014
500.0,1.0,150.0,400.0,952.29177647,-906859.6084879406
500.0,1.0,150.0,100000.0,996.55077264,-993113.4224641256
500.0,1.0,150.0,4000.0,1002.98597551,-1005980.84685094
500.0,1.0,6500.0,7500.0,672.52220354,-452286.1044112615
500.0,1.0,2500.0,6500.0,797.72080917,-636358.4762583934
500.0,1.0,15.0,20.0,982.63306323,-965567.7176220733
500.0,1.0,20.0,1.0,933.60865917,-871625.1104475864
500.0,1.0,1900.0,50000.0,987.10555807,-974377.3628008732
500.0,1.0,1900.0,0.5,314.89756261,-99160.47296447854
500.0,1.0,6500.0,35.0,304.70024351,-92842.23659574306
500.0,1.0,4000.0,2500.0,598.90878086,-358691.71962342126
500.0,1.0,150.0,0.75,714.88393542,-511059.0282860655
500.0,1.0,6500.0,8500.0,685.99685299,-470591.6721893856
500.0,1.0,2.0,0.15,973.6278224,-947951.1173489284
500.0,1.0,150.0,10000.0,1008.97662442,-1018033.8082696792
500.0,1.0,6500.0,1.5,281.29367317,-79126.12930464938
500.0,1.0,100000.0,10.0,254.63258886,-64837.75448497495
500.0,1.0,3000.0,2.0,322.18046401,-103800.24938267328
500.0,1.0,2500.0,9500.0,878.68507466,-772087.4444522086
500.0,1.0,100000.0,2.0,249.90589932,-62452.957797976334
500.0,1.0,4500.0,100.0,331.61502987,-109968.52588698584
500.0,1.0,400.0,300.0,796.06135601,-633713.6686564647
500.0,1.0,50000.0,2.0,252.78445213,-63899.9784773389
500.0,1.0,2.0,0.5,991.4024681,-982878.8341012252
500.0,1.0,150000.0,5.0,250.44913509,-62724.76854175061
500.0,1.0,100000.0,300.0,255.5398687,-65300.62366363172
500.0,1.0,1900.0,10.0,398.8152939,-159053.6349438088
500.0,1.0,40.0,30.0,973.93683298,-948552.9352169876
500.0,1.0,50000.0,4000.0,302.2009624,-91325.42012486092
500.0,1.0,100.0,0.3,661.73031484,-437886.9987555661
500.0,1.0,5750.0,4500.0,613.90284201,-376876.6910963615
500.0,1.0,750.0,750.0,762.14531988,-580865.476062913
500.0,1.0,50.0,1500.0,1005.61089563,-1011253.2526788038
500.0,1.0,20.0,150.0,1010.47285845,-1021055.3771351824
500.0,1.0,0.5,10000.0,1004.59313884,-1009207.3542110624
500.0,1.0,2500.0,10000.0,865.35559309,-748840.2872392893
500.0,1.0,2.0,10000.0,991.66308521,-983395.6546306104
500.0,1.0,300.0,0.5,526.89036289,-277613.4472843763
500.0,1.0,150.0,15.0,821.8101201,-675371.8586055278
500.0,1.0,15000.0,20.0,272.01616689,-73992.7939357282
500.0,1.0,5500.0,6500.0,691.48503428,-478151.54208274034
500.0,1.0,200.0,1.5,705.76102502,-498098.6125388918
500.0,1.0,100.0,45.0,916.01505447,-839083.5621332596
500.0,1.0,0.5,100000.0,993.07924013,-986206.3574364344
500.0,1.0,2.0,100000.0,991.70298698,-983474.7947239327
500.0,1.0,5500.0,5.0,306.65283768,-94035.96099790686
500.0,1.0,400.0,15000.0,998.73400797,-997469.598455061
500.0,1.0,1.5,1000.0,982.96349586,-966217.2150081402
500.0,1.0,5500.0,9500.0,742.44422457,-551223.414816491
500.0,1.0,0.75,1500.0,1017.78482733,-1035885.9341928094
500.0,1.0,3000.0,2500.0,649.15328932,-421399.9835645534
500.0,1.0,400.0,1000.0,891.68213264,-795097.0090680359
500.0,1.0,1.5,0.5,997.02675111,-994062.322720022
500.0,1.0,15000.0,50000.0,841.78400006,-708600.2884996585
500.0,1.0,4500.0,0.5,278.7569296,-77705.42450877238
500.0,1.0,1000.0,3.0,457.9206217,-209691.29063509303
500.0,1.0,0.15,30.0,992.63261587,-985319.4906772051
500.0,1.0,2.0,750.0,1002.93233841,-1005873.2552949338
500.0,1.0,200.0,10.0,787.27366746,-619799.8131588665
500.0,1.0,4500.0,2000.0,544.56808492,-296554.39213885774
500.0,1.0,350.0,35.0,712.45683672,-507594.7322904398
500.0,1.0,15.0,4000.0,996.06747787,-992150.4008280424
500.0,1.0,1500.0,400.0,553.90355984,-306809.1463409363
500.0,1.0,0.15,4000.0,1007.03075796,-1014110.927000628
500.0,1.0,4000.0,1.0,295.38594836,-87252.85694713611
500.0,1.0,50.0,10.0,944.85230977,-892745.8686618272
500.0,1.0,3.0,40.0,992.0979831,-984258.38853498
500.0,1.0,1.5,20.0,1006.85337148,-1013753.6911384504
500.0,1.0,15000.0,5.0,266.53989804,-71043.5162719063
500.0,1.0,2500.0,30.0,372.85592584,-139021.53840826312
500.0,1.0,100000.0,15000.0,358.72531208,-128683.8470063082
500.0,1.0,50000.0,40.0,256.85881617,-65976.45060790695
500.0,1.0,400.0,0.15,365.77341705,-133790.1895871812
500.0,1.0,15.0,4.0,969.50738872,-939944.5578984988
500.0,1.0,3000.0,300.0,409.50571335,-167694.92547774082
500.0,1.0,0.75,100000.0,1004.78715708,-1009597.2107615358
500.0,1.0,4.0,1000.0,1012.53315244,-1025223.3642598024
500.0,1.0,5250.0,4000.0,608.32297506,-370056.8336507511
500.0,1.0,10.0,1.5,992.10919208,-984280.628747826
500.0,1.0,3.0,2.0,992.52279465,-985101.4781587052
500.0,1.0,4250.0,11000.0,809.11019561,-654659.2949101063
500.0,1.0,2500.0,300.0,442.72803295,-196008.10636745224
500.0,1.0,1900.0,1000.0,619.18936641,-383395.4625260923
500.0,1.0,150.0,5.0,811.03864583,-657783.6699863285
500.0,1.0,100000.0,5000.0,289.32844621,-83710.9484114929
500.0,1.0,750.0,2.0,490.37305613,-240465.72795508272
500.0,1.0,10000.0,150.0,293.37861349,-86071.009403936
500.0,1.0,4.0,1.0,986.58927456,-973358.376925506
500.0,1.0,5000.0,15000.0,829.23771769,-687635.1782314101
500.0,1.0,350.0,40.0,718.5509587,-516315.46810844727
500.0,1.0,450.0,20.0,633.40400432,-401200.6229183123
500.0,1.0,4250.0,6000.0,719.08301227,-517080.3673864828
500.0,1.0,300.0,5.0,682.77505487,-466181.76426288864
500.0,1.0,500.0,2.0,545.7076776,-297796.8619380697
500.0,1.0,300.0,200.0,832.18505189,-692531.9450785066
500.0,1.0,200.0,5000.0,990.13347072,-980364.2702484096
500.0,1.0,20.0,1000.0,1008.31454905,-1016698.2091974764
500.0,1.0,30000.0,3000.0,321.18916159,-103162.47560012228
500.0,1.0,0.15,45.0,1003.76918318,-1007552.5529005493
500.0,1.0,0.15,2500.0,973.68043767,-948053.5757801576
500.0,1.0,4250.0,9000.0,789.4719578,-623265.9587503538
500.0,1.0,0.5,10.0,1012.89469882,-1025955.6504905066
500.0,1.0,2.0,5.0,992.16024237,-984381.927141104
500.0,1.0,350.0,5000.0,962.90188307,-927180.018193457
500.0,1.0,150000.0,0.5,249.20059689,-62100.93676838495
500.0,1.0,10.0,15.0,984.14887102,-968548.9809266388
500.0,1.0,3750.0,6500.0,758.74409439,-575692.5883681137
500.0,1.0,1000.0,0.75,393.82451532,-155097.7450215867
500.0,1.0,2000.0,0.15,275.96544672,-76156.92660604784
500.0,1.0,0.75,15.0,1028.79443931,-1058417.976704388
500.0,1.0,1900.0,7500.0,869.62560493,-756248.6768517805
500.0,1.0,200.0,50000.0,994.89896877,-989823.9383079448
500.0,1.0,1000.0,150.0,551.79301892,-304475.5283089839
500.0,1.0,3750.0,9500.0,804.19267958,-646725.852281197
500.0,1.0,30.0,150.0,988.94420166,-978010.614432462
500.0,1.0,100.0,30.0,901.8345128,-813305.4711048153
500.0,1.0,1500.0,0.3,308.70989559,-95301.79779996743
500.0,1.0,1900.0,8500.0,895.9208582,-802674.1672958767
500.0,1.0,30000.0,50.0,263.29046971,-69321.87048715305
500.0,1.0,15.0,15000.0,993.52475899,-987091.4269221184
500.0,1.0,500.0,150.0,719.25312041,-517325.0390408813
500.0,1.0,2.0,1500.0,996.88849949,-993786.6604212214
500.0,1.0,50.0,1.0,887.30637924,-787312.5936346828
500.0,1.0,3000.0,4000.0,738.14690373,-544860.8392677249
500.0,1.0,4.0,200.0,988.7562542,-977638.9107674524
500.0,1.0,6500.0,4.0,294.3522146,-86643.22474104087
500.0,1.0,1900.0,500.0,536.16654531,-287474.55739378463
500.0,1.0,5500.0,50.0,317.31462688,-100688.5704320374
500.0,1.0,1500.0,1000.0,659.69032102,-435191.309817049
500.0,1.0,500.0,2000.0,918.650109,-843918.0054257328
500.0,1.0,5.0,0.15,938.56660028,-880907.2449849993
500.0,1.0,1900.0,5.0,395.43218889,-156366.6123041211
500.0,1.0,30.0,50000.0,1014.61297326,-1029439.4648327872
500.0,1.0,2000.0,2.0,362.3860631,-131323.65577679666
500.0,1.0,0.75,0.75,996.7651946,-993540.8334190868
500.0,1.0,50000.0,35.0,253.65890968,-64342.84169407823
500.0,1.0,15.0,2500.0,1006.56238534,-1013167.8152509868
500.0,1.0,1000.0,15.0,497.94430251,-247948.52212639357
500.0,1.0,4500.0,4500.0,644.05659462,-414808.8880026634
500.0,1.0,10.0,0.75,972.64419749,-946036.7154603266
500.0,1.0,4500.0,10.0,321.49679941,-103360.18993972016
500.0,1.0,150000.0,0.15,247.77510971,-61392.504302024434
500.0,1.0,3.0,35.0,1005.6774448,-1011387.102854352
500.0,1.0,1900.0,100.0,424.56327956,-180253.9741021376
500.0,1.0,1000.0,100000.0,997.823889,-995652.49359056
500.0,1.0,2500.0,45.0,393.8214458,-155095.3275080315
500.0,1.0,450.0,2000.0,939.88921211,-883391.7127890298
500.0,1.0,500.0,0.15,338.01009272,-114250.820490519
9.0,,,,,
500.0,1.0,0.5,500.0,1011.67985979,-1023496.1180869464
500.0,1.0,5000.0,10.0,310.98245087,-96710.08298416573
500.0,1.0,4750.0,6500.0,710.18700174,-504365.56636983145
500.0,1.0,150.0,0.5,652.34961985,-425560.01618407737
500.0,1.0,0.75,1.0,975.21122905,-951036.9221497328
500.0,1.0,0.3,150.0,993.57724082,-987195.7137679326
500.0,1.0,350.0,0.3,436.249481,-190313.60507622865
500.0,1.0,3000.0,45.0,358.9213714,-128824.54807479582
500.0,1.0,3500.0,11000.0,843.55680255,-711588.0642030038
500.0,1.0,4750.0,9500.0,789.96270217,-624041.0573655467
500.0,1.0,10.0,4.0,978.07187723,-956624.5780551936
500.0,1.0,500.0,50000.0,987.83767647,-975823.255421656
500.0,1.0,5000.0,1.0,288.11745767,-83011.66804166725
500.0,1.0,6500.0,40.0,304.69522014,-92839.17541777685
500.0,1.0,15000.0,5000.0,467.63276713,-218680.39998633653
500.0,1.0,4000.0,50.0,334.72167035,-112038.59435384069
500.0,1.0,3250.0,6000.0,793.92567825,-630317.9690464854
500.0,1.0,4.0,40.0,1018.37390184,-1037085.3830661988
500.0,1.0,0.3,30.0,979.93554804,-960273.6594046652
500.0,1.0,450.0,150.0,734.01234852,-538774.1148290163
500.0,1.0,15.0,1.5,966.52645793,-934173.3747505392
500.0,1.0,3250.0,9000.0,833.98534895,-695531.547530206
500.0,1.0,0.5,100.0,1011.00176791,-1022124.5541574236
500.0,1.0,50000.0,2500.0,289.68583039,-83917.87893217048
500.0,1.0,30000.0,3.0,255.51208869,-65286.42667028991
500.0,1.0,15000.0,0.5,256.72425834,-65907.34399295153
500.0,1.0,5.0,1000.0,999.26516291,-998530.8455868647
500.0,1.0,10.0,5000.0,1001.8867831,-1003777.1061527748
500.0,1.0,1.0,1.0,1002.96174303,-1005932.237650324
500.0,1.0,4.0,50000.0,1008.58287598,-1017239.3971670326
500.0,1.0,3500.0,4500.0,700.16923425,-490236.9460143354
500.0,1.0,3500.0,0.15,261.97504426,-68630.92291141693
500.0,1.0,0.5,1000.0,995.99599346,-992007.9992785844
500.0,1.0,1000.0,1500.0,798.8291324,-638127.9688007251
500.0,1.0,40.0,45.0,979.78805988,-959984.6227075728
500.0,1.0,4500.0,5.0,313.60516139,-98348.1952749773
500.0,1.0,30.0,20.0,966.20156277,-933545.4409301948
500.0,1.0,1000.0,50000.0,989.70746305,-979520.8429641658
500.0,1.0,30000.0,400.0,269.16595249,-72450.3089585288
500.0,1.0,0.3,2000.0,1002.19925365,-1004403.32370793
500.0,1.0,3.0,400.0,984.37884394,-969001.6891153868
500.0,1.0,6500.0,750.0,369.42668792,-136476.07493686234
500.0,1.0,450.0,1.0,549.43074296,-301874.13310017553
500.0,1.0,4000.0,4000.0,678.86645349,-460859.65125225927
500.0,1.0,1.5,5.0,988.61117719,-977352.040282132
500.0,1.0,300.0,10.0,705.4461468,-497654.2539859376
500.0,1.0,10000.0,10.0,278.22588706,-77409.64303923606
500.0,1.0,200.0,4.0,758.55257137,-575401.9901415245
500.0,1.0,4500.0,50000.0,945.14780216,-893304.349833458
500.0,1.0,40.0,10000.0,1002.56844899,-1005143.4746034072
500.0,1.0,0.3,1.0,989.34023011,-978794.0712855704
500.0,1.0,400.0,3.0,626.91637385,-393024.1299858835
500.0,1.0,5500.0,0.5,270.23858146,-73028.88984254279
500.0,1.0,150.0,2500.0,988.04986745,-976242.5210932568
500.0,1.0,6500.0,1000.0,389.05501622,-151363.80243137697
500.0,1.0,1900.0,1.5,355.3964097,-126306.6052807101
500.0,1.0,150.0,35.0,849.89681356,-722324.5780459127
500.0,1.0,5.0,50.0,998.98792134,-997976.8470220396
500.0,1.0,0.5,3.0,1003.27217633,-1006555.0393817764
500.0,1.0,5500.0,1500.0,461.39665677,-212886.8698473661
500.0,1.0,4000.0,300.0,382.13994134,-146030.9315071998
500.0,1.0,100000.0,3.0,249.86071247,-62430.3749227901
500.0,1.0,6500.0,0.5,272.79192194,-74415.43153882233
500.0,1.0,3000.0,3.0,329.43074406,-108524.61304177476
500.0,1.0,6500.0,0.75,277.01996054,-76740.05725962287
500.0,1.0,40.0,10.0,956.28533363,-914481.6204796951
500.0,1.0,1900.0,30.0,412.02794348,-169767.0221409153
500.0,1.0,0.5,50000.0,1002.75051523,-1005508.5755130856
500.0,1.0,0.3,200.0,1004.1532577,-1008323.7448313056
500.0,1.0,2.0,50000.0,1022.73071417,-1045978.0925547064
500.0,1.0,5500.0,0.15,255.81608255,-65441.86728635585
500.0,1.0,2500.0,50000.0,970.86683542,-942582.3934484776
500.0,1.0,1.0,500.0,1002.9441142,-1005896.8762560234
500.0,1.0,4.0,0.75,987.79253142,-975734.065086992
500.0,1.0,4500.0,5000.0,677.36399717,-458821.9745485541
500.0,1.0,1.0,100.0,992.65060315,-985355.2005556154
500.0,1.0,15.0,3000.0,991.76494601,-983597.688707414
500.0,1.0,300.0,45.0,775.75376658,-601793.892051976
500.0,1.0,5500.0,300.0,357.89592994,-128089.49384627458
500.0,1.0,150000.0,50.0,250.34035732,-62670.29377739084
500.0,1.0,10000.0,45.0,283.74357307,-80510.4139421449
500.0,1.0,450.0,200.0,756.60953363,-572457.9731465955
500.0,1.0,2000.0,1000.0,600.63521651,-360762.6549740173
500.0,1.0,1900.0,10000.0,900.58252724,-811048.8715670856
500.0,1.0,150000.0,500.0,253.97214274,-64501.848498894986
500.0,1.0,100000.0,30.0,252.42011774,-63715.91507734343
500.0,1.0,5.0,100000.0,985.11587505,-970453.2680501256
500.0,1.0,30.0,0.3,867.45863555,-752484.4678095231
500.0,1.0,4250.0,7500.0,761.23145288,-579473.312209889
500.0,1.0,30000.0,750.0,273.52360668,-74815.16233398714
500.0,1.0,5000.0,45.0,321.22380008,-103184.72758493132
500.0,1.0,300.0,1000.0,925.74777113,-857008.9180222271
500.0,1.0,4250.0,8500.0,795.27777552,-632466.726713854
500.0,1.0,6500.0,15.0,300.08133744,-90048.80743740736
500.0,1.0,300.0,1.5,641.06696,-410966.8369115612
500.0,1.0,0.15,3000.0,1000.5824992,-1001165.3174052676
500.0,1.0,30000.0,2500.0,316.90306911,-100427.5533847362
500.0,1.0,150.0,50000.0,991.21161999,-982500.4556507608
500.0,1.0,3000.0,10.0,356.57151218,-127143.24038590262
500.0,1.0,100.0,500.0,973.31831839,-947348.5297558042
500.0,1.0,1900.0,6000.0,857.30446484,-734970.9300264574
500.0,1.0,50000.0,3.0,254.68267096,-64863.26208722073
500.0,1.0,100.0,100.0,938.48107328,-880746.7065033535
500.0,1.0,3750.0,7000.0,772.32504168,-596485.9570977109
500.0,1.0,40.0,300.0,989.20040453,-978517.4207639052
500.0,1.0,100000.0,2000.0,262.50600407,-68909.40125229137
500.0,1.0,4.0,15.0,1020.2718933,-1040954.7150853022
500.0,1.0,30000.0,0.15,249.74953867,-62374.83135052388
500.0,1.0,30000.0,100000.0,828.3305984,-686131.5659075455
500.0,1.0,5500.0,11000.0,756.71546252,-572618.2788476126
500.0,1.0,5250.0,3000.0,573.15858429,-328510.7552568064
500.0,1.0,1900.0,9000.0,914.23611367,-835827.6543191466
500.0,1.0,6500.0,400.0,331.71444399,-110034.47024331894
500.0,1.0,150000.0,100.0,250.85612998,-62928.79721612616
500.0,1.0,3.0,750.0,990.47167171,-981034.1129861056
500.0,1.0,150000.0,4.0,249.90480427,-62452.41047136233
500.0,1.0,3750.0,8000.0,768.69766605,-590896.0892054787
500.0,1.0,2000.0,50.0,414.59209095,-171886.59787607004
500.0,1.0,2.0,1.5,997.6905016,-995386.3169874004
500.0,1.0,350.0,0.75,535.83227837,-287116.22330534784
500.0,1.0,4500.0,1.5,296.76197877,-88067.67050324407
500.0,1.0,3500.0,5000.0,728.40824386,-530578.5580477852
500.0,1.0,1000.0,2.0,446.36094776,-199238.09081290496
500.0,1.0,5000.0,1000.0,434.74315604,-189001.60745806317
500.0,1.0,3500.0,50.0,352.99303995,-124604.08358292024
500.0,1.0,300.0,150.0,823.15351091,-677581.6873115347
500.0,1.0,5500.0,4.0,303.0591342,-91844.83719286729
500.0,1.0,30.0,200.0,1000.30276084,-1000605.593063634
500.0,1.0,200.0,0.5,599.26893384,-359123.2459686013
500.0,1.0,1000.0,200.0,586.03271022,-343434.3291116571
500.0,1.0,4500.0,45.0,323.2380466,-104482.83268425812
500.0,1.0,1.0,1500.0,994.59205351,-989213.333336924
500.0,1.0,1000.0,40.0,518.79264368,-269145.80016784015
500.0,1.0,1.5,1.5,997.20338532,-994414.5719226106
500.0,1.0,150.0,3000.0,985.50202154,-971214.2147318164
500.0,1.0,2500.0,10.0,368.17717709,-135554.43047855108
500.0,1.0,50.0,30.0,949.83759445,-902191.4371407166
500.0,1.0,2500.0,1500.0,601.05867388,-361271.5212908109
500.0,1.0,6500.0,15000.0,790.91935337,-625553.4098532833
500.0,1.0,3.0,3.0,999.20623157,-998413.0735110996
500.0,1.0,10.0,0.5,963.50996193,-928351.4278050849
500.0,1.0,3500.0,500.0,424.27770658,-180011.56826799066
500.0,1.0,4750.0,7000.0,712.82297608,-508116.5841043479
500.0,1.0,40.0,1000.0,993.197272,-986440.8011462472
500.0,1.0,15000.0,10000.0,571.1252731,-326184.0698555648
500.0,1.0,350.0,15.0,680.86653322,-463579.2248617997
500.0,1.0,2500.0,0.3,287.86788774,-82867.9193992293
500.0,1.0,500.0,50.0,635.35651383,-403677.8900365373
500.0,1.0,200.0,30.0,813.44121274,-661686.5914036828
500.0,1.0,750.0,3.0,494.96589398,-244991.23015820375
500.0,1.0,0.5,45.0,1004.96925801,-1009963.1895505683
500.0,1.0,4750.0,8000.0,738.30577137,-545095.40056694
500.0,1.0,150.0,4.0,792.68194515,-628344.6520344621
500.0,1.0,500.0,200.0,748.73475099,-560603.7142805739
500.0,1.0,10000.0,1000.0,348.09470258,-121169.91948365136
500.0,1.0,2000.0,100.0,416.79168635,-173715.30585528468
500.0,1.0,4.0,150.0,988.80186006,-977729.0989478192
500.0,1.0,0.15,10.0,999.25916287,-998518.854770606
500.0,1.0,3000.0,15000.0,894.16000357,-799522.095786788
500.0,1.0,15000.0,4.0,270.3911043,-73111.34822393893
500.0,1.0,0.75,40.0,999.70936609,-999418.7966767626
500.0,1.0,3250.0,7500.0,790.85520236,-625451.9378953016
500.0,1.0,750.0,20.0,552.65970337,-305432.7399422845
500.0,1.0,10.0,40.0,1007.19071384,-1014433.1138836266
500.0,1.0,2000.0,500.0,513.27980863,-263456.15573357465
500.0,1.0,150000.0,100000.0,569.15400011,-323936.2684526606
500.0,1.0,5750.0,3500.0,576.84465268,-332749.74568989896
500.0,1.0,3500.0,100.0,356.10088706,-126807.8391293976
500.0,1.0,15.0,5.0,986.88555347,-973943.075931635
500.0,1.0,4000.0,0.15,260.65656416,-67941.84353462995
500.0,1.0,50000.0,3000.0,295.44680104,-87288.81077960723
500.0,1.0,750.0,1500.0,838.81927065,-703617.7537578288
500.0,1.0,3250.0,8500.0,825.81504571,-681970.4752336512
500.0,1.0,3.0,15.0,1009.52578749,-1019142.2951013836
500.0,1.0,2500.0,100000.0,997.1904667,-994388.807064408
500.0,1.0,20.0,20.0,976.39563941,-953348.425321595
500.0,1.0,150000.0,1.5,250.42872535,-62714.5457555763
500.0,1.0,2.0,4.0,985.69079093,-971586.3158343576
500.0,1.0,50.0,45.0,967.51629958,-936087.7709906776
500.0,1.0,4500.0,30.0,325.54604264,-105980.22379639446
500.0,1.0,50000.0,15.0,254.04785028,-64540.30943648783
500.0,1.0,1000.0,35.0,522.28298236,-272779.5067645073
500.0,1.0,500.0,3.0,581.42882058,-338059.464729371
500.0,1.0,300.0,4.0,697.35603986,-486305.43408376526
500.0,1.0,10.0,2000.0,992.83826979,-985727.8101280888
500.0,1.0,40.0,0.3,813.62054011,-661978.3682767584
500.0,1.0,1500.0,750.0,635.36841003,-403693.00669859146
500.0,1.0,50.0,300.0,1010.61866952,-1021350.0744114384
500.0,1.0,15000.0,2000.0,363.87082807,-132401.9767736235
500.0,1.0,30.0,10000.0,1002.27982887,-1004564.8351655812
500.0,1.0,0.15,100000.0,991.0823578,-982244.2205833524
500.0,1.0,2.0,400.0,1003.31527666,-1006641.5242612052
500.0,1.0,100.0,10.0,862.90868714,-744611.386268361
500.0,1.0,0.15,1.0,983.07461533,-966435.6802565182
500.0,1.0,15.0,500.0,996.9174634,-993844.4092908328
500.0,1.0,2000.0,3.0,365.799432,-133809.221454702
500.0,1.0,3.0,0.75,990.64249143,-981372.5258668858
500.0,1.0,3500.0,3500.0,658.8889032,-434134.577184344
500.0,1.0,0.75,15000.0,973.67469597,-948042.3949877268
500.0,1.0,50000.0,0.75,250.93995451,-62970.86002941293
500.0,1.0,0.75,35.0,1013.33066794,-1026839.0220977212
500.0,1.0,200.0,10000.0,1016.56556909,-1033405.535286482
500.0,1.0,10.0,35.0,998.29761882,-996598.1154359347
500.0,1.0,1.5,500.0,1000.24822472,-1000496.4907973208
500.0,1.0,1.0,20.0,987.86319952,-975873.681546976
500.0,1.0,200.0,45.0,822.71051486,-676852.5759604039
500.0,1.0,0.5,30.0,1003.89162874,-1007798.3818495036
500.0,1.0,2.0,50.0,985.60822023,-971423.544478014
500.0,1.0,6500.0,5.0,297.43452338,-88467.29415952307
500.0,1.0,2500.0,7000.0,826.96061544,-683863.8446672907
500.0,1.0,1.5,100.0,995.52374201,-991067.5012529796
500.0,1.0,10000.0,200.0,296.45175273,-87883.6401731745
500.0,1.0,6500.0,6000.0,644.94296274,-415951.4160447264
500.0,1.0,15.0,100.0,1000.41530561,-1000830.7638167926
500.0,1.0,1900.0,4.0,384.22552518,-147629.2507460752
500.0,1.0,2500.0,8000.0,836.91122104,-700420.3775504176
500.0,1.0,350.0,300.0,830.06813648,-689013.0959245341
500.0,1.0,0.3,5000.0,1008.04138719,-1016147.4178666996
500.0,1.0,6500.0,9000.0,700.39445672,-490552.3845533945
500.0,1.0,4000.0,3000.0,621.29776592,-386010.90529329615
500.0,1.0,15.0,0.5,943.23018081,-889683.1553676473
500.0,1.0,10.0,150.0,990.26774647,-980630.1901138627
500.0,1.0,30000.0,4000.0,352.18945145,-124037.40728654324
500.0,1.0,400.0,50.0,699.37900045,-489130.9744629902
500.0,1.0,300.0,30.0,747.36585739,-558555.7111812715
500.0,1.0,3500.0,0.3,274.35983861,-75273.31991448162
500.0,1.0,10000.0,30.0,284.12139186,-80724.96401799728
500.0,1.0,5.0,0.3,978.29469933,-957060.4990668052
500.0,1.0,15000.0,1.5,265.08544548,-70270.29241564746
500.0,1.0,40.0,50000.0,993.72256483,-987484.5160957996
500.0,1.0,4500.0,10000.0,799.01856554,-638430.6544082373
500.0,1.0,30000.0,2.0,257.33055302,-66219.01268203527
500.0,1.0,5.0,200.0,998.33692532,-996676.5967765014
500.0,1.0,200.0,2000.0,963.39552858,-928130.9259011798
500.0,1.0,200.0,300.0,910.42746304,-828878.1479332115
500.0,1.0,150.0,1.5,767.96506219,-589770.3227477783
500.0,1.0,1900.0,45.0,414.38348185,-171713.66595714065
500.0,1.0,5250.0,5500.0,654.16673331,-427934.1055224908
500.0,1.0,150000.0,1000.0,255.44406767,-65251.67090394556
500.0,1.0,4.0,10000.0,1002.29844434,-1004602.1513284064
500.0,1.0,1000.0,10000.0,973.09824831,-946920.1814306208
500.0,1.0,150.0,750.0,962.32960152,-926078.2430339442
500.0,1.0,350.0,2000.0,943.34700072,-889903.5455308245
500.0,1.0,10.0,5.0,987.80030987,-975749.4323818348
500.0,1.0,150.0,40.0,850.81781811,-723890.9438583283
500.0,1.0,30.0,1500.0,1002.95699415,-1005922.712124438
500.0,1.0,1.5,4.0,1010.03401124,-1020168.6833651764
500.0,1.0,750.0,100000.0,996.67917813,-993369.3644159186
500.0,1.0,500.0,5000.0,970.36087021,-941600.1993564428
500.0,1.0,5500.0,7000.0,685.70914235,-470197.0178486978
500.0,1.0,0.15,500.0,986.78493556,-973744.4896907714
500.0,1.0,4500.0,100000.0,967.69498669,-936433.5680891238
500.0,1.0,0.3,10.0,999.57194785,-999144.0589023144
500.0,1.0,5500.0,1.5,283.80825663,-80547.12525257046
500.0,1.0,3000.0,3000.0,679.86507277,-462216.5068901876
500.0,1.0,400.0,2.0,607.11816772,-368592.460119817
500.0,1.0,200.0,5.0,771.99540624,-595976.8933600256
500.0,1.0,5500.0,8000.0,721.66150969,-520795.3232464539
500.0,1.0,15000.0,300.0,282.03442096,-79543.4133632013
500.0,1.0,200.0,100000.0,1014.10170548,-1028402.248232121
500.0,1.0,750.0,15000.0,985.33944361,-970893.7993741065
500.0,1.0,450.0,5000.0,973.99754387,-948671.195995887
500.0,1.0,100000.0,45.0,251.19187217,-63097.35591580267
500.0,1.0,500.0,10000.0,969.63599225,-940193.938690764
500.0,1.0,0.15,100.0,1000.21419587,-1000428.4179246048
500.0,1.0,4500.0,4.0,308.89988766,-95419.13882472207
500.0,1.0,20.0,200.0,1005.79078885,-1011615.0905057378
500.0,1.0,750.0,400.0,709.86597759,-503909.6944133389
500.0,1.0,5000.0,30.0,320.27287579,-102574.71293169388
500.0,1.0,4500.0,3500.0,602.80576443,-363374.7814061197
500.0,1.0,5250.0,3500.0,574.91172834,-330523.4880237459
500.0,1.0,1900.0,9500.0,882.66589612,-779099.0680017098
500.0,1.0,6500.0,100.0,314.19356495,-98717.59430710285
500.0,1.0,3500.0,1.5,309.41363473,-95736.79556861328
500.0,1.0,150000.0,400.0,255.83575265,-65451.931479764215
500.0,1.0,150000.0,10000.0,306.08653851,-93688.96737949149
500.0,1.0,3750.0,8500.0,792.98016137,-628817.5230271535
500.0,1.0,450.0,0.75,520.06984949,-270472.64109439583
500.0,1.0,1900.0,6500.0,872.43146866,-761136.6514200915
500.0,1.0,3500.0,30.0,341.49794577,-116620.84454378388
500.0,1.0,100.0,400.0,966.18270325,-933508.997142666
500.0,1.0,3750.0,7500.0,789.43662065,-623210.164761657
500.0,1.0,350.0,4000.0,985.06876817,-970360.4582752108
500.0,1.0,100000.0,2500.0,267.95020913,-71797.31353802976
500.0,1.0,5.0,1.5,994.11978145,-988274.119899984
500.0,1.0,15000.0,0.3,254.29739137,-64667.16246155509
500.0,1.0,1000.0,20.0,498.83518016,-248836.5308249886
500.0,1.0,300.0,1500.0,944.3765487,-891847.047465738
500.0,1.0,4250.0,8000.0,771.89819948,-595826.8175829995
500.0,1.0,150.0,0.3,592.56773434,-351136.5108508615
500.0,1.0,30000.0,2000.0,308.21725716,-94997.87591571684
500.0,1.0,2500.0,4.0,354.74552046,-125844.3814271216
500.0,1.0,40.0,200.0,989.58382369,-979276.124076392
500.0,1.0,5250.0,11000.0,768.68252281,-590872.8083935684
500.0,1.0,50000.0,10000.0,379.94125279,-144355.3526142099
500.0,1.0,200.0,4000.0,985.37126038,-970956.5011703058
500.0,1.0,50.0,50.0,950.27234789,-903017.5170110492
500.0,1.0,350.0,0.5,497.12862955,-247136.8680084708
500.0,1.0,6500.0,500.0,355.10576851,-126100.10416599794
500.0,1.0,4250.0,7000.0,753.75525655,-568146.9746654064
500.0,1.0,20.0,35.0,995.1056971,-990235.3286618904
500.0,1.0,450.0,3000.0,971.52955409,-943869.6548322234
500.0,1.0,450.0,15.0,653.09956909,-426539.0363877896
500.0,1.0,2000.0,1500.0,661.65648062,-437789.288257149
500.0,1.0,0.5,750.0,1010.86168162,-1021841.3185364056
500.0,1.0,4500.0,5500.0,681.97282846,-465086.92900074815
500.0,1.0,4000.0,200.0,360.25012718,-129780.15137311582
500.0,1.0,2.0,45.0,1002.0782215,-1004160.7420210668
500.0,1.0,1.0,400.0,987.47778687,-975112.3601338553
500.0,1.0,0.3,300.0,1001.7548853,-1003512.829768571
500.0,1.0,1.0,35.0,1009.48530078,-1019060.5522608818
500.0,1.0,5500.0,0.3,264.66144314,-70045.67851947855
500.0,1.0,200.0,50.0,819.89704061,-672231.1422733616
500.0,1.0,500.0,30.0,653.28205928,-426777.4383589402
500.0,1.0,5500.0,1000.0,417.83884095,-174589.29316598832
500.0,1.0,750.0,40.0,557.71353207,-311044.37597285566
500.0,1.0,10.0,20.0,1005.46352713,-1010956.8837806424
500.0,1.0,0.75,20.0,1004.26086228,-1008539.8590632348
500.0,1.0,500.0,3000.0,947.33779468,-897448.8784352632
500.0,1.0,20.0,3.0,956.63379249,-915148.1943801356
500.0,1.0,0.3,0.15,994.62483262,-989278.5375662276
500.0,1.0,450.0,300.0,776.81452298,-603440.7894607877
500.0,1.0,3000.0,5000.0,763.14627666,-582392.2268459174
500.0,1.0,5500.0,200.0,331.48651421,-109883.30694937
500.0,1.0,10.0,4000.0,1008.71943379,-1017514.8755086272
500.0,1.0,0.15,15000.0,1000.2991205,-1000598.3104831154
500.0,1.0,5750.0,3000.0,535.35646179,-286606.53459645173
500.0,1.0,3500.0,400.0,409.6129099,-167782.7321344509
500.0,1.0,150000.0,0.3,248.84872711,-61925.68828924176
500.0,1.0,5.0,30.0,1005.98447422,-1012004.7422130986
500.0,1.0,750.0,1000.0,799.9812992,-639970.0650657705
500.0,1.0,3250.0,8000.0,797.10150763,-635370.8001240038
500.0,1.0,500.0,300.0,764.78020275,-584888.744978184
500.0,1.0,1900.0,50.0,419.0228772,-175580.16738113275
500.0,1.0,1500.0,0.5,323.44310602,-104615.44083001424
500.0,1.0,3250.0,7000.0,772.82032022,-597251.2347296559
500.0,1.0,4000.0,3.0,317.9609868,-101099.18715417184
500.0,1.0,1900.0,750.0,562.08537868,-315939.9655020604
500.0,1.0,15000.0,4000.0,429.58701359,-184544.9981394948
500.0,1.0,30.0,15.0,973.16386675,-947047.8920097403
500.0,1.0,3.0,10000.0,994.42438776,-988879.8432542772
500.0,1.0,4.0,3.0,1010.32888504,-1020764.4354858258
500.0,1.0,10000.0,15000.0,721.33503161,-520324.2163386673
500.0,1.0,40.0,1.5,924.6824934,-855037.6952808499
500.0,1.0,4750.0,8500.0,762.06595674,-580744.5101130275
500.0,1.0,10000.0,1500.0,377.01199427,-142138.04076810702
500.0,1.0,1.5,10000.0,1004.16544099,-1008348.2128010164
500.0,1.0,2000.0,400.0,502.96327352,-252972.04839900637
500.0,1.0,3500.0,10000.0,838.7310722,-703469.7968915054
500.0,1.0,100.0,50000.0,1007.55824633,-1015173.5993260896
500.0,1.0,100.0,5.0,861.72960235,-742577.8912905421
500.0,1.0,150000.0,30.0,250.60286617,-62801.79581097599
500.0,1.0,400.0,45.0,710.87981386,-505350.0974764687
500.0,1.0,4750.0,7500.0,745.74215013,-556131.3425131029
500.0,1.0,40.0,1500.0,999.56277863,-999125.7282849482
500.0,1.0,30.0,4.0,968.47368652,-937941.2622300608
500.0,1.0,100000.0,50.0,252.88490286,-63950.77333746254
500.0,1.0,2500.0,1000.0,547.19762693,-299425.2360193029
500.0,1.0,30.0,0.75,927.35725339,-859991.456968966
500.0,1.0,4000.0,5000.0,706.67452023,-499388.8665866205
500.0,1.0,1.0,1000.0,992.41636513,-984890.2220835654
500.0,1.0,500.0,100000.0,1007.42671935,-1014908.574270524
500.0,1.0,0.3,3000.0,994.34532436,-988722.6041832524
500.0,1.0,5000.0,1500.0,466.84063467,-217940.1733858012
500.0,1.0,1000.0,300.0,604.89828388,-365901.9252914848
500.0,1.0,30000.0,10000.0,434.93240703,-189166.19452759743
500.0,1.0,30.0,300.0,990.08094379,-980260.2554944184
500.0,1.0,100.0,0.15,565.5552248,-319852.7042125582
500.0,1.0,10000.0,5.0,281.32630682,-79144.48962299399
500.0,1.0,2000.0,30.0,401.53108151,-161227.2055518249
500.0,1.0,1000.0,1.0,410.51266073,-168520.6404874226
500.0,1.0,3500.0,5500.0,738.25277299,-545017.1450270877
500.0,1.0,15.0,400.0,1004.60699535,-1009235.195144568
500.0,1.0,150000.0,45.0,250.93369902,-62967.720571027545
500.0,1.0,10000.0,50.0,287.0434556,-82393.94405001271
500.0,1.0,2500.0,8500.0,858.25837397,-736607.4208515772
500.0,1.0,300.0,50.0,760.06447483,-577697.9925960928
500.0,1.0,400.0,30.0,681.63678789,-464628.6992203981
500.0,1.0,4500.0,0.3,270.36313263,-73096.22242113855
500.0,1.0,6500.0,9500.0,707.25227367,-500205.7678352942
500.0,1.0,3000.0,150.0,381.87022839,-145824.86807517952
500.0,1.0,2500.0,0.15,268.39779579,-72037.3757531157
500.0,1.0,5.0,50000.0,1020.99825556,-1042437.416934996
500.0,1.0,10000.0,100000.0,953.70979186,-909562.3483075188
500.0,1.0,1500.0,0.75,343.55335032,-118028.90200974682
500.0,1.0,2500.0,7500.0,851.42784561,-724929.3607290138
500.0,1.0,150.0,5000.0,981.34312121,-963034.3025162264
500.0,1.0,1.5,400.0,1000.69457656,-1001389.6156875452
500.0,1.0,50.0,3.0,921.5242878,-849206.9944481556
500.0,1.0,6500.0,6500.0,655.68949683,-429928.70708066906
500.0,1.0,3500.0,3000.0,643.17571731,-413674.99406034907
500.0,1.0,15.0,0.75,960.02647719,-921650.8176857752
500.0,1.0,2500.0,150.0,399.35220932,-159482.183539918
500.0,1.0,5500.0,50000.0,936.11312528,-876307.7656402678
500.0,1.0,10000.0,300.0,304.99323629,-93020.87254715538
500.0,1.0,350.0,200.0,782.7832168,-612749.5509856702
500.0,1.0,0.15,2.0,1004.02125829,-1008058.6668376764
500.0,1.0,5.0,45.0,970.18199205,-941253.0792124872
500.0,1.0,150.0,20.0,825.26188093,-681057.15696345
500.0,1.0,1.5,0.3,983.42740066,-967129.4331161188
500.0,1.0,2000.0,45.0,403.9759666,-163196.57786644227
500.0,1.0,350.0,5.0,653.07025438,-426500.74689693225
500.0,1.0,15000.0,2500.0,371.44460548,-137971.09208436793
500.0,1.0,2500.0,11000.0,868.3831805,-754089.3325028627
500.0,1.0,2.0,100.0,1009.63100738,-1019354.7506247828
500.0,1.0,40.0,100000.0,1001.79802856,-1003599.2701523986
500.0,1.0,4000.0,10.0,323.64179672,-104744.01053124278
500.0,1.0,20.0,15000.0,1003.9579923,-1007931.6297364758
500.0,1.0,10.0,2500.0,996.73100124,-993472.6689600716
500.0,1.0,1500.0,15.0,436.46284346,-190499.80911420987
500.0,1.0,5750.0,5500.0,645.3901127,-416528.38838448696
500.0,1.0,50000.0,5000.0,330.71168565,-109370.21695734034
500.0,1.0,2500.0,1.5,338.07023327,-114291.4801993666
500.0,1.0,10.0,50000.0,1010.92003848,-1021959.3036694564
500.0,1.0,5.0,4.0,996.62914345,-993269.6293943684
500.0,1.0,15.0,15.0,961.07474402,-923664.6453366568
500.0,1.0,5000.0,50.0,332.07140122,-110271.41294253398
500.0,1.0,3500.0,4.0,323.67128865,-104763.10106248254
500.0,1.0,50.0,200.0,978.48095355,-957424.9572630276
500.0,1.0,0.15,0.15,1017.7557714,-1035826.7892671648
500.0,1.0,2.0,500.0,1005.49477106,-1011019.7144941177
500.0,1.0,10000.0,0.5,260.86334495,-68049.68385094948
500.0,1.0,15.0,5000.0,1008.29494517,-1016658.6760285116
500.0,1.0,0.15,400.0,1009.50983944,-1019110.0951550246
500.0,1.0,100000.0,150.0,253.12915628,-64074.36899972018
500.0,1.0,20.0,40.0,991.00597561,-982092.8237858374
500.0,1.0,750.0,100.0,591.1200264,-349422.8768649133
500.0,1.0,4500.0,3000.0,599.68870823,-359626.53868263995
500.0,1.0,15000.0,0.75,259.11001655,-67137.99981092928
500.0,1.0,1900.0,0.3,295.71849922,-87449.42928089673
500.0,1.0,1.5,15.0,1004.45381777,-1008927.4514753718
500.0,1.0,400.0,150.0,761.07797791,-579239.6750042071
500.0,1.0,15000.0,200.0,281.02236729,-78973.56965934744
500.0,1.0,4500.0,50.0,331.01056,-109567.98867529511
500.0,1.0,400.0,1.0,564.52122022,-318684.19987178023
500.0,1.0,0.3,3.0,1001.40315245,-1002808.253710122
500.0,1.0,3500.0,45.0,356.8694048,-127355.76922153012
500.0,1.0,5500.0,8500.0,725.82094676,-526816.0353620356
500.0,1.0,450.0,3.0,592.35986079,-350890.1957679241
500.0,1.0,5500.0,7500.0,691.19820959,-477754.9547016737
500.0,1.0,750.0,500.0,731.77107474,-535488.8935045636
500.0,1.0,5500.0,10.0,303.98591548,-92407.4351366332
500.0,1.0,20.0,300.0,1013.91131548,-1028016.1350908736
500.0,1.0,40.0,0.15,733.78445,-538439.6061821949
500.0,1.0,5000.0,3.0,299.22557204,-89535.94137144591
500.0,1.0,100.0,0.5,735.67160608,-541212.699280568
500.0,1.0,15000.0,15.0,270.36176436,-73095.48256379449
500.0,1.0,350.0,2500.0,963.38275612,-928106.3157582384
500.0,1.0,1.5,0.75,989.8870193,-979876.2914005256
500.0,1.0,100000.0,4000.0,280.07327426,-78441.03776401236
500.0,1.0,30.0,1000.0,1009.7739812,-1019643.4728337298
500.0,1.0,30.0,1.5,942.38730377,-888093.8114800141
500.0,1.0,30000.0,10.0,261.40241071,-68331.21940161925
500.0,1.0,50000.0,150.0,259.02888927,-67095.96457229074
500.0,1.0,0.75,150.0,1009.33499119,-1018757.1039410814
500.0,1.0,750.0,35.0,559.2337632,-312742.3941292385
6.0,,,,,
500.0,1.0,5.0,300.0,994.59518374,-989219.5600169508
500.0,1.0,0.75,3.0,999.410947,-998822.2213167956
500.0,1.0,40.0,4.0,935.8479613,-875811.3884937277
500.0,1.0,300.0,0.3,477.01447694,-227542.8052886357
500.0,1.0,200.0,200.0,881.92908583,-777798.8958402084
500.0,1.0,4000.0,15000.0,872.90524995,-761963.5593949436
500.0,1.0,4500.0,750.0,408.86991673,-167174.60526455392
500.0,1.0,150000.0,1500.0,258.03489073,-66582.00396810992
500.0,1.0,1.0,3.0,1004.30988124,-1008638.3170611872
500.0,1.0,30000.0,1.0,256.46540737,-65774.5043446545
500.0,1.0,1.0,15000.0,1015.41010827,-1031057.6673124772
500.0,1.0,2.0,30.0,1008.61643497,-1017307.0923743552
500.0,1.0,1500.0,5.0,413.65779707,-171112.7690214489
500.0,1.0,200.0,2500.0,977.83783029,-956166.8033319438
500.0,1.0,0.5,50.0,1004.6097685,-1009240.7671227048
500.0,1.0,1.0,40.0,989.72435366,-979554.276597012
500.0,1.0,500.0,45.0,646.36266371,-417784.6828697265
500.0,1.0,5000.0,750.0,399.04877948,-159239.92503892982
500.0,1.0,2.0,0.3,988.58085357,-977292.0842707212
500.0,1.0,1500.0,15000.0,940.83461355,-885169.7523366612
500.0,1.0,3000.0,0.15,264.98451003,-70216.78960719595
500.0,1.0,30.0,100000.0,985.93711586,-972071.9772650308
500.0,1.0,0.15,5000.0,1017.28927483,-1034877.4477987592
500.0,1.0,400.0,200.0,771.89204777,-595817.3199554889
500.0,1.0,30000.0,45.0,261.43085493,-68346.09101285858
500.0,1.0,2500.0,5.0,362.71209247,-131560.0591296075
500.0,1.0,15000.0,3000.0,398.8480905,-159079.79579277508
500.0,1.0,15000.0,40.0,274.18847653,-75179.31955603283
500.0,1.0,15000.0,150.0,279.49292634,-78116.29467609595
500.0,1.0,20.0,0.75,942.60737469,-888508.6439486422
500.0,1.0,5750.0,4000.0,588.9126247,-346818.0715835622
500.0,1.0,10.0,3000.0,1011.77121667,-1023680.9740559192
500.0,1.0,350.0,1.5,613.78867931,-376736.5331160773
500.0,1.0,0.15,750.0,992.82972946,-985710.8520528337
500.0,1.0,50.0,1000.0,983.13099635,-966546.536919872
500.0,1.0,100000.0,200.0,251.93951513,-63473.51853286706
500.0,1.0,15.0,0.3,922.15057288,-850361.6608456869
500.0,1.0,5000.0,0.15,257.40183307,-66255.70283979327
500.0,1.0,1.0,15.0,997.24002559,-994487.6489796684
500.0,1.0,500.0,10.0,611.44413469,-373863.92056580633
500.0,1.0,0.15,50.0,1000.29930244,-1000598.67450206
500.0,1.0,3500.0,0.5,281.44132399,-79209.21761078818
500.0,1.0,5.0,0.5,975.7375299,-952063.708059706
500.0,1.0,450.0,35.0,654.27429629,-428074.8442591356
500.0,1.0,50000.0,1.0,251.80412906,-63405.31865828894
500.0,1.0,2000.0,15000.0,926.3883763,-858195.4064078016
500.0,1.0,2500.0,50.0,384.39543319,-147759.84563138982
500.0,1.0,20.0,15.0,979.76645999,-959942.2966336624
500.0,1.0,4000.0,2000.0,554.54889963,-307524.4752293048
500.0,1.0,6500.0,8000.0,687.81410369,-473088.2310095828
500.0,1.0,1.5,40.0,1007.2857807,-1014624.623725971
500.0,1.0,3.0,20.0,989.14416523,-978406.1598048772
500.0,1.0,0.3,4000.0,1011.49549739,-1023123.1207120252
500.0,1.0,2500.0,9000.0,884.95717225,-783149.1801095624
500.0,1.0,3000.0,1.0,308.81139109,-95364.47343398532
500.0,1.0,200.0,150.0,887.01986893,-786804.2311870283
500.0,1.0,4500.0,400.0,374.7284083,-140421.3769111908
500.0,1.0,100000.0,1.0,249.52571103,-62263.07975028382
500.0,1.0,10000.0,0.15,253.44439428,-64234.06021795012
500.0,1.0,0.5,1.0,1012.91947291,-1026005.8380840516
500.0,1.0,150.0,100.0,903.33848157,-816020.3945829214
500.0,1.0,10.0,300.0,991.5058269,-983083.7854494724
500.0,1.0,300.0,0.15,398.92996053,-159145.10950284547
500.0,1.0,0.3,15000.0,981.63067948,-963598.7719096524
500.0,1.0,6500.0,7000.0,667.44304806,-445480.21268801054
500.0,1.0,50000.0,200.0,260.59019864,-67907.25068604341
500.0,1.0,20.0,2.0,961.57192209,-924620.542165928
500.0,1.0,2500.0,6000.0,819.50149927,-671582.6929258197
500.0,1.0,50000.0,50000.0,619.91299797,-384292.1165785482
500.0,1.0,0.75,200.0,996.51844599,-993048.993327061
500.0,1.0,50000.0,20.0,254.7918087,-64918.86498793255
500.0,1.0,3500.0,10.0,330.97365244,-109543.5564300857
500.0,1.0,150.0,500.0,951.73600587,-905801.4064533262
500.0,1.0,150000.0,50000.0,465.33054759,-216532.5138754121
500.0,1.0,5000.0,400.0,368.18090738,-135557.17764240602
500.0,1.0,1.0,0.75,1014.02240413,-1028241.4152499964
500.0,1.0,3.0,1000.0,996.54151619,-993094.9738481584
500.0,1.0,3500.0,2500.0,610.33240743,-372505.6394539023
500.0,1.0,100.0,1000.0,978.56388827,-957587.2638747696
500.0,1.0,5500.0,45.0,307.23191737,-94391.4493515953
500.0,1.0,450.0,15000.0,977.90545876,-956299.0673553812
500.0,1.0,1900.0,1500.0,666.08107028,-443663.982057454
500.0,1.0,2000.0,10.0,391.99433856,-153659.55779465145
500.0,1.0,30000.0,50000.0,723.064705,-522822.556815642
500.0,1.0,40.0,0.5,873.83462025,-763586.9266019013
500.0,1.0,1.5,750.0,1009.82373206,-1019743.9492272852
500.0,1.0,350.0,3000.0,967.35430325,-935774.3289610072
500.0,1.0,4.0,2.0,992.53026291,-985116.3030662084
500.0,1.0,750.0,1.0,437.74150999,-191617.6247918909
500.0,1.0,1500.0,40.0,443.98953499,-197126.7024017894
500.0,1.0,5250.0,4500.0,630.63897479,-397705.5076214557
500.0,1.0,4.0,1500.0,1012.41553826,-1024985.2016695512
500.0,1.0,30.0,5.0,951.02189151,-904442.6194654772
500.0,1.0,15.0,750.0,995.89196482,-991800.7858731752
500.0,1.0,4000.0,45.0,336.29006524,-113091.00567323154
500.0,1.0,3000.0,200.0,394.89646149,-155943.21188436417
500.0,1.0,3.0,1.0,984.25026216,-968748.559264914
500.0,1.0,100.0,4.0,840.38270216,-706243.0706385239
500.0,1.0,15.0,40.0,992.22156604,-984503.6162507829
500.0,1.0,350.0,150.0,797.67248237,-636281.374484914
500.0,1.0,200.0,3000.0,983.05623958,-966399.550764256
500.0,1.0,3000.0,50.0,366.13678264,-134056.1406790286
500.0,1.0,4500.0,11000.0,797.39157468,-635833.3102459277
500.0,1.0,2500.0,200.0,409.10525181,-167367.1031834154
500.0,1.0,1500.0,1.5,379.67889576,-144156.06063826912
500.0,1.0,4000.0,2.0,306.52546476,-93957.85872128182
500.0,1.0,0.5,0.15,978.05367708,-956588.9762180136
500.0,1.0,30000.0,5000.0,369.32532446,-136401.19249591132
500.0,1.0,3500.0,50000.0,982.30107374,-964915.379623778
500.0,1.0,4500.0,2500.0,563.47420735,-317503.1752051726
500.0,1.0,100.0,10000.0,1001.08502656,-1002171.2104203647
500.0,1.0,150000.0,10.0,250.13316194,-62566.59798686661
500.0,1.0,4500.0,0.15,260.06289892,-67632.7104921066
500.0,1.0,3.0,50000.0,1005.80302728,-1011639.7090541344
500.0,1.0,1.5,50000.0,987.08511659,-974337.0080427616
500.0,1.0,1500.0,100.0,460.04373539,-211640.23335822517
500.0,1.0,350.0,15000.0,1020.02533667,-1040451.6664534028
500.0,1.0,450.0,4000.0,957.42446279,-916661.583440245
500.0,1.0,10000.0,4.0,277.82915645,-77189.03898911098
500.0,1.0,1.5,1500.0,999.27314429,-998546.7969425552
500.0,1.0,50.0,150.0,960.82947003,-923193.2519954288
500.0,1.0,5500.0,9000.0,746.68960515,-557545.3546559676
500.0,1.0,30.0,35.0,985.88783362,-971974.8006859408
500.0,1.0,0.75,1000.0,1028.26827672,-1057335.627192346
500.0,1.0,40.0,50.0,991.59680864,-983264.210680492
500.0,1.0,3000.0,2000.0,608.62658523,-370426.3119256537
500.0,1.0,400.0,1500.0,921.29817121,-848790.3026892728
500.0,1.0,5500.0,6000.0,666.36597529,-444043.6032274976
500.0,1.0,1500.0,500.0,577.12271432,-333070.6194393061
500.0,1.0,500.0,4000.0,957.5409627,-916884.6766662576
500.0,1.0,5.0,10.0,996.76705578,-993544.543670679
500.0,1.0,200.0,0.3,534.56897512,-285763.98197399086
500.0,1.0,10.0,10000.0,1005.69846555,-1011429.3834693804
500.0,1.0,1900.0,400.0,511.90093118,-262042.5571267926
500.0,1.0,200.0,0.15,439.00449216,-192724.93939308316
500.0,1.0,4.0,300.0,1006.97116192,-1013990.9003391976
500.0,1.0,450.0,2500.0,948.15574046,-898999.2894586794
500.0,1.0,6500.0,20.0,304.99549538,-93022.2504440046
500.0,1.0,2000.0,1.0,335.21312673,-112367.83802777788
500.0,1.0,15.0,2000.0,998.49269137,-996987.6347059892
500.0,1.0,15.0,35.0,982.32070709,-964953.9523105916
500.0,1.0,3500.0,750.0,459.42091683,-211067.57381080583
500.0,1.0,0.15,3.0,997.60881156,-995223.3211536534
500.0,1.0,4500.0,4000.0,639.81963846,-409369.1606523328
500.0,1.0,1500.0,1500.0,721.80622261,-521004.21121031546
500.0,1.0,1500.0,35.0,443.1929867,-196420.01883696925
500.0,1.0,500.0,2500.0,946.73818911,-896313.1803132457
500.0,1.0,0.3,50.0,994.89799666,-989822.0041808812
500.0,1.0,4.0,20.0,993.56163102,-987164.6949703993
500.0,1.0,4000.0,30.0,336.23458223,-113053.69192150349
500.0,1.0,2.0,1000.0,990.44271378,-980976.7494497596
500.0,1.0,50.0,2.0,934.31481379,-872944.1523733303
500.0,1.0,2000.0,750.0,556.52073181,-309715.31775575265
500.0,1.0,300.0,100000.0,1000.82725451,-1001655.1731994208
500.0,1.0,5.0,5.0,1000.76560157,-1001531.7692687165
500.0,1.0,3750.0,9000.0,815.40399854,-664883.6666598945
500.0,1.0,300.0,300.0,865.03810262,-748290.9025546173
500.0,1.0,1900.0,8000.0,896.17478922,-803129.2358558303
500.0,1.0,5500.0,10000.0,745.59022551,-555904.7724482354
500.0,1.0,100000.0,3000.0,272.62597532,-74324.92136532154
500.0,1.0,30.0,40.0,990.75161086,-981588.7344253688
500.0,1.0,3500.0,100000.0,974.68069747,-950002.44290541
500.0,1.0,3750.0,6000.0,754.12052929,-568697.7604512217
500.0,1.0,3500.0,5.0,330.71720217,-109373.86560993432
500.0,1.0,0.3,100000.0,1005.17162985,-1010369.9853314696
500.0,1.0,1900.0,7000.0,859.19056733,-738208.4156184405
500.0,1.0,20.0,1500.0,986.41800438,-973020.4600606392
500.0,1.0,10.0,0.3,936.75190326,-877504.1100178151
500.0,1.0,50.0,0.15,693.10523868,-480394.8601847949
500.0,1.0,0.15,2000.0,1007.6863368,-1015431.732965022
500.0,1.0,4250.0,9500.0,790.02878281,-624145.4643064964
500.0,1.0,350.0,4.0,641.25535245,-411208.41714508185
500.0,1.0,2500.0,0.5,296.46843017,-87893.5285235976
500.0,1.0,5.0,10000.0,1007.43131095,-1014917.8259418237
500.0,1.0,4250.0,6500.0,738.74124121,-545738.6094596734
500.0,1.0,400.0,10.0,662.85845062,-439381.3145848392
500.0,1.0,500.0,1.0,513.9326494,-264126.7611206122
3.0,,,,,
500.0,1.0,1900.0,11000.0,908.9158478,-826128.0014711426
500.0,1.0,5500.0,100000.0,964.53979446,-930336.9959295624
500.0,1.0,450.0,40.0,682.10093687,-465261.67672827473
500.0,1.0,350.0,20.0,691.26866658,-477852.3578688041
500.0,1.0,0.3,2.0,993.11265873,-986272.7333662328
500.0,1.0,100.0,750.0,998.2003841,-996403.9866130252
500.0,1.0,150.0,2000.0,985.89810378,-971995.0514678136
500.0,1.0,6500.0,1500.0,440.01954497,-193617.1956094208
500.0,1.0,0.3,2500.0,1002.74272182,-1005492.9462433448
500.0,1.0,150000.0,750.0,254.44522452,-64742.37150582281
500.0,1.0,3.0,100.0,1004.43260594,-1008884.8399550758
500.0,1.0,2.0,10.0,1013.74699766,-1027682.954552768
500.0,1.0,450.0,2.0,568.55104241,-323250.2795794577
500.0,1.0,30000.0,500.0,272.11385563,-74045.9493432275
500.0,1.0,50.0,15000.0,995.98684816,-991989.7820548336
500.0,1.0,100000.0,0.15,248.05777401,-61532.65854983757
500.0,1.0,1000.0,1000.0,744.19513647,-553826.3889102838
500.0,1.0,3.0,500.0,1011.77612544,-1023690.9072635112
500.0,1.0,750.0,15.0,553.70243558,-306586.3791540618
500.0,1.0,30000.0,100.0,262.3414895,-68823.05620156646
500.0,1.0,10000.0,1.5,269.5037137,-72632.25067686159
500.0,1.0,30000.0,30.0,260.69573668,-67962.26624167903
500.0,1.0,100.0,50.0,910.62236517,-829233.0745176465
500.0,1.0,3500.0,4000.0,706.03259459,-498482.0136734179
500.0,1.0,6500.0,0.3,264.22176501,-69813.14011564205
500.0,1.0,40.0,150.0,981.46345791,-963270.4997271688
500.0,1.0,0.5,1500.0,1018.41901966,-1037177.2783729596
500.0,1.0,15000.0,35.0,272.64582566,-74335.74514489151
500.0,1.0,5500.0,30.0,313.30997506,-98163.1385840738
500.0,1.0,4000.0,150.0,342.92216422,-117595.60833817684
500.0,1.0,3250.0,9500.0,848.37319812,-719737.0680598675
500.0,1.0,1900.0,0.15,274.97698858,-75612.34308012121
500.0,1.0,0.5,400.0,1004.07577427,-1008168.140561226
500.0,1.0,1500.0,4.0,412.73727651,-170352.05518965286
500.0,1.0,3250.0,11000.0,836.57378153,-699855.6772765915
500.0,1.0,50000.0,2000.0,285.13418787,-81301.50377014195
500.0,1.0,1.0,2.0,988.73389746,-977594.7004045194
500.0,1.0,1.0,750.0,1018.61660984,-1037579.7768870896
500.0,1.0,5.0,1500.0,992.4891103,-985034.6145637304
500.0,1.0,3250.0,6500.0,787.45169442,-620080.1576436316
500.0,1.0,750.0,0.75,425.29378168,-180874.79634594
74.0,,,,,
500.0,1.0,30.0,0.5,886.44135827,-785778.2648079726
500.0,1.0,5500.0,150.0,332.46154019,-110530.67348582974
500.0,1.0,4750.0,9000.0,774.59175586,-599992.3752185527
500.0,1.0,100.0,1.5,827.72750417,-685132.8056681895
500.0,1.0,5000.0,2.0,303.20894852,-91935.6648018462
500.0,1.0,1.5,35.0,1000.21303446,-1000426.094247078
500.0,1.0,4750.0,6000.0,691.25647217,-477835.50003365806
500.0,1.0,0.75,2.0,1000.89600269,-1001792.7882368437
500.0,1.0,40.0,5.0,949.48234762,-901516.7094439669
500.0,1.0,0.15,0.75,994.8758195,-989777.8764990557
500.0,1.0,4.0,4000.0,993.60891079,-987258.6480290276
500.0,1.0,30.0,5000.0,996.78716108,-993584.6246501848
500.0,1.0,2000.0,200.0,460.96079055,-212484.8453502418
500.0,1.0,10000.0,3.0,278.56554387,-77598.76099050597
500.0,1.0,500.0,100.0,699.74915085,-489648.8620856427
500.0,1.0,1900.0,4000.0,804.05790481,-646509.1004818022
500.0,1.0,20.0,50.0,969.17550747,-939301.1456279116
500.0,1.0,2500.0,15.0,378.16395586,-143007.97416901911
500.0,1.0,20.0,2500.0,1013.55449964,-1027292.7033249814
500.0,1.0,1900.0,150.0,445.71709942,-198663.72803310596
500.0,1.0,450.0,0.5,463.89624442,-215199.72006193595
500.0,1.0,100000.0,10000.0,319.16283127,-101864.9109770985
500.0,1.0,50.0,35.0,940.16438882,-883909.0599841061
500.0,1.0,500.0,500.0,820.62553837,-673426.2593532305
500.0,1.0,0.15,1000.0,1001.4043394,-1002810.630877346
500.0,1.0,300.0,3000.0,961.09232968,-923698.4474846422
500.0,1.0,0.3,0.5,1005.52882432,-1011088.1963106731
500.0,1.0,4500.0,40.0,327.02029321,-106942.27004255884
500.0,1.0,1900.0,100000.0,989.42412239,-978960.0742878064
500.0,1.0,5500.0,1.0,284.68425917,-81045.12609832965
500.0,1.0,1000.0,45.0,523.52905807,-274082.66772238427
500.0,1.0,3500.0,200.0,375.01943211,-140639.57146955078
500.0,1.0,4250.0,5500.0,700.47414071,-490664.010966509
500.0,1.0,0.5,40.0,1005.58894148,-1011209.0986909582
500.0,1.0,6500.0,50000.0,926.68460638,-858744.3421143595
500.0,1.0,2000.0,3000.0,760.21116945,-577921.0095909699
500.0,1.0,2.0,20.0,1006.11115978,-1012259.6452684026
500.0,1.0,0.75,0.5,1003.79545736,-1007605.2999833964
500.0,1.0,150.0,1.0,728.61954669,-530886.4312639685
500.0,1.0,200.0,35.0,801.78914536,-642865.8191398269
500.0,1.0,4.0,5.0,1000.35977489,-1000719.658784811
500.0,1.0,1.0,50.0,1007.53297757,-1015122.680533606
500.0,1.0,0.15,15.0,1000.36406184,-1000728.2360683992
500.0,1.0,4500.0,8000.0,749.89963023,-562349.4433802027
500.0,1.0,450.0,1500.0,906.49785182,-821738.338313829
500.0,1.0,15.0,1000.0,989.47918193,-979069.0320911204
500.0,1.0,5000.0,0.5,270.326887,-73076.62481003265
500.0,1.0,100.0,3.0,862.79402261,-744413.5085168699
500.0,1.0,350.0,10.0,686.68928911,-471542.1683140429
500.0,1.0,4500.0,7000.0,745.69946984,-556067.687161897
500.0,1.0,1000.0,500.0,665.99089006,-443543.855290888
500.0,1.0,30.0,2.0,948.78829426,-900199.2084378046
500.0,1.0,15.0,0.15,883.5795253,-780712.7606650316
500.0,1.0,30.0,500.0,1004.40807683,-1008835.5645579715
500.0,1.0,1500.0,2500.0,790.04381955,-624169.2230102825
500.0,1.0,3000.0,50000.0,948.23575413,-899151.0273290452
500.0,1.0,500.0,1500.0,905.3507034,-819659.8788930562
500.0,1.0,400.0,10000.0,996.18448813,-992383.5143821136
500.0,1.0,30.0,100.0,975.10929914,-950838.1265542838
500.0,1.0,1500.0,0.15,283.60817551,-80433.59588903179
500.0,1.0,1000.0,100.0,537.80816562,-289237.6156909781
500.0,1.0,5500.0,3500.0,580.56889779,-337060.23768414423
500.0,1.0,2500.0,0.75,310.412995,-96356.2256608952
500.0,1.0,2.0,2000.0,1000.43888714,-1000877.9468990588
500.0,1.0,0.75,45.0,992.30482521,-984668.8467548296
500.0,1.0,400.0,4000.0,978.05093414,-956583.6101058092
500.0,1.0,1.0,0.5,988.19899852,-976537.2414200178
500.0,1.0,15000.0,1.0,260.49346921,-67856.84662590553
500.0,1.0,10.0,45.0,991.6168717,-983304.0006977334
500.0,1.0,1.5,4000.0,998.36630832,-996735.2654870404
500.0,1.0,4000.0,5.0,317.61655348,-100880.27297846857
500.0,1.0,3000.0,0.75,302.70523544,-91630.45782968769
500.0,1.0,50000.0,1000.0,272.47071806,-74240.29107858543
500.0,1.0,40.0,15.0,955.25633485,-912514.64642555
500.0,1.0,1900.0,35.0,411.94120451,-169695.5519067458
500.0,1.0,5.0,2500.0,1009.40887579,-1018906.2580475418
500.0,1.0,6500.0,300.0,331.81320537,-110100.0011236317
500.0,1.0,50.0,0.5,838.2168725,-702607.5093640839
500.0,1.0,150.0,30.0,853.66620273,-728745.9695917448
500.0,1.0,20.0,5.0,968.8616694,-938692.915127074
500.0,1.0,1000.0,0.3,332.363352,-110465.39549378392
2.0,,,,,
500.0,1.0,3250.0,5500.0,748.31646735,-559977.5233188755
500.0,1.0,40.0,400.0,984.53982808,-969318.654092387
500.0,1.0,0.5,15000.0,1011.36026396,-1022849.5627806704
500.0,1.0,2.0,15000.0,1000.42157135,-1000843.3002833576
500.0,1.0,2500.0,15000.0,926.30866606,-858047.7270042405
500.0,1.0,0.15,1.5,998.59380258,-997189.5625808696
500.0,1.0,100.0,200.0,951.12999819,-904648.2549244356
500.0,1.0,10000.0,40.0,288.80335315,-83407.37539331548
500.0,1.0,10000.0,3000.0,453.3497155,-205525.95993122287
500.0,1.0,400.0,20.0,677.76524935,-459365.7218892642
500.0,1.0,300.0,40.0,748.27230653,-559911.431615108
500.0,1.0,40.0,3000.0,999.56887787,-999137.921595238
500.0,1.0,150000.0,200.0,251.96920107,-63488.477537742045
500.0,1.0,1.5,0.15,992.75198418,-985556.4823635834
500.0,1.0,450.0,500.0,850.77257567,-723813.9594684115
500.0,1.0,40.0,0.75,887.78402578,-788160.4595330891
500.0,1.0,6500.0,10.0,297.14912218,-88297.59924469393
500.0,1.0,2500.0,3500.0,728.27532153,-530384.9326056294
500.0,1.0,5500.0,400.0,366.6878255,-134459.95848206012
500.0,1.0,300.0,10000.0,1010.15157939,-1020406.19268647
500.0,1.0,2500.0,2.0,340.58282284,-115996.6567204602
500.0,1.0,3000.0,15.0,350.19740811,-122638.22194929648
500.0,1.0,150.0,1000.0,960.15761257,-921902.6225588112
500.0,1.0,6500.0,2500.0,485.2318921,-235449.9838555271
500.0,1.0,0.3,100.0,1013.12202936,-1026416.2258309424
500.0,1.0,0.3,1500.0,1019.41146776,-1039199.7195962032
500.0,1.0,100000.0,35.0,251.32831476,-63165.92106718998
500.0,1.0,5000.0,40.0,323.05085923,-104361.85559836456
500.0,1.0,150.0,15000.0,1002.95087434,-1005910.4362340696
500.0,1.0,1.0,200.0,1007.21216389,-1014476.3226189896
500.0,1.0,1000.0,2000.0,844.28206488,-712812.1900121938
500.0,1.0,3500.0,8000.0,798.57195651,-637717.156098232
500.0,1.0,0.3,500.0,997.65409627,-995313.676003236
500.0,1.0,0.5,150.0,1009.53667651,-1019164.280890018
500.0,1.0,150000.0,1.0,249.41490207,-62207.792664370674
500.0,1.0,4000.0,400.0,394.73431284,-155815.17414946368
500.0,1.0,5000.0,3000.0,585.14170081,-342390.8023862452
500.0,1.0,15000.0,0.15,252.01593127,-63512.02886914172
500.0,1.0,3500.0,7000.0,776.75394544,-603346.6787883433
500.0,1.0,450.0,100.0,709.53859273,-503445.0025855985
500.0,1.0,4.0,10.0,1008.21835469,-1016504.2303100798
500.0,1.0,0.5,2500.0,1009.95344044,-1020005.9316484022
500.0,1.0,4000.0,1000.0,468.66708538,-219648.831859185
500.0,1.0,750.0,300.0,677.76344171,-459363.2719666322
500.0,1.0,1.0,5.0,1000.64143024,-1001283.2519324631
500.0,1.0,20.0,500.0,1003.71499922,-1007443.7795124648
500.0,1.0,5000.0,100000.0,974.93913463,-950506.2971255332
500.0,1.0,0.3,0.75,1006.09204841,-1012221.189707896
500.0,1.0,1.0,5000.0,1000.11770443,-1000235.402664706
500.0,1.0,4000.0,0.5,280.72804722,-78808.23525620584
500.0,1.0,1500.0,3.0,408.85789874,-167164.77736032836
500.0,1.0,40.0,15000.0,1001.86882201,-1003741.1164909932
500.0,1.0,6500.0,4000.0,571.66960744,-326806.132768591
500.0,1.0,10000.0,35.0,287.52623946,-82671.3369496172
500.0,1.0,150000.0,20.0,250.50437943,-62752.443392622736
500.0,1.0,2500.0,5000.0,799.72565588,-639561.1107310026
500.0,1.0,300.0,35.0,743.3492849,-552568.1463827188
500.0,1.0,150.0,45.0,855.97936084,-732700.6502362172
500.0,1.0,0.5,4000.0,994.10809533,-988250.885467304
500.0,1.0,15000.0,400.0,289.42330622,-83765.84880488907
500.0,1.0,5000.0,5.0,311.55684192,-97067.66381529448
500.0,1.0,3.0,2000.0,1007.29371092,-1014640.5997897742
500.0,1.0,5.0,20.0,1015.09326545,-1030414.317115154
500.0,1.0,100.0,2000.0,1019.14616017,-1038658.874488703
500.0,1.0,400.0,750.0,902.34667797,-814229.5095337145
500.0,1.0,3500.0,1500.0,533.90486791,-285054.40133974975
500.0,1.0,100000.0,750.0,255.62895078,-65346.1596689933
500.0,1.0,20.0,100.0,996.37658349,-992766.2764019136
500.0,1.0,0.15,200.0,994.08298955,-988200.9702410768
500.0,1.0,0.75,5.0,1000.44803351,-1000896.247403606
500.0,1.0,40.0,2.0,928.20502353,-861564.5475621666
500.0,1.0,4.0,0.5,994.88009925,-989786.3920858492
500.0,1.0,15000.0,100000.0,884.92374709,-783090.0219883319
500.0,1.0,1900.0,40.0,422.7629422,-178728.50087593574
500.0,1.0,0.3,5.0,1006.7560289,-1013557.6813619524
500.0,1.0,5750.0,8000.0,700.44042062,-490616.77200265706
500.0,1.0,0.3,15.0,999.71625639,-999432.5735694744
500.0,1.0,5000.0,150.0,335.10931109,-112298.24805216088
500.0,1.0,3250.0,3000.0,658.15336525,-433165.84262809897
500.0,1.0,450.0,5.0,598.39137157,-358072.22469693614
500.0,1.0,1.5,1.0,986.32581677,-972838.5975602923
500.0,1.0,5750.0,7000.0,704.36444753,-496129.2641007847
500.0,1.0,5.0,4000.0,996.88963842,-993788.9312975274
500.0,1.0,2000.0,20.0,397.43321555,-157953.15698559338
500.0,1.0,750.0,5000.0,934.93829225,-874109.5926247617
500.0,1.0,50.0,2000.0,1000.95051255,-1001901.9082604971
500.0,1.0,5.0,100.0,1022.9064808,-1046337.6476133746
500.0,1.0,4500.0,150.0,350.66277062,-122964.37601575765
500.0,1.0,4750.0,3500.0,619.37843764,-383629.6401894283
500.0,1.0,200.0,400.0,932.82617336,-870164.6514933625
500.0,1.0,750.0,50000.0,991.58883824,-983248.4046966108
500.0,1.0,100000.0,40.0,252.51466189,-63763.653689201405
500.0,1.0,5000.0,35.0,318.54955416,-101473.81646811568
500.0,1.0,5.0,500.0,1004.86906903,-1009761.8253924889
500.0,1.0,3750.0,11000.0,837.75790665,-701838.2953892782
500.0,1.0,4500.0,1.0,287.10356245,-82428.45422475836
500.0,1.0,450.0,0.15,346.53729154,-120088.09192659592
500.0,1.0,0.75,750.0,984.39711828,-969037.6670516848
500.0,1.0,50000.0,750.0,265.16039015,-70310.03155448954
500.0,1.0,4500.0,1500.0,493.07747353,-243125.38927074408
500.0,1.0,4500.0,35.0,319.54471521,-102108.82303633884
500.0,1.0,1000.0,30.0,517.14191691,-267435.7553727544
500.0,1.0,350.0,400.0,854.70160141,-730514.8117022488
500.0,1.0,5.0,2.0,997.31486712,-994636.9240798728
500.0,1.0,50000.0,10.0,255.64291254,-65353.29790332442
500.0,1.0,30000.0,0.3,251.3363521,-63169.96114783132
500.0,1.0,3500.0,2.0,315.49596669,-99537.70305422596
500.0,1.0,10000.0,500.0,310.19333099,-96219.900904947
500.0,1.0,3.0,10.0,995.31955377,-990660.9943810608
500.0,1.0,100.0,0.75,757.9538234,-574493.9851829052
500.0,1.0,50.0,40.0,956.19576721,-914310.3263580756
500.0,1.0,2.0,1.0,1001.10998515,-1002221.1825236432
500.0,1.0,2500.0,750.0,517.40962472,-267712.71368426457
500.0,1.0,350.0,100000.0,991.93638226,-983937.76692311
500.0,1.0,10000.0,100.0,290.67872436,-84494.11936666192
500.0,1.0,1.5,200.0,1007.09492424,-1014240.1660711628
500.0,1.0,1.5,2500.0,1012.81214286,-1025788.4162587372
500.0,1.0,0.75,2000.0,991.43933081,-982951.9271724902
500.0,1.0,350.0,3.0,631.74315656,-399099.4061676268
500.0,1.0,15.0,10000.0,1023.39429429,-1047335.8601735818
500.0,1.0,30.0,0.15,776.75000963,-603340.5635427372
500.0,1.0,400.0,2500.0,956.78061729,-915429.130937596
500.0,1.0,3000.0,1000.0,509.3516598,-259439.10754239297
500.0,1.0,300.0,1.0,602.51745386,-363027.2728431699
500.0,1.0,3500.0,20.0,338.24879672,-114412.24611516183
500.0,1.0,5500.0,5000.0,642.83406155,-413235.6216461977
500.0,1.0,3000.0,750.0,473.501647,-224203.8046669116
500.0,1.0,1500.0,4000.0,849.69994527,-721989.9816001996
500.0,1.0,15.0,200.0,999.79090646,-999581.8367345588
500.0,1.0,2.0,300.0,1025.24653162,-1051130.4290500693
500.0,1.0,0.75,30.0,986.04334262,-972281.4542859064
500.0,1.0,1900.0,2500.0,744.56576836,-554378.1710492449
500.0,1.0,5250.0,8500.0,735.04711484,-540294.2492115728
500.0,1.0,10.0,30.0,1008.39407408,-1016858.5883297464
500.0,1.0,750.0,50.0,580.46286141,-336937.1249087785
500.0,1.0,400.0,0.3,426.4671018,-181874.18439839705
500.0,1.0,3750.0,3500.0,665.76314122,-443240.5504971031
500.0,1.0,50.0,400.0,987.00941244,-974187.5610792162
500.0,1.0,150000.0,3000.0,269.10678596,-72418.46120821562
500.0,1.0,0.15,4.0,980.29139904,-960971.2081679676
500.0,1.0,3000.0,100000.0,991.83277383,-983732.231470232
500.0,1.0,100.0,15.0,886.57417165,-786013.7448569185
500.0,1.0,0.75,50000.0,996.89544287,-993800.5042513168
500.0,1.0,5250.0,7500.0,709.66653871,-503626.5851637165
500.0,1.0,4.0,2500.0,1007.45355541,-1014962.6456102811
500.0,1.0,20.0,0.5,923.16580666,-852235.0884563619
500.0,1.0,4250.0,3000.0,612.61477678,-375296.8563436852
500.0,1.0,1900.0,1.0,336.62869402,-113318.87528455282
500.0,1.0,5000.0,10000.0,774.11465909,-599253.4926081236
500.0,1.0,0.5,35.0,1005.88111376,-1011796.794791782
500.0,1.0,500.0,20.0,627.77112395,-394096.5744248535
500.0,1.0,200.0,40.0,807.93420701,-652757.668275651
500.0,1.0,20.0,4000.0,999.66781189,-999335.7141132044
500.0,1.0,50.0,5.0,913.92424265,-835257.5038135691
500.0,1.0,15000.0,1500.0,346.49080378,-120055.87461530764
500.0,1.0,3000.0,10000.0,852.49593958,-726749.3116611462
500.0,1.0,5750.0,9500.0,739.65281523,-547086.2752879923
500.0,1.0,2500.0,400.0,465.84492067,-217011.48493623556
500.0,1.0,450.0,1.5,561.28302401,-315038.6247769579
500.0,1.0,400.0,50000.0,1004.21934858,-1008456.4796976544
500.0,1.0,5750.0,6500.0,665.10777453,-442368.3422054637
500.0,1.0,10.0,1500.0,1005.53415408,-1011098.9149310364
500.0,1.0,30000.0,20.0,261.54840182,-68407.56559395292
500.0,1.0,50.0,0.75,868.82365721,-754854.5305260401
500.0,1.0,350.0,750.0,882.09817614,-778097.1758810179
500.0,1.0,0.3,1.5,985.69509287,-971594.7968354644
500.0,1.0,100.0,40.0,928.58780241,-862275.2881440157
500.0,1.0,3000.0,400.0,431.75849495,-186415.39349985195
500.0,1.0,15000.0,15000.0,655.25840287,-429363.5652112323
500.0,1.0,350.0,30.0,712.90107253,-508227.92702382
500.0,1.0,450.0,50.0,674.52916154,-454989.5787917212
500.0,1.0,40.0,4000.0,1025.48346514,-1051616.316245919
500.0,1.0,3000.0,0.3,279.84955391,-78315.7715797257
500.0,1.0,100000.0,0.3,248.44924331,-61727.02580256153
500.0,1.0,6500.0,10000.0,703.11042446,-494364.2584776681
500.0,1.0,15.0,150.0,995.01379534,-990052.4331040864
500.0,1.0,0.15,35.0,990.51646056,-981122.8392630902
500.0,1.0,1.5,150.0,1000.58317096,-1001166.6621344036
500.0,1.0,10000.0,2.0,273.78345503,-74957.37911327418
500.0,1.0,0.5,0.3,994.18367211,-988401.1540672496
500.0,1.0,10000.0,4000.0,486.18788043,-236378.64973569437
500.0,1.0,200.0,15.0,797.1037201,-635374.3259005777
500.0,1.0,1.0,100000.0,1001.94600266,-1003895.771995616
500.0,1.0,1500.0,300.0,528.96953671,-279808.7640838651
500.0,1.0,50000.0,45.0,256.32971359,-65704.92124769553
500.0,1.0,15.0,1.0,956.20986611,-914337.2892278167
500.0,1.0,100000.0,50000.0,461.64054701,-213111.99002530583
500.0,1.0,50.0,15.0,948.2401966,-899159.4516478557
500.0,1.0,4000.0,4.0,322.39141551,-103936.22246329895
500.0,1.0,2500.0,4500.0,762.6462649,-581629.312899534
500.0,1.0,50000.0,0.3,250.29636598,-62648.27010253512
500.0,1.0,50.0,750.0,1016.40777418,-1033084.7423768789
500.0,1.0,6500.0,5500.0,598.459928,-358154.2776464149
500.0,1.0,2500.0,35.0,380.77630412,-144990.59054521023
500.0,1.0,1.0,1.5,992.91613516,-985882.4318371428
500.0,1.0,3.0,45.0,991.05326616,-982186.5569980864
500.0,1.0,5500.0,20.0,303.70123727,-92234.43985510724
500.0,1.0,4.0,4.0,995.06647595,-990157.2720244086
500.0,1.0,0.75,1.5,995.16410398,-990351.573870483
500.0,1.0,200.0,0.75,645.02326681,-416055.0041117144
500.0,1.0,30.0,3.0,958.25830226,-918258.9547368016
500.0,1.0,1000.0,5000.0,904.5338975,-818181.5544522288
500.0,1.0,100.0,2.0,860.94983694,-741234.6047092665
500.0,1.0,5000.0,1.5,287.46716474,-82637.36946483367
500.0,1.0,5000.0,4000.0,620.26662485,-384730.6772297
500.0,1.0,350.0,1500.0,959.49644553,-920633.4099579708
500.0,1.0,4000.0,20.0,335.15351707,-112327.87771583724
500.0,1.0,4.0,30.0,993.65058888,-987341.4731350496
500.0,1.0,30.0,2000.0,992.92739864,-985904.7992240764
500.0,1.0,5250.0,9000.0,763.41211561,-582798.0458005769
500.0,1.0,1900.0,3000.0,775.62511255,-601594.3021333683
500.0,1.0,0.3,40.0,1011.70248108,-1023541.8896328774
500.0,1.0,0.15,0.5,989.36349396,-978840.1038606532
500.0,1.0,5750.0,11000.0,770.37847552,-593482.9827685745
500.0,1.0,5250.0,6000.0,689.83467038,-475871.8619027498
500.0,1.0,4.0,3000.0,996.46509357,-992942.6629959744
500.0,1.0,750.0,0.15,314.51862944,-98921.96633880954
500.0,1.0,150000.0,2500.0,257.91346817,-66519.35623004095
500.0,1.0,50.0,1.5,881.76199973,-777504.2076761358
500.0,1.0,300.0,50000.0,993.57603646,-987193.3205929024
500.0,1.0,100000.0,400.0,253.46826097,-64246.15854559868
500.0,1.0,0.15,150.0,998.92093983,-997843.0241343302
500.0,1.0,200.0,1500.0,995.88937873,-991795.6343109364
500.0,1.0,1900.0,15000.0,923.30708026,-852495.9472072908
500.0,1.0,100000.0,15.0,251.5811179,-63293.058146972704
500.0,1.0,3000.0,35.0,367.28832791,-134900.712704732
500.0,1.0,15000.0,750.0,305.58685307,-93383.32305505968
500.0,1.0,300.0,4000.0,985.89500702,-971988.9447217572
500.0,1.0,1900.0,0.75,328.45458381,-107882.41147472864
500.0,1.0,400.0,400.0,842.30624761,-709479.7989687031
500.0,1.0,6500.0,30.0,301.12947845,-90678.96120414548
500.0,1.0,20.0,4.0,964.15347297,-929591.9005316652
500.0,1.0,2000.0,4000.0,793.04666442,-628922.9983579147
500.0,1.0,150.0,300.0,940.39931427,-884350.8514741672
500.0,1.0,10.0,100.0,1006.97250538,-1013993.6063418282
500.0,1.0,5000.0,200.0,339.27194231,-115105.44845289338
500.0,1.0,0.75,400.0,1003.93005087,-1007875.526717878
500.0,1.0,100000.0,0.75,250.15488461,-62577.46557072831
500.0,1.0,50000.0,400.0,258.18201861,-66657.95389121679
500.0,1.0,400.0,3000.0,952.60787516,-907461.745246003
500.0,1.0,2500.0,3.0,345.00675387,-119029.65772911812
500.0,1.0,750.0,0.3,359.52013649,-129254.7257301555
500.0,1.0,2.0,5000.0,996.99801873,-994005.0297297416
500.0,1.0,150.0,10.0,819.39091626,-671401.4588033772
500.0,1.0,1.5,3000.0,990.94012869,-981962.3189960618
500.0,1.0,10.0,500.0,1006.77746084,-1013600.835300794
500.0,1.0,3.0,0.3,983.67833344,-967623.0440257957
500.0,1.0,4500.0,200.0,354.41958517,-125613.23946609876
500.0,1.0,1900.0,15.0,407.97393415,-166442.72692902762
500.0,1.0,200.0,750.0,939.94862193,-883503.3935284043
500.0,1.0,40.0,35.0,957.41544975,-916644.3251104424
500.0,1.0,5500.0,4500.0,634.8181971,-402994.1344786833
500.0,1.0,30.0,50.0,963.60983753,-928543.9005888418
500.0,1.0,3000.0,40.0,359.09010793,-128945.70283717204
500.0,1.0,40.0,750.0,981.43793616,-963220.4035622802
500.0,1.0,4500.0,9500.0,787.66605377,-620417.7991699757
500.0,1.0,5000.0,4.0,306.76731775,-94106.18551509304
500.0,1.0,750.0,10000.0,959.11737441,-919906.1192953148
500.0,1.0,10.0,1.0,973.55152992,-947802.5619201484
500.0,1.0,6500.0,45.0,311.78545924,-97210.17072023908
500.0,1.0,2000.0,2500.0,758.25752529,-574954.4614825792
500.0,1.0,15.0,50.0,1008.65162447,-1017378.079371412
500.0,1.0,5000.0,15.0,314.3480756,-98814.71069573997
500.0,1.0,1.0,0.15,981.61857046,-963574.9984715056
500.0,1.0,500.0,0.3,393.35280176,-154726.42292798762
500.0,1.0,4500.0,6500.0,722.858752,-522524.764131388
500.0,1.0,4.0,1.5,1004.19750652,-1008412.611382511
500.0,1.0,0.75,4.0,1004.56631757,-1009153.4657050512
500.0,1.0,500.0,15000.0,980.39918965,-961182.551934108
500.0,1.0,40.0,3.0,936.16439427,-876403.7546949448
500.0,1.0,3.0,300.0,996.45366182,-992919.8803423278
500.0,1.0,4000.0,1.5,304.98519957,-93015.97025208396
500.0,1.0,30000.0,300.0,269.91622586,-72854.76791020446
500.0,1.0,1500.0,2.0,390.45367692,-152454.07024881413
500.0,1.0,5500.0,2000.0,493.25721057,-243302.67027747456
500.0,1.0,1.0,4.0,998.80335941,-997608.1308117585
500.0,1.0,150000.0,150.0,251.79285956,-63399.64336652832
500.0,1.0,300.0,0.75,579.26271478,-335545.2840118933
500.0,1.0,1500.0,3000.0,813.47564076,-661742.6040316147
500.0,1.0,10000.0,0.75,260.72386118,-67976.93090971833
500.0,1.0,4.0,45.0,993.88809087,-987813.517208706
500.0,1.0,0.75,5000.0,1017.39202569,-1035086.5127534416
500.0,1.0,100.0,150.0,941.10875039,-885685.6616821744
500.0,1.0,1500.0,50.0,453.11824555,-205316.13941711583
500.0,1.0,0.3,35.0,990.45697484,-981004.9996188678
500.0,1.0,4.0,15000.0,1003.53697525,-1007086.4404913484
500.0,1.0,150000.0,4000.0,272.1322791,-74055.97623607618
500.0,1.0,40.0,40.0,949.74612457,-902017.6830844592
500.0,1.0,5500.0,750.0,396.78556433,-157438.78054532947
500.0,1.0,1900.0,5500.0,853.71769805,-728833.8922006137
500.0,1.0,1000.0,15000.0,965.10556291,-931428.7287683596
500.0,1.0,3750.0,4500.0,719.51425797,-517700.756033067
500.0,1.0,5000.0,0.75,283.3406882,-80281.94429394603
500.0,1.0,100000.0,1500.0,260.76642645,-67999.1282800466
500.0,1.0,300.0,2500.0,958.60824643,-918929.7513300668
500.0,1.0,10000.0,15.0,287.10612534,-82429.92581767327
500.0,1.0,300.0,15.0,722.5526025,-522082.25079025805
500.0,1.0,200.0,1.0,672.28108608,-451961.8476443587
500.0,1.0,20.0,3000.0,993.18132079,-986409.116191595
500.0,1.0,30000.0,1000.0,284.37638649,-80869.92789731667
500.0,1.0,0.3,4.0,983.53898705,-967348.91980201
500.0,1.0,20.0,0.15,832.01644217,-692251.3446163937
500.0,1.0,4250.0,4000.0,649.71471354,-422129.1996884659
500.0,1.0,1.0,150.0,999.10594544,-998212.6702943718
500.0,1.0,4000.0,750.0,439.44899889,-193115.41805179507
500.0,1.0,4500.0,15000.0,838.232042,-702632.9418115579
500.0,1.0,6500.0,100000.0,979.17099115,-958775.810146347
500.0,1.0,2000.0,0.3,286.28481414,-81958.99348858335
500.0,1.0,450.0,4.0,604.9612308,-365978.0813484863
500.0,1.0,0.5,200.0,1018.2834343,-1036901.1319159216
500.0,1.0,0.15,40.0,997.74635335,-995497.7658643232
500.0,1.0,6500.0,3000.0,531.89700165,-282914.4138808126
500.0,1.0,4.0,100.0,1016.65745841,-1033592.3671695228
500.0,1.0,5000.0,50000.0,930.21025188,-865291.0952433916
500.0,1.0,2000.0,150.0,425.32835652,-180904.2065865932
500.0,1.0,0.5,15.0,1009.088612,-1018259.8062178808
500.0,1.0,350.0,2.0,609.51195475,-371504.8139390269
500.0,1.0,2500.0,2000.0,641.98217286,-412141.10130391846
500.0,1.0,350.0,45.0,715.92514431,-512548.8001168798
500.0,1.0,1.0,2000.0,999.45006505,-998900.41225051
500.0,1.0,15000.0,50.0,275.8957425,-76118.45957614284
500.0,1.0,5000.0,2500.0,538.77956042,-290283.40809372376
500.0,1.0,5.0,3.0,1015.87189709,-1031995.6903232548
500.0,1.0,3500.0,9500.0,836.09477469,-699054.457666781
500.0,1.0,3500.0,150.0,369.90773736,-136831.73106876147
500.0,1.0,100.0,35.0,906.88824087,-822446.2636337739
500.0,1.0,10.0,10.0,1019.75648738,-1039903.2722128634
500.0,1.0,200.0,15000.0,1001.10364106,-1002208.4803746832
500.0,1.0,4500.0,0.75,284.11557522,-80721.65879379312
500.0,1.0,0.5,3000.0,1000.85672014,-1001714.1541824888
500.0,1.0,4.0,500.0,1003.85530841,-1007725.4600345902
500.0,1.0,1900.0,200.0,465.00558904,-216230.1925083965
500.0,1.0,3500.0,6500.0,770.22849202,-593251.9169319605
500.0,1.0,0.75,10.0,992.62966779,-985313.6376559208
500.0,1.0,100.0,5000.0,991.61147103,-983293.2901155462
500.0,1.0,3500.0,3.0,319.41235983,-102024.25366071076
500.0,1.0,3.0,5000.0,988.11805033,-976377.2620408604
500.0,1.0,0.75,10000.0,989.21675109,-978549.7609335956
500.0,1.0,5.0,3000.0,987.53404928,-975223.4786567008
500.0,1.0,15.0,50000.0,1003.43029117,-1006872.329039446
500.0,1.0,300.0,100.0,781.37918729,-610553.420598118
500.0,1.0,0.5,0.75,989.46040507,-979031.8736419054
500.0,1.0,50.0,5000.0,994.82901588,-989684.7508571534
500.0,1.0,750.0,2000.0,897.22192782,-805007.1705019476
500.0,1.0,20.0,1.5,949.60480414,-901749.2657623184
500.0,1.0,50.0,4.0,924.23646699,-854213.0289120976
500.0,1.0,3250.0,4000.0,711.45976084,-506174.9801391092
500.0,1.0,6500.0,1.0,274.98933779,-75619.13476872852
500.0,1.0,30.0,15000.0,1002.42601894,-1004857.9033075304
500.0,1.0,10000.0,2500.0,427.77449364,-182991.0133434972
500.0,1.0,2500.0,40.0,391.43800517,-153223.70803860945
500.0,1.0,50000.0,100000.0,745.77710996,-556183.4856579283
500.0,1.0,3.0,30.0,994.43734401,-988905.611300078
500.0,1.0,1.5,50.0,986.06193009,-972318.1104829824
500.0,1.0,10.0,100000.0,1010.28752027,-1020680.8529006595
500.0,1.0,1000.0,10.0,502.61993633,-252626.79383787423
500.0,1.0,300.0,500.0,887.53187614,-787712.8143357888
500.0,1.0,4750.0,4500.0,630.0840392,-397005.8878071968
500.0,1.0,50000.0,30.0,255.61374922,-65338.387960720494
500.0,1.0,4500.0,15.0,326.02487909,-106292.2196034367
500.0,1.0,40.0,2500.0,1000.06925869,-1000138.5020287344
500.0,1.0,0.15,5.0,1028.1433714,-1057078.770787584
500.0,1.0,0.3,20.0,1012.38806637,-1024929.5761027028
500.0,1.0,1500.0,200.0,494.50184668,-244532.0704417453
500.0,1.0,1500.0,45.0,440.11991421,-193705.5341812283
500.0,1.0,30000.0,15000.0,505.95349951,-255988.9377723175
500.0,1.0,3.0,4.0,1008.63737802,-1017349.339790076
500.0,1.0,100.0,1.0,804.78539677,-647679.51995703
500.0,1.0,4.0,50.0,1004.90834732,-1009840.766156322
500.0,1.0,4000.0,40.0,333.96184313,-111530.5104642974
500.0,1.0,2.0,150.0,1004.96580093,-1009956.2407649044
500.0,1.0,150000.0,0.75,248.48723243,-61745.903978555216
500.0,1.0,100.0,3000.0,996.9137442,-993836.993601904
500.0,1.0,3.0,3000.0,1007.74853088,-1015557.0812405456
500.0,1.0,10.0,0.15,903.29414024,-815940.286556564
500.0,1.0,750.0,4.0,512.31610595,-262467.78591137344
500.0,1.0,0.5,5000.0,1002.33417698,-1004673.7820330908
500.0,1.0,2000.0,15.0,397.20678003,-157773.2223456193
500.0,1.0,0.75,0.15,992.03892371,-984141.206360104
500.0,1.0,150.0,3.0,783.17051137,-613356.0359413244
500.0,1.0,5.0,0.75,998.12713188,-996257.75111637
500.0,1.0,2500.0,4000.0,764.2628772,-584097.7329595987
500.0,1.0,6500.0,5000.0,607.89172961,-369532.346547166
500.0,1.0,15000.0,3.0,265.31081632,-70389.82830228558
500.0,1.0,30000.0,0.5,254.06875946,-64550.93373983873
500.0,1.0,15.0,45.0,1015.28086206,-1030795.2076888916
500.0,1.0,1.0,4000.0,1001.40308875,-1002808.1262427728
500.0,1.0,6500.0,50.0,305.25943526,-93183.32108128876
500.0,1.0,15.0,2.0,979.40642579,-959236.9270592252
500.0,1.0,3500.0,15000.0,875.93718977,-767265.944598195
500.0,1.0,20.0,0.3,905.93600083,-820720.0198387861
500.0,1.0,1000.0,5.0,482.43835418,-232746.759479214
500.0,1.0,10000.0,750.0,331.26222991,-109734.6628338861
500.0,1.0,10000.0,10000.0,638.70986511,-407950.2826203679
500.0,1.0,10000.0,1.0,265.47973169,-70479.4869750285
500.0,1.0,3.0,15000.0,996.85890617,-993727.6588573784
500.0,1.0,1.5,15000.0,993.66484733,-987369.8091762176
500.0,1.0,2500.0,500.0,480.77141026,-231141.1435418481
500.0,1.0,3000.0,100.0,372.82383371,-138997.6078579479
500.0,1.0,2000.0,0.75,327.19814737,-107058.62546851368
500.0,1.0,350.0,50000.0,1014.0408131,-1028278.7500192232
500.0,1.0,1000.0,0.15,296.53172056,-87931.05973009797
500.0,1.0,150000.0,15.0,249.77725581,-62388.67681312515
500.0,1.0,750.0,4000.0,934.68734266,-873640.4102365568
500.0,1.0,50.0,3000.0,1007.32283501,-1014699.2737069364
500.0,1.0,3000.0,500.0,450.75456129,-203179.6697089495
500.0,1.0,5.0,15.0,1021.28394342,-1043020.8718904254
500.0,1.0,0.15,10000.0,1006.1529655,-1012343.7698215224
500.0,1.0,5750.0,6000.0,661.54779647,-437645.4774252391
500.0,1.0,5.0,5000.0,1004.40851791,-1008836.4506798862
500.0,1.0,10.0,1000.0,1009.4478668,-1018984.9757625548
500.0,1.0,400.0,0.5,482.98541495,-233274.90502836823
500.0,1.0,5500.0,3.0,303.04711051,-91837.54939483572
500.0,1.0,30.0,30.0,973.34142417,-947393.5089672364
500.0,1.0,15000.0,1000.0,313.35872722,-98193.69010983947
500.0,1.0,5750.0,9000.0,720.02102371,-518430.2634411294
500.0,1.0,2500.0,100.0,380.65108888,-144895.24831805044
500.0,1.0,1500.0,5000.0,857.19670565,-734786.1766032937
500.0,1.0,5500.0,4000.0,594.01282334,-352851.22631976975
500.0,1.0,0.75,100.0,1011.80039933,-1023740.0274916382
500.0,1.0,100.0,20.0,887.99002118,-788526.2609461467
500.0,1.0,50000.0,100.0,256.20540627,-65641.20939728935
500.0,1.0,30000.0,40.0,261.2000388,-68225.45935584529
500.0,1.0,4.0,0.3,978.59021596,-957638.7915082996
500.0,1.0,5000.0,300.0,356.8850198,-127366.91471918533
500.0,1.0,500.0,1.5,547.31623727,-299555.0560803752
500.0,1.0,0.75,3000.0,986.52930977,-973240.059401352
500.0,1.0,15000.0,45.0,275.35219242,-75818.82867197903
500.0,1.0,150.0,200.0,929.40182465,-863787.7335997226
500.0,1.0,50000.0,500.0,258.67219732,-66911.30481668179
500.0,1.0,0.75,500.0,990.99602929,-982073.110640133
500.0,1.0,50000.0,4.0,252.57051039,-63791.86196895118
500.0,1.0,10.0,400.0,1017.08193697,-1034455.6457362263
500.0,1.0,450.0,30.0,645.04076976,-416077.5846354458
500.0,1.0,350.0,50.0,736.74087729,-542787.1073741067
500.0,1.0,4000.0,0.3,268.06361781,-71858.10219156844
500.0,1.0,500.0,15.0,639.27740896,-408675.5951128348
500.0,1.0,1.0,10.0,995.40385301,-990828.8110052728
500.0,1.0,150000.0,3.0,249.61293878,-62306.61849778069
500.0,1.0,4500.0,300.0,369.3560665,-136423.9007443006
500.0,1.0,5.0,750.0,996.10667679,-992228.4918553716
500.0,1.0,3500.0,0.75,289.58148794,-83857.4367832108
500.0,1.0,2000.0,50000.0,988.69313645,-977514.0984029904
500.0,1.0,20.0,5000.0,1008.49271556,-1017057.537183032
500.0,1.0,0.5,4.0,995.89655157,-991809.921694956
500.0,1.0,400.0,100.0,735.78534487,-541380.0609008911
500.0,1.0,4.0,100000.0,1008.60374325,-1017281.4907692692
500.0,1.0,1.5,45.0,1007.49181509,-1015039.7369965718
500.0,1.0,750.0,150.0,612.87082846,-375610.6431173281
500.0,1.0,20.0,10.0,973.63110699,-947957.5132341872
500.0,1.0,100000.0,100.0,252.67070534,-63842.48455071401
500.0,1.0,20.0,750.0,995.4392576,-990899.2959571312
500.0,1.0,0.3,50000.0,1002.95105822,-1005910.8049375614
500.0,1.0,100000.0,4.0,252.37780087,-63694.55359400154
500.0,1.0,50000.0,15000.0,432.83147733,-187343.08359986587
500.0,1.0,200.0,1000.0,972.24958363,-945269.2334887288
500.0,1.0,3000.0,4.0,342.21196269,-117109.02491114756
500.0,1.0,100000.0,500.0,256.54737867,-65816.55668464757
500.0,1.0,150000.0,15000.0,326.05282554,-106310.44305055866
500.0,1.0,5500.0,40.0,312.49157148,-97650.98050282542
500.0,1.0,5250.0,6500.0,702.07895791,-492914.8522581262
500.0,1.0,150000.0,2000.0,259.23867423,-67204.68934565611
500.0,1.0,350.0,1000.0,916.98974303,-840870.1713598435
500.0,1.0,30.0,2500.0,996.24258693,-992499.2720473652
500.0,1.0,2000.0,1.5,351.88158109,-123820.64427545054
500.0,1.0,3500.0,15.0,337.2412295,-113731.64451828555
500.0,1.0,5250.0,9500.0,766.96070034,-588228.70359542
500.0,1.0,1900.0,3500.0,801.74234978,-642790.7813848887
500.0,1.0,500.0,0.75,479.89484653,-230299.0578561309
500.0,1.0,450.0,50000.0,1005.22798725,-1010483.2864405965
500.0,1.0,400.0,500.0,848.20323912,-719448.7194331218
500.0,1.0,15.0,100000.0,991.20148162,-982480.3573609669
500.0,1.0,4250.0,4500.0,673.75490034,-453945.6555733021
500.0,1.0,2.0,15.0,994.88718292,-989800.486934174
500.0,1.0,1.5,3.0,999.05889483,-998118.6555330638
500.0,1.0,0.15,20.0,988.29819866,-976733.3101527756
500.0,1.0,1.0,10000.0,1002.06057476,-1004125.3753675373
500.0,1.0,300.0,2000.0,942.53657415,-888375.1755226153
500.0,1.0,1500.0,10000.0,909.14910163,-826552.0724355687
500.0,1.0,450.0,750.0,859.01663514,-737909.5637214958
500.0,1.0,400.0,5.0,644.60598704,-415516.868223364
500.0,1.0,50.0,50000.0,1014.5999714,-1029413.08123963
500.0,1.0,450.0,45.0,672.954981,-452868.3954814877
500.0,1.0,30000.0,1500.0,295.0694457,-87065.97634823411
500.0,1.0,200.0,2.0,727.0379032,-528584.099870281
500.0,1.0,1900.0,5000.0,852.99011228,-727592.1160015963
500.0,1.0,30000.0,35.0,262.4102046,-68859.11456172206
500.0,1.0,3750.0,4000.0,676.71727414,-457946.2585814223
500.0,1.0,30.0,4000.0,998.82997092,-997661.2908523334
500.0,1.0,50.0,0.3,786.9377262,-619270.9706335529
500.0,1.0,15000.0,30.0,272.12528475,-74052.16951682763
500.0,1.0,100000.0,1000.0,260.95853659,-68099.356920355
500.0,1.0,4.0,5000.0,1008.31954674,-1016708.2876618976
500.0,1.0,4000.0,10000.0,809.20861176,-654818.5635130849
500.0,1.0,1000.0,0.5,364.73997923,-133035.2495898479
500.0,1.0,4500.0,3.0,311.78264044,-97208.41293479958
500.0,1.0,0.3,750.0,1002.3886482,-1004782.9820764952
500.0,1.0,0.5,300.0,1011.33685487,-1022802.2132753724
500.0,1.0,750.0,10.0,538.01774406,-289463.08551374124
500.0,1.0,1.5,5000.0,990.29522028,-980684.6037903893
500.0,1.0,400.0,5000.0,976.571406,-953691.691552456
500.0,1.0,2.0,0.75,1006.27559105,-1012590.5443628578
500.0,1.0,150.0,0.15,490.0003056,-240100.29344948
500.0,1.0,2.0,3000.0,1008.88534123,-1017849.6113746387
500.0,1.0,1500.0,1.0,367.98262082,-135411.20608481867
500.0,1.0,4000.0,100000.0,962.68553638,-926763.423198904
500.0,1.0,5500.0,2500.0,538.04093306,-289488.038989433
500.0,1.0,5500.0,35.0,314.66525917,-99014.22323628934
500.0,1.0,3.0,200.0,1015.99533819,-1032246.5067915672
500.0,1.0,6500.0,150.0,320.1972525,-102526.27848904164
500.0,1.0,30000.0,5.0,258.87118996,-67014.29213010379
500.0,1.0,1.5,30.0,993.064004,-986176.0964592675
500.0,1.0,3.0,50.0,994.86117706,-989748.741864512
500.0,1.0,2500.0,20.0,375.50761698,-141005.96699403628
500.0,1.0,4500.0,6000.0,703.0447856,-494271.9596316562
500.0,1.0,30000.0,200.0,264.71334416,-70073.1536219275
500.0,1.0,750.0,1.5,464.81278814,-216050.92253770924
500.0,1.0,4500.0,9000.0,784.85549818,-615998.1400622765
500.0,1.0,3.0,1.5,993.15458422,-986356.0083804087
500.0,1.0,10.0,2.0,979.96462595,-960330.648646276
500.0,1.0,50000.0,50.0,256.37623271,-65728.77188268933
500.0,1.0,2000.0,2000.0,701.81791555,-492548.3755758609
500.0,1.0,450.0,0.3,414.07140764,-171455.12648122158
500.0,1.0,2000.0,100000.0,983.2171351,-966715.915504872
500.0,1.0,15.0,30.0,1003.80579188,-1007626.047479603
500.0,1.0,4750.0,4000.0,624.98589899,-390607.36530629295
500.0,1.0,2000.0,4.0,372.22431339,-138550.9363482638
500.0,1.0,1000.0,750.0,714.6851682,-510774.878027432
500.0,1.0,40.0,2000.0,994.98823448,-990001.5671589476
500.0,1.0,30.0,750.0,1034.29605733,-1069768.3121166087
500.0,1.0,3000.0,20.0,349.53655214,-122175.7987863974
500.0,1.0,0.3,0.3,1027.52452147,-1055806.621307911
500.0,1.0,10000.0,2000.0,397.19472618,-157763.647056898
500.0,1.0,400.0,0.75,516.83556257,-267118.9919244281
500.0,1.0,3250.0,4500.0,727.58387235,-529378.2794786949
500.0,1.0,100000.0,1.5,250.04814477,-62524.07398134406
500.0,1.0,3000.0,1.5,319.71268666,-102216.20005005132
500.0,1.0,6500.0,2.0,286.05860012,-81829.5213679975
500.0,1.0,1500.0,30.0,447.90345824,-200617.50278275
500.0,1.0,300.0,400.0,875.07088286,-765749.0335713726
500.0,1.0,0.5,1.5,1004.34071841,-1008700.2582889424
500.0,1.0,1900.0,3.0,381.77537802,-145752.4358695194
500.0,1.0,750.0,2500.0,909.28378019,-826796.9753030174
500.0,1.0,20.0,10000.0,994.95831413,-989942.0272039257
500.0,1.0,4000.0,35.0,336.48174957,-113219.96545075998
500.0,1.0,30.0,45.0,971.22874307,-943285.2524525364
500.0,1.0,2.0,3.0,995.42992695,-990880.7198661914
500.0,1.0,3500.0,6000.0,768.98143467,-591332.4337925103
500.0,1.0,40.0,20.0,954.34633274,-910776.9041890636
500.0,1.0,5000.0,2000.0,513.31583015,-263493.1354931564
500.0,1.0,1.0,0.3,1004.73096409,-1009484.2895438076
500.0,1.0,50000.0,1.5,253.57646383,-64301.022237795456
500.0,1.0,3500.0,9000.0,802.54968756,-644085.9876180218
500.0,1.0,1000.0,3000.0,870.02014938,-756935.0440929661
500.0,1.0,0.75,0.3,988.67348611,-977475.2428258298
500.0,1.0,500.0,4.0,587.77616746,-345480.8143433002
500.0,1.0,400.0,15.0,661.04522612,-436980.780359066
500.0,1.0,1.0,2500.0,1003.19309571,-1006396.367034408
500.0,1.0,300.0,3.0,678.25447339,-460029.1193524032
500.0,1.0,1900.0,300.0,487.22485266,-237388.05133319428
500.0,1.0,4.0,400.0,1016.30369389,-1032873.1774014648
500.0,1.0,6500.0,3500.0,536.80606819,-288160.7485425463
500.0,1.0,5000.0,0.3,268.09732452,-71876.17438301792
500.0,1.0,500.0,750.0,851.52547601,-725095.620724018
500.0,1.0,350.0,1.0,587.66216409,-345346.81034617475
500.0,1.0,2500.0,2500.0,687.08747688,-472089.1903019993
500.0,1.0,2.0,2500.0,999.08705434,-998174.9222904964
500.0,1.0,0.15,50000.0,998.30897017,-996620.7798984024
500.0,1.0,30000.0,1.5,255.91922229,-65494.64752515897
500.0,1.0,1.5,100000.0,986.3046473,-972796.8380313428
500.0,1.0,3.0,100000.0,1023.07390497,-1046680.19383933
500.0,1.0,15000.0,2.0,263.53607078,-69451.25968332904
500.0,1.0,30.0,10.0,968.25568903,-937519.0599773808
500.0,1.0,0.75,4000.0,1006.53504912,-1013112.7849591676
500.0,1.0,5.0,35.0,1006.70829579,-1013461.572190176
500.0,1.0,1500.0,2000.0,757.00626623,-573058.4747513728
500.0,1.0,15.0,3.0,968.22968644,-937468.70667209
500.0,1.0,500.0,1000.0,856.31491191,-733275.212827775
500.0,1.0,30.0,400.0,978.71777103,-957888.4563984608
500.0,1.0,1000.0,400.0,642.6913824,-413052.20320879866
500.0,1.0,5500.0,3000.0,537.58386729,-288996.4079304146
500.0,1.0,150.0,50.0,882.22766861,-778325.6421378893
500.0,1.0,300.0,750.0,927.68970901,-860608.1780782013
500.0,1.0,300.0,20.0,742.69174194,-551591.0105005911
500.0,1.0,10000.0,50000.0,885.08586825,-783376.9780258551
500.0,1.0,400.0,40.0,709.28547341,-503085.8705187942
500.0,1.0,15.0,1500.0,998.00433735,-996012.637573458
500.0,1.0,10000.0,20.0,283.0193688,-80099.96178116291
500.0,1.0,150000.0,35.0,251.06903226,-63035.658221589394
500.0,1.0,3.0,5.0,997.24870331,-994504.9563832664
500.0,1.0,4500.0,7500.0,746.0787585,-556633.5019252743
500.0,1.0,50000.0,0.15,249.24696106,-62124.04689523432
500.0,1.0,100.0,15000.0,1013.84715145,-1027886.0257015764
500.0,1.0,30.0,1.0,922.10411789,-850275.9866036572
500.0,1.0,150.0,2.0,782.62315702,-612498.9914632136
500.0,1.0,3.0,0.15,985.08801996,-970398.3869180164
500.0,1.0,750.0,5.0,514.68053709,-264896.04851119325
500.0,1.0,350.0,10000.0,989.8721328,-979846.8192015352
500.0,1.0,4500.0,8500.0,748.63541891,-560454.9786583429
500.0,1.0,450.0,1000.0,874.12991297,-764103.0887574679
500.0,1.0,5500.0,2.0,291.44286977,-84938.94486199376
500.0,1.0,400.0,1.5,570.88804305,-325913.1495862564
500.0,1.0,4750.0,11000.0,797.74164297,-636391.71543829
500.0,1.0,20.0,2000.0,992.31519766,-984689.4318194424
500.0,1.0,2000.0,300.0,476.58632873,-227134.5232789885
500.0,1.0,5000.0,20.0,316.11702516,-99929.97158849516
500.0,1.0,0.15,1500.0,996.63640084,-993284.0958622852
500.0,1.0,3750.0,5500.0,722.1299191,-521471.6087720727
500.0,1.0,2000.0,35.0,404.45562624,-163584.34971557444
500.0,1.0,4.0,750.0,998.09553598,-996194.6793209724
500.0,1.0,500.0,400.0,781.85994497,-611304.959905668
500.0,1.0,1900.0,4500.0,815.02031044,-664258.0924729704
500.0,1.0,1000.0,4.0,471.08168841,-221917.95170862172
500.0,1.0,20.0,100000.0,1003.00084939,-1006010.6836354344
500.0,1.0,150000.0,5000.0,270.38666995,-73108.9502480537
500.0,1.0,3500.0,300.0,392.3441484,-153933.92735547156
500.0,1.0,5500.0,500.0,364.23797827,-132669.3020699895
500.0,1.0,3.0,4000.0,1005.09871985,-1010223.4165450156
500.0,1.0,50000.0,5.0,253.70305445,-64365.23905639112
500.0,1.0,100.0,4000.0,1006.01679785,-1012069.7772431044
500.0,1.0,3500.0,7500.0,787.68768983,-620451.8833600566
500.0,1.0,450.0,400.0,809.92730627,-655982.2270991168
500.0,1.0,100.0,100000.0,993.79097655,-987620.4854869297
500.0,1.0,0.5,2000.0,994.0752663,-988185.6154244272
500.0,1.0,3500.0,35.0,342.32669482,-117187.56355697454
500.0,1.0,1000.0,2500.0,866.01090126,-749974.8651741296
500.0,1.0,3500.0,8500.0,804.3238228,-646936.7983009833
500.0,1.0,450.0,10000.0,968.51069955,-938012.9564109236
500.0,1.0,4000.0,100.0,350.02108886,-122514.76007194884
500.0,1.0,150000.0,2.0,248.9228533,-61962.58618852973
500.0,1.0,0.3,400.0,991.30012249,-982675.9132213828
500.0,1.0,0.3,1000.0,996.83133909,-993672.6989422122
500.0,1.0,1.0,3000.0,993.96339224,-987963.2053888082
500.0,1.0,450.0,100000.0,1002.19239518,-1004389.5766649132
500.0,1.0,1.0,300.0,1004.26613851,-1008550.4568191068
500.0,1.0,4000.0,500.0,410.17852861,-168246.4216482026
500.0,1.0,20.0,30.0,992.03384437,-984131.128406913
500.0,1.0,2500.0,3000.0,711.18598509,-505785.4942167231
500.0,1.0,5500.0,100.0,317.16634174,-100594.48642828608
500.0,1.0,500.0,0.5,440.4431804,-193990.1904850191
7.0,,,,,
500.0,1.0,2500.0,1.0,326.64195215,-106694.96270270189
500.0,1.0,150.0,1500.0,995.13587441,-990295.3884090984
500.0,1.0,4500.0,20.0,315.40129058,-99477.97229271472
500.0,1.0,0.3,10000.0,1007.89260871,-1015847.490239819
500.0,1.0,6500.0,2000.0,468.62471804,-219609.12133945784
500.0,1.0,50.0,100000.0,991.09864027,-982276.495241371
500.0,1.0,6500.0,200.0,324.71317496,-105438.64389985394
500.0,1.0,4750.0,5500.0,687.4874979,-472639.0491248761
500.0,1.0,500.0,35.0,644.64693518,-415569.6605832239
500.0,1.0,1.0,30.0,999.55342641,-999107.032005852
500.0,1.0,2.0,40.0,998.5371772,-997076.4741795156
500.0,1.0,3.0,150.0,999.51197473,-999024.1675332786
500.0,1.0,0.5,20.0,996.61457062,-993240.582917884
500.0,1.0,40.0,500.0,984.67254625,-969580.0035555232
500.0,1.0,2000.0,10000.0,902.15726989,-813887.7226982873
500.0,1.0,450.0,10.0,631.8970433,-399293.86334027926
500.0,1.0,2000.0,0.5,311.05521609,-96755.3456524784
500.0,1.0,100.0,300.0,957.47176438,-916752.1610920456
500.0,1.0,40.0,100.0,992.08940285,-984241.3632255716
500.0,1.0,0.5,5.0,993.06711572,-986182.2767195916
500.0,1.0,3000.0,5.0,337.59843845,-113972.70332678828
500.0,1.0,30000.0,150.0,263.80680833,-69594.03117270854
500.0,1.0,100000.0,5.0,251.37132108,-63187.54032443784
500.0,1.0,50.0,4000.0,987.1160341,-974398.0455099548
500.0,1.0,750.0,3000.0,908.46727477,-825312.772435151
500.0,1.0,750.0,45.0,576.86215559,-332769.93809562345
500.0,1.0,150000.0,300.0,251.07921787,-63040.77291602469
500.0,1.0,50000.0,1500.0,274.68558989,-75452.17217896468
500.0,1.0,5.0,2000.0,992.06046579,-984183.9478050328
500.0,1.0,10000.0,5000.0,532.58517572,-283646.9628142064
500.0,1.0,1000.0,50.0,519.8333998,-270226.7569045424
500.0,1.0,150.0,150.0,917.1457372,-841156.2856339839
500.0,1.0,30000.0,0.75,255.09178193,-65071.81641070681
500.0,1.0,4750.0,3000.0,585.78761423,-343147.12090874114
500.0,1.0,200.0,100.0,858.41233471,-736871.7202274306
500.0,1.0,6500.0,11000.0,748.92077884,-560882.3209164976
500.0,1.0,50.0,20.0,945.88080149,-894690.4719476735
500.0,1.0,1.5,10.0,1001.96129533,-1003926.4172675532
500.0,1.0,1000.0,1.5,430.55540375,-185377.951094468
500.0,1.0,40.0,5000.0,989.21047151,-978537.337537848
500.0,1.0,4500.0,2.0,302.71096651,-91633.92744046048
500.0,1.0,20.0,45.0,981.83306606,-963996.1502324324
500.0,1.0,200.0,500.0,940.04168102,-883678.3436539964
500.0,1.0,5750.0,7500.0,694.26058123,-481997.74415169854
500.0,1.0,1.5,2.0,978.67684038,-957808.33875871
500.0,1.0,0.15,0.3,995.69626364,-991411.0294311406
500.0,1.0,50.0,2500.0,1018.56512155,-1037474.886059452
500.0,1.0,5.0,400.0,996.49383569,-992999.9448868732
500.0,1.0,5500.0,15.0,306.0095189,-93641.82396328976
500.0,1.0,200.0,3.0,767.63679954,-589266.2418362309
500.0,1.0,5750.0,8500.0,717.57587114,-514915.1195195455
500.0,1.0,400.0,4.0,621.23838515,-385937.1218677113
500.0,1.0,3250.0,3500.0,688.28476139,-473735.90217878623
500.0,1.0,3500.0,40.0,345.91034972,-119653.9674925195
500.0,1.0,10.0,750.0,1006.42980308,-1012900.928465143
500.0,1.0,40.0,1.0,918.1392541,-842979.6718042771
500.0,1.0,20.0,400.0,976.72333227,-953988.4486594396
500.0,1.0,5000.0,5000.0,663.16066689,-439782.06029193336
500.0,1.0,750.0,0.5,397.72981065,-158188.99849933657
500.0,1.0,10.0,50.0,997.02213944,-994053.1267793904
500.0,1.0,750.0,200.0,650.67906236,-423383.2319696316
500.0,1.0,750.0,30.0,578.36061734,-334500.9950305005
500.0,1.0,1000.0,4000.0,913.55323776,-834579.5006926672
500.0,1.0,0.75,50.0,996.89371659,-993797.0618662682
500.0,1.0,15000.0,100.0,273.29500203,-74690.15706097713
500.0,1.0,15000.0,10.0,272.41255288,-74208.59786303664
500.0,1.0,10.0,3.0,976.88557735,-954305.411966308
500.0,1.0,3.0,0.5,980.99204563,-962345.3742165744
500.0,1.0,3.0,2500.0,1000.85131402,-1001703.3328105672
500.0,1.0,4000.0,50000.0,953.30683603,-908793.9051144104
500.0,1.0,4.0,0.15,964.09321808,-929475.71402802
500.0,1.0,100.0,2500.0,989.87190842,-979846.3755272864
500.0,1.0,3500.0,1000.0,491.00486228,-241085.7691605633
500.0,1.0,30000.0,15.0,260.74231083,-67986.55176000492
500.0,1.0,5500.0,0.75,276.34033177,-76363.9778418601
500.0,1.0,6500.0,0.15,255.02196898,-65036.20385953693
500.0,1.0,6500.0,4500.0,592.24890266,-350758.7547834396
500.0,1.0,15000.0,500.0,298.82890879,-89298.71509859101
500.0,1.0,1.0,50000.0,1010.10573851,-1020313.5824551912
500.0,1.0,2500.0,5500.0,791.86937308,-627057.0907000785
500.0,1.0,4000.0,1500.0,503.81973551,-253834.32014499456
500.0,1.0,50.0,10000.0,991.77455552,-983616.7496682456
500.0,1.0,30000.0,4.0,258.11522805,-66623.47010052815
500.0,1.0,0.15,300.0,1009.22463255,-1018534.338392672
500.0,1.0,200.0,20.0,790.83161748,-625414.632929901
500.0,1.0,500.0,40.0,647.99724292,-419900.41639402986
500.0,1.0,1.0,45.0,1000.18230159,-1000364.6163082375
500.0,1.0,1500.0,50000.0,988.12872857,-976398.364752682
500.0,1.0,2.0,35.0,992.41245422,-984882.4596443326
500.0,1.0,3000.0,0.5,292.36227937,-85475.70093015388
500.0,1.0,6500.0,3.0,288.89913985,-83462.71162700116
500.0,1.0,2.0,200.0,994.0711715,-988177.4742458595
500.0,1.0,100000.0,0.5,249.15749129,-62079.45475578136
500.0,1.0,300.0,5000.0,997.87525909,-995755.0126986374
500.0,1.0,50.0,500.0,993.23624316,-986518.214992475
500.0,1.0,4000.0,0.75,284.13420719,-80732.24642294674
500.0,1.0,1500.0,150.0,493.8787665,-243916.22996843563
500.0,1.0,5.0,15000.0,993.13640654,-986319.9023980544
500.0,1.0,400.0,35.0,680.2205267,-462699.9539738093
500.0,1.0,4250.0,3500.0,635.81449101,-404260.0580002788
500.0,1.0,1900.0,2.0,361.43741178,-130636.9996911098
500.0,1.0,150000.0,40.0,249.99233454,-62496.1665984223
500.0,1.0,0.5,0.5,1003.07499183,-1006159.4192284532
500.0,1.0,5.0,40.0,999.58084362,-999161.842815541
500.0,1.0,5500.0,15000.0,819.00175293,-670763.8568701417
500.0,1.0,4.0,2000.0,992.52047894,-985096.8815927173
500.0,1.0,5250.0,7000.0,709.22499826,-503000.0872086871
500.0,1.0,2000.0,5.0,387.61735352,-150247.20925572107
500.0,1.0,1900.0,20.0,409.02246501,-167299.37274054767
500.0,1.0,1900.0,2000.0,701.86563643,-492615.360941475
500.0,1.0,5250.0,8000.0,747.64501204,-558973.0517817019
500.0,1.0,100000.0,100000.0,586.046782,-343450.822689749
500.0,1.0,30.0,3000.0,1008.72695696,-1017530.0533326782
500.0,1.0,3750.0,3000.0,619.67158113,-383992.86005048186
500.0,1.0,50.0,100.0,976.77140851,-954082.3648534756
500.0,1.0,300.0,2.0,651.67966042,-424686.3690595382
500.0,1.0,5500.0,5500.0,652.70169123,-426019.4884091308
500.0,1.0,4000.0,15.0,326.83909277,-106823.79052487476
500.0,1.0,500.0,5.0,608.03385486,-369705.1592205745
500.0,1.0,1500.0,10.0,429.34653979,-184338.44669750257
500.0,1.0,350.0,500.0,892.38598309,-796352.7254688367
500.0,1.0,10000.0,400.0,306.49584192,-93939.69941254194
500.0,1.0,1.5,2000.0,992.65383727,-985361.6212667818
500.0,1.0,0.75,2500.0,1008.17906205,-1016425.0008641778
500.0,1.0,20.0,50000.0,1010.14667455,-1020396.2835493714
500.0,1.0,2000.0,40.0,411.15636381,-169049.55129299886
500.0,1.0,2.0,4000.0,1007.47694439,-1015009.7733387648
500.0,1.0,400.0,2000.0,933.27339219,-870999.2066460936
500.0,1.0,3000.0,1500.0,568.09932135,-322736.8316203172
500.0,1.0,3500.0,1.0,299.27774135,-89567.16483718551
500.0,1.0,10.0,15000.0,988.04313355,-976229.2145109924
500.0,1.0,1.5,300.0,988.46732979,-977067.6428529398
500.0,1.0,100000.0,20.0,250.74848243,-62874.80070652785
500.0,1.0,2.0,2.0,967.99407896,-937012.518505554
500.0,1.0,2000.0,5000.0,822.78066431,-676968.0072356098
500.0,1.0,4500.0,1000.0,445.62621289,-198582.7170715008
500.0,1.0,50000.0,0.5,251.44936615,-63226.782995619855
500.0,1.0,350.0,100.0,756.13683229,-571742.896189657
500.0,1.0,5.0,1.0,1011.04392477,-1022209.7969308756
500.0,1.0,15.0,10.0,991.48504194,-983042.5687009688
500.0,1.0,15.0,300.0,999.39656676,-998793.4778682378
500.0,1.0,1500.0,100000.0,976.82298185,-954183.118771984
500.0,1.0,350.0,0.15,385.76873416,-148817.51280378868
