life,vel,face,clife,cof,sep,loopmean,loopstd
1500.0,1,0.0,15.0,15.0,1000,2510.9321785555558,2370.541593754881
1500.0,3,0.0,15.0,15.0,1000,6840.914008777778,6252.438866470662
1500.0,1,0.0,15.0,15.0,100,1323.835306911111,1068.3806342037078
1500.0,3,0.0,15.0,15.0,100,2012.8908458111111,1410.6254003078532
1500.0,1,0.0,15.0,15.0,200,1750.0426143333334,1544.6054335894164
1500.0,3,0.0,15.0,15.0,200,3156.3989363777778,2377.8707500663054
1500.0,1,0.0,15.0,15.0,300,1973.1302632323232,1706.3687663007802
1500.0,3,0.0,15.0,15.0,300,3790.3916084511784,3011.276347174184
1500.0,1,0.0,15.0,15.0,400,2257.8021548444444,2130.604435566908
1500.0,3,0.0,15.0,15.0,400,4339.4257030222225,3662.4367523691308
1500.0,1,0.0,15.0,15.0,500,2441.7083667222223,2362.517612340882
1500.0,3,0.0,15.0,15.0,500,4622.601913722222,3648.246850755113
1500.0,1,0.0,15.0,15.0,700,2603.2379623809525,2469.924389037576
1500.0,3,0.0,15.0,15.0,700,6046.080283412698,5873.533059560446
500.0,1,0.0,15.0,15.0,1000,984.1861757777777,987.3259220760117
500.0,3,0.0,15.0,15.0,1000,2830.1346962222224,2906.7655354410754
500.0,1,0.0,15.0,15.0,100,671.9125724444444,608.7715377444424
500.0,3,0.0,15.0,15.0,100,1297.5074288555556,1051.570461832972
500.0,1,0.0,15.0,15.0,200,815.3846794888889,773.1119777189825
500.0,3,0.0,15.0,15.0,200,1801.612866888889,1581.6591364494434
500.0,1,0.0,15.0,15.0,300,837.2969873737374,791.7554512057936
500.0,3,0.0,15.0,15.0,300,1923.9146835690235,1813.9553662584833
500.0,1,0.0,15.0,15.0,400,867.0712178222223,831.2514085319661
500.0,3,0.0,15.0,15.0,400,2235.0747660888887,2095.2812672157183
500.0,1,0.0,15.0,15.0,500,883.4949278888889,837.802794277684
500.0,3,0.0,15.0,15.0,500,2305.7949759444446,2167.751718616592
500.0,1,0.0,15.0,15.0,700,956.8567412698412,928.13618101306
500.0,3,0.0,15.0,15.0,700,2383.782438015873,2213.632832271825
1500.0,0.33,0.1,10.0,1.0,100,466.18364355555553,393.45826407861216
1500.0,1,0.1,10.0,1.0,100,846.7413893444444,667.6921716190823
1500.0,3,0.1,10.0,1.0,100,1439.9900368222222,1070.3678079749764
166.0,0.33,0.1,10.0,1.0,100,98.257453,94.08036591138176
166.0,1,0.1,10.0,1.0,100,255.93045226666666,234.8490183216101
166.0,3,0.1,10.0,1.0,100,590.6053598888889,512.1321048080205
500.0,0.33,0.1,10.0,1.0,100,240.35857226666667,217.0252274118708
500.0,1,0.1,10.0,1.0,100,524.6117510666667,443.81304029215414
500.0,3,0.1,10.0,1.0,100,1026.5753022666668,824.233050094094
1500.0,0.33,0.1,10.0,150.0,100,470.97971435555553,388.9206645169041
1500.0,1,0.1,10.0,150.0,100,856.8651385,680.0984262830456
1500.0,3,0.1,10.0,150.0,100,1382.3979235333334,1004.139217556552
166.0,0.33,0.1,10.0,150.0,100,97.51837905555556,92.49532988384554
166.0,1,0.1,10.0,150.0,100,254.89424313333333,234.9477034323846
166.0,3,0.1,10.0,150.0,100,592.2545060333333,517.7102495914107
500.0,0.33,0.1,10.0,150.0,100,239.96558522222222,216.13952662029544
500.0,1,0.1,10.0,150.0,100,523.0542697444445,443.50202681085966
500.0,3,0.1,10.0,150.0,100,1018.4593302444445,821.1625882767503
1500.0,0.33,0.1,10.0,3.0,100,463.19146206666665,385.61075654111437
1500.0,1,0.1,10.0,3.0,100,844.8079995111111,680.376964043474
1500.0,3,0.1,10.0,3.0,100,1455.0621901777777,1063.3735347951226
166.0,0.33,0.1,10.0,3.0,100,97.67063477777778,93.6524168975387
166.0,1,0.1,10.0,3.0,100,254.35156781111112,233.32282636161878
166.0,3,0.1,10.0,3.0,100,590.9392003222222,515.7827008465742
500.0,0.33,0.1,10.0,3.0,100,238.02472902222223,214.1031487015025
500.0,1,0.1,10.0,3.0,100,527.3884593444444,446.0692644843826
500.0,3,0.1,10.0,3.0,100,1005.5504019222222,800.3164301563353
1500.0,1,0.1,15.0,15.0,1000,1139.3693856666666,893.062479819927
1500.0,3,0.1,15.0,15.0,1000,2660.0158036666667,2207.664304964744
1500.0,1,0.1,15.0,15.0,100,863.6463311555556,711.0547605169945
1500.0,3,0.1,15.0,15.0,100,1393.9831216555556,1042.2249215428408
1500.0,1,0.1,15.0,15.0,200,1041.6778099333333,836.6497515424657
1500.0,3,0.1,15.0,15.0,200,1851.6891009111112,1337.629612283542
1500.0,1,0.1,15.0,15.0,300,1102.9823651851852,848.2473523996316
1500.0,3,0.1,15.0,15.0,300,2082.287785959596,1568.3784451139543
1500.0,1,0.1,15.0,15.0,400,1072.6018711111112,867.2983715574911
1500.0,3,0.1,15.0,15.0,400,2150.2771378222224,1496.35143307298
1500.0,1,0.1,15.0,15.0,500,1135.3888858333332,930.6693602281805
1500.0,3,0.1,15.0,15.0,500,2362.807630222222,1790.3035236048904
1500.0,1,0.1,15.0,15.0,700,1167.931081111111,933.269315174127
1500.0,3,0.1,15.0,15.0,700,2598.820770952381,1819.6784644329973
500.0,1,0.1,15.0,15.0,1000,670.6451736666667,582.1230357450656
500.0,3,0.1,15.0,15.0,1000,1522.6512057777777,1235.1413700771848
500.0,1,0.1,15.0,15.0,100,533.6951760666667,457.31035433970123
500.0,3,0.1,15.0,15.0,100,1027.5087120333333,820.1170090772488
500.0,1,0.1,15.0,15.0,200,614.1434121111112,541.5280683551458
500.0,3,0.1,15.0,15.0,200,1273.8484905777777,1053.8779173079724
500.0,1,0.1,15.0,15.0,300,622.3346566666667,532.9840453191325
500.0,3,0.1,15.0,15.0,300,1357.4882808417508,1080.5047155397049
500.0,1,0.1,15.0,15.0,400,632.7676575111111,547.3082410572183
500.0,3,0.1,15.0,15.0,400,1493.7832452888888,1196.1235921933896
500.0,1,0.1,15.0,15.0,500,653.7168038888889,569.8829071465915
500.0,3,0.1,15.0,15.0,500,1518.4848449444444,1247.997061278364
500.0,1,0.1,15.0,15.0,700,682.9887495238095,620.0240123711023
500.0,3,0.1,15.0,15.0,700,1589.873420793651,1263.978992565003
1500.0,0.33,0.1,1500.0,1.0,100,479.29881363333334,404.32160958109336
1500.0,1,0.1,1500.0,1.0,100,856.0258922,679.6534150773493
1500.0,3,0.1,1500.0,1.0,100,1447.5533460222223,1083.6750747971662
166.0,0.33,0.1,1500.0,1.0,100,97.66941534444445,93.89521704288205
166.0,1,0.1,1500.0,1.0,100,254.73690766666667,236.86248939008595
166.0,3,0.1,1500.0,1.0,100,590.0894946888889,514.1743820715016
500.0,0.33,0.1,1500.0,1.0,100,240.13259294444444,215.1141617439709
500.0,1,0.1,1500.0,1.0,100,536.3284044555555,459.4008424173474
500.0,3,0.1,1500.0,1.0,100,989.4206082222222,770.3729439389258
1500.0,0.33,0.1,1500.0,150.0,100,476.26214756666667,409.033559849852
1500.0,1,0.1,1500.0,150.0,100,852.6591523444445,688.7854399193451
1500.0,3,0.1,1500.0,150.0,100,1415.5024447888889,1075.2664542854989
166.0,0.33,0.1,1500.0,150.0,100,97.7199873888889,93.67056142871657
166.0,1,0.1,1500.0,150.0,100,255.37139276666667,234.21111602223198
166.0,3,0.1,1500.0,150.0,100,586.9184444,506.3018875057053
500.0,0.33,0.1,1500.0,150.0,100,237.9627835888889,216.143618085071
500.0,1,0.1,1500.0,150.0,100,533.0614652777778,453.2041078083505
500.0,3,0.1,1500.0,150.0,100,1025.8486610666666,828.2397919443196
1500.0,0.33,0.1,1500.0,3.0,100,464.94504524444443,388.2909410637241
1500.0,1,0.1,1500.0,3.0,100,869.1757483111111,688.710676784154
1500.0,3,0.1,1500.0,3.0,100,1433.7856472888889,1092.8116609259937
166.0,0.33,0.1,1500.0,3.0,100,97.22445598888889,92.71668722528484
166.0,1,0.1,1500.0,3.0,100,255.0860371888889,235.39702014519156
166.0,3,0.1,1500.0,3.0,100,592.3693832222223,515.40913805191
500.0,0.33,0.1,1500.0,3.0,100,241.08852163333333,218.64896415634476
500.0,1,0.1,1500.0,3.0,100,526.9783354222222,448.0480999854338
500.0,3,0.1,1500.0,3.0,100,1035.2331067777777,821.9251807383582
1500.0,0.33,0.1,30.0,1.0,100,475.3402307222222,401.68324600873126
1500.0,1,0.1,30.0,1.0,100,852.1639250222222,678.4323258888251
1500.0,3,0.1,30.0,1.0,100,1409.452924711111,1016.2339660617967
166.0,0.33,0.1,30.0,1.0,100,97.38419304444444,92.74860809302447
166.0,1,0.1,30.0,1.0,100,252.20350005555557,230.35230897514995
166.0,3,0.1,30.0,1.0,100,596.8565292111111,531.8733272057982
500.0,0.33,0.1,30.0,1.0,100,240.3112706111111,216.35427066672116
500.0,1,0.1,30.0,1.0,100,530.4088578666667,459.16802454209494
500.0,3,0.1,30.0,1.0,100,1021.8617309777778,819.3220507695721
1500.0,0.33,0.1,30.0,150.0,100,468.32158971111113,395.7364965609368
1500.0,1,0.1,30.0,150.0,100,846.1364060777778,667.3481356001141
1500.0,3,0.1,30.0,150.0,100,1420.3626062777778,1019.4418191868575
166.0,0.33,0.1,30.0,150.0,100,97.99854353333333,93.58800728637347
166.0,1,0.1,30.0,150.0,100,255.20882162222222,236.07451768644077
166.0,3,0.1,30.0,150.0,100,593.5801953111111,528.5921962615641
500.0,0.33,0.1,30.0,150.0,100,238.85283154444446,214.8858252752198
500.0,1,0.1,30.0,150.0,100,526.0956725555556,449.7546147673147
500.0,3,0.1,30.0,150.0,100,999.4133353111112,780.0484839249324
1500.0,0.33,0.1,30.0,3.0,100,469.4744983666667,395.37418642914906
1500.0,1,0.1,30.0,3.0,100,849.5628949111111,658.8338346948493
1500.0,3,0.1,30.0,3.0,100,1370.5547511333334,1032.9338406524705
166.0,0.33,0.1,30.0,3.0,100,97.52398103333333,92.71309036771608
166.0,1,0.1,30.0,3.0,100,252.62329705555555,231.05215954938882
166.0,3,0.1,30.0,3.0,100,597.8255891222223,524.0249877412872
500.0,0.33,0.1,30.0,3.0,100,240.93803416666665,218.0175510970056
500.0,1,0.1,30.0,3.0,100,527.3606801666666,452.8726739273366
500.0,3,0.1,30.0,3.0,100,1038.0586794444444,832.6688410195449
1500.0,1,0.2,15.0,15.0,1000,938.6021945555556,711.2161795016614
1500.0,3,0.2,15.0,15.0,1000,1860.369665888889,1391.7116561309676
1500.0,1,0.2,15.0,15.0,100,759.5320982666667,599.9496438583001
1500.0,3,0.2,15.0,15.0,100,1179.4227090222223,828.1171984002939
1500.0,1,0.2,15.0,15.0,200,905.7884125555555,739.5133762125356
1500.0,3,0.2,15.0,15.0,200,1480.5037528444445,1036.8952534933633
1500.0,1,0.2,15.0,15.0,300,946.8532664309764,738.6130436111044
1500.0,3,0.2,15.0,15.0,300,1642.0492086531985,1264.0724483364588
1500.0,1,0.2,15.0,15.0,400,975.7463998222222,755.8747582849178
1500.0,3,0.2,15.0,15.0,400,1518.9526968888888,1095.3893287986164
1500.0,1,0.2,15.0,15.0,500,919.5681702777778,724.2830730793434
1500.0,3,0.2,15.0,15.0,500,1602.4939517777777,1199.6320753827797
1500.0,1,0.2,15.0,15.0,700,1018.7590462698413,799.2152022314683
1500.0,3,0.2,15.0,15.0,700,1762.6704072222221,1352.5189270193248
500.0,1,0.2,15.0,15.0,1000,591.8659886666667,542.9849713494906
500.0,3,0.2,15.0,15.0,1000,1240.9134522222223,956.1177933978255
500.0,1,0.2,15.0,15.0,100,483.88472177777777,408.5285810984738
500.0,3,0.2,15.0,15.0,100,923.5230099222222,762.1260170365754
500.0,1,0.2,15.0,15.0,200,547.758456,476.8959600542364
500.0,3,0.2,15.0,15.0,200,1082.7254138666667,860.2249725529102
500.0,1,0.2,15.0,15.0,300,573.3267059259259,509.01721693293126
500.0,3,0.2,15.0,15.0,300,1188.2192506060605,971.939637659483
500.0,1,0.2,15.0,15.0,400,580.0982746222222,498.89572624089703
500.0,3,0.2,15.0,15.0,400,1220.9252215555555,994.4931598629014
500.0,1,0.2,15.0,15.0,500,580.6349061666666,499.6151671548961
500.0,3,0.2,15.0,15.0,500,1258.7166215,1035.9252935681388
500.0,1,0.2,15.0,15.0,700,613.4356738888889,527.639404184809
500.0,3,0.2,15.0,15.0,700,1269.1739962698414,992.5717722442904
1500.0,0.33,0.3,10.0,1.0,100,444.14986923333333,374.71484330867764
1500.0,1,0.3,10.0,1.0,100,706.5092997777778,562.0486973056131
1500.0,3,0.3,10.0,1.0,100,1088.8046333555556,806.9649761919495
166.0,0.33,0.3,10.0,1.0,100,96.10570827777778,90.5003554556188
166.0,1,0.3,10.0,1.0,100,238.7736782111111,215.55002138671748
166.0,3,0.3,10.0,1.0,100,515.5723161555555,435.18180377012317
500.0,0.33,0.3,10.0,1.0,100,232.04356134444444,208.09152048781715
500.0,1,0.3,10.0,1.0,100,467.10393087777777,391.90636667994096
500.0,3,0.3,10.0,1.0,100,841.0538613,664.9248623543675
1500.0,0.33,0.3,10.0,150.0,100,442.3057390222222,365.3905117413504
1500.0,1,0.3,10.0,150.0,100,719.4449117333334,586.3297203752769
1500.0,3,0.3,10.0,150.0,100,1070.2798709,770.0429950377096
166.0,0.33,0.3,10.0,150.0,100,96.6720324,92.37097529087083
166.0,1,0.3,10.0,150.0,100,241.06727323333334,216.77358729674836
166.0,3,0.3,10.0,150.0,100,520.8583800111111,439.3251914649081
500.0,0.33,0.3,10.0,150.0,100,230.46651985555556,204.1333653714101
500.0,1,0.3,10.0,150.0,100,467.8214928111111,392.0960550305028
500.0,3,0.3,10.0,150.0,100,829.7909718555555,652.8917628659441
1500.0,0.33,0.3,10.0,3.0,100,443.26313343333334,368.39895303755026
1500.0,1,0.3,10.0,3.0,100,707.9165231666667,541.7029703710388
1500.0,3,0.3,10.0,3.0,100,1059.3910892777778,793.5426767729003
166.0,0.33,0.3,10.0,3.0,100,95.80713528888889,90.57518664477917
166.0,1,0.3,10.0,3.0,100,241.7387038,216.40750537864184
166.0,3,0.3,10.0,3.0,100,513.7841226777778,437.9918888355685
500.0,0.33,0.3,10.0,3.0,100,233.60261946666665,209.48305676996796
500.0,1,0.3,10.0,3.0,100,473.6959382555556,401.69295655894473
500.0,3,0.3,10.0,3.0,100,836.5514926666667,657.1819594273178
1500.0,1,0.3,15.0,15.0,1000,887.2401347777778,688.4209623715057
1500.0,3,0.3,15.0,15.0,1000,1635.6595111111112,1115.2693526541188
1500.0,1,0.3,15.0,15.0,100,695.1576205222223,555.4868447702471
1500.0,3,0.3,15.0,15.0,100,1091.6944597111112,789.0797030730025
1500.0,1,0.3,15.0,15.0,200,802.9551913777777,638.4077318441633
1500.0,3,0.3,15.0,15.0,200,1267.9198581555556,901.0025090418255
1500.0,1,0.3,15.0,15.0,300,856.2321448821549,660.6504449481587
1500.0,3,0.3,15.0,15.0,300,1444.595273939394,1070.0941347647706
1500.0,1,0.3,15.0,15.0,400,860.6170389777777,705.8380195402784
1500.0,3,0.3,15.0,15.0,400,1407.2344109777778,967.4402678857364
1500.0,1,0.3,15.0,15.0,500,900.2561948333333,724.4042696456305
1500.0,3,0.3,15.0,15.0,500,1513.5868974444445,1097.65204579596
1500.0,1,0.3,15.0,15.0,700,858.594712063492,695.5147960147923
1500.0,3,0.3,15.0,15.0,700,1417.5951194444444,1114.543214448735
500.0,1,0.3,15.0,15.0,1000,579.0704034444444,511.27645771356725
500.0,3,0.3,15.0,15.0,1000,1162.6402277777777,914.5692234899766
500.0,1,0.3,15.0,15.0,100,466.0400742111111,392.4076365214597
500.0,3,0.3,15.0,15.0,100,828.0266640777778,642.4102972190785
500.0,1,0.3,15.0,15.0,200,509.08451344444444,422.5457495192023
500.0,3,0.3,15.0,15.0,200,964.4404928888889,749.6626034408451
500.0,1,0.3,15.0,15.0,300,543.5791855218855,467.56799506033053
500.0,3,0.3,15.0,15.0,300,1050.2361042424243,831.8624129493711
500.0,1,0.3,15.0,15.0,400,547.2157559111112,469.64714950823384
500.0,3,0.3,15.0,15.0,400,1060.9269348444445,826.3702034518408
500.0,1,0.3,15.0,15.0,500,552.1082983888889,469.0101985546711
500.0,3,0.3,15.0,15.0,500,1105.3891537222223,874.0605831548465
500.0,1,0.3,15.0,15.0,700,587.1608965079365,491.1633922699482
500.0,3,0.3,15.0,15.0,700,1148.8219196031746,946.5661553672079
1500.0,0.33,0.3,1500.0,1.0,100,437.6389696111111,364.7283415621104
1500.0,1,0.3,1500.0,1.0,100,715.813742088889,579.5135393042759
1500.0,3,0.3,1500.0,1.0,100,1057.7337547333334,807.471704075926
166.0,0.33,0.3,1500.0,1.0,100,96.31844894444444,90.75385510191117
166.0,1,0.3,1500.0,1.0,100,239.91847362222222,217.74519320941477
166.0,3,0.3,1500.0,1.0,100,523.2408771333334,446.32948672644966
500.0,0.33,0.3,1500.0,1.0,100,232.2777291,208.6097144799409
500.0,1,0.3,1500.0,1.0,100,468.6341023333333,392.16874040923346
500.0,3,0.3,1500.0,1.0,100,816.2440567888889,642.285236805134
1500.0,0.33,0.3,1500.0,150.0,100,438.5375552111111,365.4395693886492
1500.0,1,0.3,1500.0,150.0,100,717.3223149333334,555.8713982958799
1500.0,3,0.3,1500.0,150.0,100,1085.0043389777777,842.2638325268376
166.0,0.33,0.3,1500.0,150.0,100,97.17057217777777,92.5853331398718
166.0,1,0.3,1500.0,150.0,100,238.24012477777777,214.6802100235034
166.0,3,0.3,1500.0,150.0,100,519.5068150666667,440.4000309088185
500.0,0.33,0.3,1500.0,150.0,100,231.70185294444445,207.8564804324525
500.0,1,0.3,1500.0,150.0,100,470.56475525555555,396.58041080296033
500.0,3,0.3,1500.0,150.0,100,840.6866445444444,659.9277140884229
1500.0,0.33,0.3,1500.0,3.0,100,439.4747779,366.59140280435946
1500.0,1,0.3,1500.0,3.0,100,697.1487395444444,562.5568194327504
1500.0,3,0.3,1500.0,3.0,100,1069.480697311111,804.651347269673
166.0,0.33,0.3,1500.0,3.0,100,96.57031453333333,91.66556988689177
166.0,1,0.3,1500.0,3.0,100,240.8333445111111,217.79731931161535
166.0,3,0.3,1500.0,3.0,100,509.26683794444443,432.3536995277893
500.0,0.33,0.3,1500.0,3.0,100,230.72375104444444,207.7418798778452
500.0,1,0.3,1500.0,3.0,100,471.6391543666667,402.1054360938678
500.0,3,0.3,1500.0,3.0,100,832.5279135888889,663.7196625163938
1500.0,0.33,0.3,30.0,1.0,100,437.95549728888886,363.00439436372625
1500.0,1,0.3,30.0,1.0,100,712.6889743555555,575.242880777972
1500.0,3,0.3,30.0,1.0,100,1064.5764456555555,799.241900096153
166.0,0.33,0.3,30.0,1.0,100,96.15017355555555,91.17181458173026
166.0,1,0.3,30.0,1.0,100,239.91966852222222,215.00063961764903
166.0,3,0.3,30.0,1.0,100,519.6043461666667,442.0703944091693
500.0,0.33,0.3,30.0,1.0,100,228.8910522222222,202.0731347593503
500.0,1,0.3,30.0,1.0,100,466.23899415555553,387.37860320379883
500.0,3,0.3,30.0,1.0,100,834.6765174777778,665.3319662762513
1500.0,0.33,0.3,30.0,150.0,100,440.4228124888889,369.0821055074919
1500.0,1,0.3,30.0,150.0,100,707.0318663111111,565.7080969012434
1500.0,3,0.3,30.0,150.0,100,1084.3611406666666,796.1206730914041
166.0,0.33,0.3,30.0,150.0,100,96.09672678888889,91.06779222538596
166.0,1,0.3,30.0,150.0,100,238.62299412222222,216.54322903568558
166.0,3,0.3,30.0,150.0,100,522.9585436111112,448.05171960934365
500.0,0.33,0.3,30.0,150.0,100,231.67991174444444,207.71096203829828
500.0,1,0.3,30.0,150.0,100,470.05273325555555,394.9168855972851
500.0,3,0.3,30.0,150.0,100,827.7740356,666.5032941783231
1500.0,0.33,0.3,30.0,3.0,100,443.02487527777777,371.661596009698
1500.0,1,0.3,30.0,3.0,100,708.2541607444444,554.061369465989
1500.0,3,0.3,30.0,3.0,100,1066.1904121333334,779.2349776153086
166.0,0.33,0.3,30.0,3.0,100,96.30606023333333,91.18938551638439
166.0,1,0.3,30.0,3.0,100,239.3139762,216.1175270855377
166.0,3,0.3,30.0,3.0,100,515.2076847777778,441.26321582541783
500.0,0.33,0.3,30.0,3.0,100,232.29450945555556,206.80201856975367
500.0,1,0.3,30.0,3.0,100,467.8159345111111,396.220066806743
500.0,3,0.3,30.0,3.0,100,837.3042114,668.7663196900719
1500.0,1,0.4,15.0,15.0,1000,849.1260264444444,664.1265638914198
1500.0,3,0.4,15.0,15.0,1000,1387.151543,1084.8603525497588
1500.0,1,0.4,15.0,15.0,100,700.3804309,565.7800833469838
1500.0,3,0.4,15.0,15.0,100,999.7304061,756.159799902483
1500.0,1,0.4,15.0,15.0,200,761.6243434,609.7105778283542
1500.0,3,0.4,15.0,15.0,200,1140.2336834666667,835.8761402258327
1500.0,1,0.4,15.0,15.0,300,797.1829317845118,668.197542400477
1500.0,3,0.4,15.0,15.0,300,1211.1967684511785,830.0353791703903
1500.0,1,0.4,15.0,15.0,400,855.0817638222222,681.8218403729893
1500.0,3,0.4,15.0,15.0,400,1245.9210557777778,1099.0630373695328
1500.0,1,0.4,15.0,15.0,500,872.6739147777778,734.1658798912056
1500.0,3,0.4,15.0,15.0,500,1258.5852296111111,920.5625363704527
1500.0,1,0.4,15.0,15.0,700,849.2318822222222,662.180474292894
1500.0,3,0.4,15.0,15.0,700,1398.4178682539682,982.9755203308034
500.0,1,0.4,15.0,15.0,1000,545.2751087777777,479.4139002169953
500.0,3,0.4,15.0,15.0,1000,1058.0361628888888,845.8371618259638
500.0,1,0.4,15.0,15.0,100,457.81378648888887,381.01382089559644
500.0,3,0.4,15.0,15.0,100,774.1593577666666,613.7167855419432
500.0,1,0.4,15.0,15.0,200,501.62563255555557,419.93504120419914
500.0,3,0.4,15.0,15.0,200,916.7176770888889,750.6031053708563
500.0,1,0.4,15.0,15.0,300,534.1468023905724,467.8339167443562
500.0,3,0.4,15.0,15.0,300,959.3963160942761,750.476640442268
500.0,1,0.4,15.0,15.0,400,528.2263623111111,443.32961973724537
500.0,3,0.4,15.0,15.0,400,1001.7107442666667,806.0239415174333
500.0,1,0.4,15.0,15.0,500,519.2749184444444,444.3175538794348
500.0,3,0.4,15.0,15.0,500,1038.8823288333333,836.8812924343955
500.0,1,0.4,15.0,15.0,700,540.5091725396826,463.99394791977846
500.0,3,0.4,15.0,15.0,700,1148.2103974603174,897.0906462576164
1500.0,0.33,0.5,10.0,1.0,100,438.0772066777778,368.71863945191757
1500.0,1,0.5,10.0,1.0,100,677.5612981111111,551.7892691617046
1500.0,3,0.5,10.0,1.0,100,969.8842762777778,702.1564711197049
166.0,0.33,0.5,10.0,1.0,100,96.18242422222222,91.29033322648756
166.0,1,0.5,10.0,1.0,100,235.79357535555556,210.0709655323374
166.0,3,0.5,10.0,1.0,100,486.1784605666667,414.18685363328194
500.0,0.33,0.5,10.0,1.0,100,229.64567445555556,205.67370759919072
500.0,1,0.5,10.0,1.0,100,443.9397525333333,371.20804320838585
500.0,3,0.5,10.0,1.0,100,749.3661681666666,587.4227012330473
1500.0,0.33,0.5,10.0,150.0,100,438.2072552111111,367.83783381801965
1500.0,1,0.5,10.0,150.0,100,680.4372883666666,538.4246085285866
1500.0,3,0.5,10.0,150.0,100,925.7794570666666,684.4658879731558
166.0,0.33,0.5,10.0,150.0,100,95.79372494444445,90.86618684314043
166.0,1,0.5,10.0,150.0,100,232.39626542222223,206.83885653292634
166.0,3,0.5,10.0,150.0,100,482.71977654444447,401.3431645529836
500.0,0.33,0.5,10.0,150.0,100,229.7568870111111,205.44960834704048
500.0,1,0.5,10.0,150.0,100,447.0971938111111,373.35251904951446
500.0,3,0.5,10.0,150.0,100,754.8620287333333,585.0520500285404
1500.0,0.33,0.5,10.0,3.0,100,431.6081798,355.5330863190552
1500.0,1,0.5,10.0,3.0,100,678.7436232666666,539.9178222473543
1500.0,3,0.5,10.0,3.0,100,892.2204886333334,659.4533426521433
166.0,0.33,0.5,10.0,3.0,100,96.3561845888889,91.53255171367417
166.0,1,0.5,10.0,3.0,100,235.3065349888889,210.72110331562914
166.0,3,0.5,10.0,3.0,100,483.06857056666666,404.7316163742478
500.0,0.33,0.5,10.0,3.0,100,227.12923157777777,199.91409394698468
500.0,1,0.5,10.0,3.0,100,450.8430992,376.37258508310487
500.0,3,0.5,10.0,3.0,100,767.9629491111111,599.9479129710885
1500.0,1,0.5,15.0,15.0,1000,818.0230157777778,642.9286878301054
1500.0,3,0.5,15.0,15.0,1000,1151.5755613333333,850.9412288617282
1500.0,1,0.5,15.0,15.0,100,655.2258301333334,512.9999664547704
1500.0,3,0.5,15.0,15.0,100,921.7314337555556,701.3029087405454
1500.0,1,0.5,15.0,15.0,200,727.0014372444444,575.196765706079
1500.0,3,0.5,15.0,15.0,200,1088.2082422444444,788.9198302103608
1500.0,1,0.5,15.0,15.0,300,769.2429084175084,584.2673246126112
1500.0,3,0.5,15.0,15.0,300,1098.0998069360269,855.3733818630258
1500.0,1,0.5,15.0,15.0,400,835.7537123111111,664.6811424117551
1500.0,3,0.5,15.0,15.0,400,1256.0857495555556,951.2526616220163
1500.0,1,0.5,15.0,15.0,500,844.7717294444444,672.5424491232238
1500.0,3,0.5,15.0,15.0,500,1201.8544660555556,910.1105826704271
1500.0,1,0.5,15.0,15.0,700,857.8198589682539,651.7286202037023
1500.0,3,0.5,15.0,15.0,700,1351.5441367460317,965.0873012977804
500.0,1,0.5,15.0,15.0,1000,542.7919042222222,470.2148618934548
500.0,3,0.5,15.0,15.0,1000,997.9029752222223,787.5502800349909
500.0,1,0.5,15.0,15.0,100,453.1846627333333,378.5777725826954
500.0,3,0.5,15.0,15.0,100,738.2798043333333,586.6203814786301
500.0,1,0.5,15.0,15.0,200,494.45137775555554,416.2164504074636
500.0,3,0.5,15.0,15.0,200,852.1273719555555,683.034478111242
500.0,1,0.5,15.0,15.0,300,504.74576845117844,436.1456102182115
500.0,3,0.5,15.0,15.0,300,915.3137881144781,741.0750160334914
500.0,1,0.5,15.0,15.0,400,496.8459914222222,414.47681592804054
500.0,3,0.5,15.0,15.0,400,944.4717461777777,747.445715616734
500.0,1,0.5,15.0,15.0,500,516.9062325,431.84135069174056
500.0,3,0.5,15.0,15.0,500,973.8979091111111,780.8079113934242
500.0,1,0.5,15.0,15.0,700,537.9212105555556,461.7111789719844
500.0,3,0.5,15.0,15.0,700,986.7497125396825,804.7068814822677
1500.0,0.33,0.5,1500.0,1.0,100,439.8562291222222,363.23548259342726
1500.0,1,0.5,1500.0,1.0,100,683.4626037666667,537.2843779872063
1500.0,3,0.5,1500.0,1.0,100,920.9457138555556,679.1845899590027
166.0,0.33,0.5,1500.0,1.0,100,95.7011191888889,90.56068011697795
166.0,1,0.5,1500.0,1.0,100,233.87828382222222,207.11691933359475
166.0,3,0.5,1500.0,1.0,100,484.62068155555556,407.94314483865384
500.0,0.33,0.5,1500.0,1.0,100,228.56598746666666,206.13700855711622
500.0,1,0.5,1500.0,1.0,100,456.19968006666664,378.05358409743326
500.0,3,0.5,1500.0,1.0,100,743.6573459777778,582.0665370334472
1500.0,0.33,0.5,1500.0,150.0,100,430.65205754444446,361.42783253997993
1500.0,1,0.5,1500.0,150.0,100,677.9502175333333,539.04271053474
1500.0,3,0.5,1500.0,150.0,100,912.1040678,702.0960827495549
166.0,0.33,0.5,1500.0,150.0,100,95.60569158888889,90.93703154869341
166.0,1,0.5,1500.0,150.0,100,235.08133746666667,210.7976486084192
166.0,3,0.5,1500.0,150.0,100,482.8171007111111,407.26326201780506
500.0,0.33,0.5,1500.0,150.0,100,230.67485786666666,206.65246051333511
500.0,1,0.5,1500.0,150.0,100,446.8679120666667,375.3375414564281
500.0,3,0.5,1500.0,150.0,100,760.5631634111111,606.4189937423403
1500.0,0.33,0.5,1500.0,3.0,100,431.3568383111111,354.0707927779068
1500.0,1,0.5,1500.0,3.0,100,662.1675021333333,525.2303423980665
1500.0,3,0.5,1500.0,3.0,100,922.9270613111111,709.3448400356256
166.0,0.33,0.5,1500.0,3.0,100,96.18403824444445,91.05331704588215
166.0,1,0.5,1500.0,3.0,100,234.26440816666667,209.7025152650487
166.0,3,0.5,1500.0,3.0,100,481.96893134444446,404.85224151986677
500.0,0.33,0.5,1500.0,3.0,100,230.5518954,204.4394386072984
500.0,1,0.5,1500.0,3.0,100,454.7552987222222,382.78845579943743
500.0,3,0.5,1500.0,3.0,100,751.5366236555556,597.5706739958764
1500.0,0.33,0.5,30.0,1.0,100,434.58665334444447,354.4069655913133
1500.0,1,0.5,30.0,1.0,100,680.5685774444445,534.1442401734666
1500.0,3,0.5,30.0,1.0,100,946.0894734555555,675.7880784632108
166.0,0.33,0.5,30.0,1.0,100,95.61363141111111,90.03177022296175
166.0,1,0.5,30.0,1.0,100,235.62763765555556,211.08303339793403
166.0,3,0.5,30.0,1.0,100,480.1556235666667,406.47753277136195
500.0,0.33,0.5,30.0,1.0,100,231.5616941,206.8660560522579
500.0,1,0.5,30.0,1.0,100,455.15512936666664,377.9887435510062
500.0,3,0.5,30.0,1.0,100,759.1436906888889,609.0299709593083
1500.0,0.33,0.5,30.0,150.0,100,440.79031496666664,365.9949677371991
1500.0,1,0.5,30.0,150.0,100,680.3521038555556,533.6635506886931
1500.0,3,0.5,30.0,150.0,100,914.1420695,681.1032219475353
166.0,0.33,0.5,30.0,150.0,100,96.22389717777777,91.36020869982733
166.0,1,0.5,30.0,150.0,100,235.1840447111111,212.10421545182265
166.0,3,0.5,30.0,150.0,100,479.3044017,401.57572672778605
500.0,0.33,0.5,30.0,150.0,100,230.21928676666667,205.38769380015782
500.0,1,0.5,30.0,150.0,100,443.6175177888889,371.28061855599856
500.0,3,0.5,30.0,150.0,100,750.3160190888889,601.2447128048626
1500.0,0.33,0.5,30.0,3.0,100,437.69937725555553,361.78721310513095
1500.0,1,0.5,30.0,3.0,100,680.8992779333333,541.5120618565503
1500.0,3,0.5,30.0,3.0,100,900.7796540666667,651.0897743074063
166.0,0.33,0.5,30.0,3.0,100,95.61885566666666,90.50267981261037
166.0,1,0.5,30.0,3.0,100,232.10897172222224,205.9565951042367
166.0,3,0.5,30.0,3.0,100,486.16776503333335,413.4191011859707
500.0,0.33,0.5,30.0,3.0,100,228.84033663333332,203.01584424576419
500.0,1,0.5,30.0,3.0,100,443.88763546666667,366.4828652817529
500.0,3,0.5,30.0,3.0,100,744.6619137555556,583.1445459801356
1500.0,1,0.6,15.0,15.0,1000,857.3780814444444,710.8556901483668
1500.0,3,0.6,15.0,15.0,1000,1200.9029143333332,837.8255618978059
1500.0,1,0.6,15.0,15.0,100,659.7894772111111,524.1299917618297
1500.0,3,0.6,15.0,15.0,100,879.8759972555556,659.8286813149778
1500.0,1,0.6,15.0,15.0,200,757.8463338444444,634.1292906431465
1500.0,3,0.6,15.0,15.0,200,1064.1407158444445,800.6426683382733
1500.0,1,0.6,15.0,15.0,300,775.9285461616162,640.3505120478197
1500.0,3,0.6,15.0,15.0,300,1159.5431815151514,816.4188023456487
1500.0,1,0.6,15.0,15.0,400,767.2962451111111,608.9727253003758
1500.0,3,0.6,15.0,15.0,400,1104.2468504888889,828.7762043444486
1500.0,1,0.6,15.0,15.0,500,813.4243693888889,660.4440053892274
1500.0,3,0.6,15.0,15.0,500,1137.7922781666666,820.0596993573268
1500.0,1,0.6,15.0,15.0,700,750.6976176984127,622.7853923652953
1500.0,3,0.6,15.0,15.0,700,1147.7908985714287,814.5626459618896
500.0,1,0.6,15.0,15.0,1000,559.5195895555555,481.57975884538865
500.0,3,0.6,15.0,15.0,1000,897.8545356666667,714.1068750328119
500.0,1,0.6,15.0,15.0,100,449.1583915,379.04895173102375
500.0,3,0.6,15.0,15.0,100,726.6690213,572.367046826617
500.0,1,0.6,15.0,15.0,200,489.8228353777778,415.97254921393676
500.0,3,0.6,15.0,15.0,200,829.0488852888889,661.8184824646959
500.0,1,0.6,15.0,15.0,300,501.4607765993266,421.5254061784596
500.0,3,0.6,15.0,15.0,300,856.4816726599327,695.3963821392745
500.0,1,0.6,15.0,15.0,400,501.7015788888889,414.01076169254327
500.0,3,0.6,15.0,15.0,400,874.2096126222223,691.9471876633792
500.0,1,0.6,15.0,15.0,500,511.62743855555556,432.80833414684827
500.0,3,0.6,15.0,15.0,500,918.5897901666667,755.8865072056141
500.0,1,0.6,15.0,15.0,700,556.3172703174603,481.29617085023784
500.0,3,0.6,15.0,15.0,700,877.6050749206349,716.2214354220288
1500.0,0.33,0.7,10.0,1.0,100,428.7552761777778,352.7867032848389
1500.0,1,0.7,10.0,1.0,100,659.1726139333333,526.5757540587916
1500.0,3,0.7,10.0,1.0,100,843.5700840888888,626.7677743498153
166.0,0.33,0.7,10.0,1.0,100,95.82281072222223,90.53535166634477
166.0,1,0.7,10.0,1.0,100,231.3175764,205.12649746726024
166.0,3,0.7,10.0,1.0,100,465.8939713888889,392.4844395916731
500.0,0.33,0.7,10.0,1.0,100,230.5094488111111,204.15741529713975
500.0,1,0.7,10.0,1.0,100,445.7246723777778,375.30075239011836
500.0,3,0.7,10.0,1.0,100,704.2013698777778,553.761034905877
1500.0,0.33,0.7,10.0,150.0,100,434.8775071888889,360.3187828003136
1500.0,1,0.7,10.0,150.0,100,652.4326894333333,515.2163771149822
1500.0,3,0.7,10.0,150.0,100,887.9687645888889,659.3039074115849
166.0,0.33,0.7,10.0,150.0,100,95.76015957777778,90.61405942368167
166.0,1,0.7,10.0,150.0,100,232.8306531111111,206.08749396276698
166.0,3,0.7,10.0,150.0,100,467.3838264888889,397.75598278833627
500.0,0.33,0.7,10.0,150.0,100,225.56803364444445,197.72689202511657
500.0,1,0.7,10.0,150.0,100,447.7165076555556,372.589158142392
500.0,3,0.7,10.0,150.0,100,708.1180210333333,563.7244567366653
1500.0,0.33,0.7,10.0,3.0,100,434.69474834444446,357.6199960044091
1500.0,1,0.7,10.0,3.0,100,640.7249543,502.2836667258038
1500.0,3,0.7,10.0,3.0,100,860.8908454666666,663.8538226442803
166.0,0.33,0.7,10.0,3.0,100,95.59239346666666,90.66408861238261
166.0,1,0.7,10.0,3.0,100,229.493527,204.19636064895462
166.0,3,0.7,10.0,3.0,100,463.77422097777776,387.3278276406032
500.0,0.33,0.7,10.0,3.0,100,229.38449467777778,203.36790984215045
500.0,1,0.7,10.0,3.0,100,437.2323698888889,356.03329851610414
500.0,3,0.7,10.0,3.0,100,701.3305391555556,563.7292806779978
1500.0,1,0.7,15.0,15.0,1000,817.3367606666667,667.3851350867036
1500.0,3,0.7,15.0,15.0,1000,1216.650011,802.8163272162085
1500.0,1,0.7,15.0,15.0,100,654.4393766222222,511.9743556372567
1500.0,3,0.7,15.0,15.0,100,843.2969285111111,608.1937370197402
1500.0,1,0.7,15.0,15.0,200,749.1137643111111,591.5001759191936
1500.0,3,0.7,15.0,15.0,200,977.1409900888889,705.5376519586051
1500.0,1,0.7,15.0,15.0,300,746.9433382491583,600.158670706612
1500.0,3,0.7,15.0,15.0,300,1035.7250594949494,776.749527210472
1500.0,1,0.7,15.0,15.0,400,797.4502752888889,626.669377666891
1500.0,3,0.7,15.0,15.0,400,1094.037973911111,846.6746831804629
1500.0,1,0.7,15.0,15.0,500,786.2680708333334,649.655402278842
1500.0,3,0.7,15.0,15.0,500,1130.5562594444445,835.2206231256702
1500.0,1,0.7,15.0,15.0,700,773.6611003968254,644.9301089752689
1500.0,3,0.7,15.0,15.0,700,1060.9473106349205,880.1512343888481
500.0,1,0.7,15.0,15.0,1000,530.3754024444445,435.1800645792809
500.0,3,0.7,15.0,15.0,1000,829.6145868888889,681.206956196345
500.0,1,0.7,15.0,15.0,100,436.8807394111111,360.9900625721971
500.0,3,0.7,15.0,15.0,100,708.5709319333333,562.969227316511
500.0,1,0.7,15.0,15.0,200,481.7006222,414.41606389432604
500.0,3,0.7,15.0,15.0,200,784.4101356222222,643.352006435801
500.0,1,0.7,15.0,15.0,300,505.19414713804713,430.1826259184669
500.0,3,0.7,15.0,15.0,300,821.8059155555555,651.7487439309245
500.0,1,0.7,15.0,15.0,400,517.4070499555555,442.2767083972313
500.0,3,0.7,15.0,15.0,400,866.8506585333333,678.5371693179826
500.0,1,0.7,15.0,15.0,500,507.96232755555553,448.86030803024784
500.0,3,0.7,15.0,15.0,500,896.548738,703.1804827731293
500.0,1,0.7,15.0,15.0,700,523.062476984127,442.7858909231356
500.0,3,0.7,15.0,15.0,700,864.432457936508,662.3669479285844
1500.0,0.33,0.7,1500.0,1.0,100,435.66565945555556,360.13087954395155
1500.0,1,0.7,1500.0,1.0,100,652.5515166666667,510.4682312944439
1500.0,3,0.7,1500.0,1.0,100,874.0405743888889,660.6611128277804
166.0,0.33,0.7,1500.0,1.0,100,95.95522338888888,91.2005620811114
166.0,1,0.7,1500.0,1.0,100,232.6635923111111,210.02637968693406
166.0,3,0.7,1500.0,1.0,100,470.77584201111114,399.65827906156505
500.0,0.33,0.7,1500.0,1.0,100,230.92125983333332,205.9648401930056
500.0,1,0.7,1500.0,1.0,100,444.00252766666665,371.2564004972109
500.0,3,0.7,1500.0,1.0,100,710.4176155555556,557.237588504962
1500.0,0.33,0.7,1500.0,150.0,100,435.9057923222222,362.28986064106766
1500.0,1,0.7,1500.0,150.0,100,658.8102311666667,526.9982727322964
1500.0,3,0.7,1500.0,150.0,100,894.9207385222222,672.1072805102749
166.0,0.33,0.7,1500.0,150.0,100,96.18210132222222,91.43439850532563
166.0,1,0.7,1500.0,150.0,100,231.7120628111111,206.01212448922547
166.0,3,0.7,1500.0,150.0,100,457.7099467,379.07734251419936
500.0,0.33,0.7,1500.0,150.0,100,228.65721527777777,200.70127673120103
500.0,1,0.7,1500.0,150.0,100,434.20102865555555,359.2647146521502
500.0,3,0.7,1500.0,150.0,100,701.4469369888889,559.4225110458349
1500.0,0.33,0.7,1500.0,3.0,100,433.8562293333333,357.6621672766003
1500.0,1,0.7,1500.0,3.0,100,648.3241959,511.5684749413168
1500.0,3,0.7,1500.0,3.0,100,850.3953347666667,649.4305080885953
166.0,0.33,0.7,1500.0,3.0,100,96.17522883333334,91.3178301880025
166.0,1,0.7,1500.0,3.0,100,235.09763593333332,212.46684317517534
166.0,3,0.7,1500.0,3.0,100,463.0849621888889,393.4765152386188
500.0,0.33,0.7,1500.0,3.0,100,229.36271493333334,204.13286983070978
500.0,1,0.7,1500.0,3.0,100,442.2699216666667,368.48538124442564
500.0,3,0.7,1500.0,3.0,100,695.5569221333334,551.9961170532954
1500.0,0.33,0.7,30.0,1.0,100,432.7412252111111,359.6402918346764
1500.0,1,0.7,30.0,1.0,100,666.1495343333333,535.4258283694647
1500.0,3,0.7,30.0,1.0,100,843.7119137222222,615.7118069171078
166.0,0.33,0.7,30.0,1.0,100,96.30266013333333,91.23082548410025
166.0,1,0.7,30.0,1.0,100,233.8719058,209.51815544547873
166.0,3,0.7,30.0,1.0,100,464.4034751888889,388.3518366550627
500.0,0.33,0.7,30.0,1.0,100,228.37461943333332,202.5220100702963
500.0,1,0.7,30.0,1.0,100,440.9462637111111,362.56577967767095
500.0,3,0.7,30.0,1.0,100,700.6692146777777,539.7713673558806
1500.0,0.33,0.7,30.0,150.0,100,436.2301977888889,357.68730873933583
1500.0,1,0.7,30.0,150.0,100,641.6054971333333,506.29983348929477
1500.0,3,0.7,30.0,150.0,100,842.5345578777777,629.5223564600369
166.0,0.33,0.7,30.0,150.0,100,95.85989746666667,90.66860693115183
166.0,1,0.7,30.0,150.0,100,230.74797818888888,204.6939509198929
166.0,3,0.7,30.0,150.0,100,469.20925655555556,392.069955338931
500.0,0.33,0.7,30.0,150.0,100,228.19407326666666,203.03409699213492
500.0,1,0.7,30.0,150.0,100,439.96270116666665,363.11723802275606
500.0,3,0.7,30.0,150.0,100,710.7968498777777,556.8935611461482
1500.0,0.33,0.7,30.0,3.0,100,425.12793205555556,349.5730162351083
1500.0,1,0.7,30.0,3.0,100,659.8042902111112,529.6145683932809
1500.0,3,0.7,30.0,3.0,100,890.6591303888889,659.603715261812
166.0,0.33,0.7,30.0,3.0,100,96.40635621111112,91.4317197728369
166.0,1,0.7,30.0,3.0,100,233.73931963333334,209.85663322098335
166.0,3,0.7,30.0,3.0,100,459.8350129,380.6481453546492
500.0,0.33,0.7,30.0,3.0,100,228.9460302888889,203.00462583526212
500.0,1,0.7,30.0,3.0,100,439.65510707777776,366.79327075633125
500.0,3,0.7,30.0,3.0,100,723.6905280777778,583.0916988054142
1500.0,1,0.85,15.0,15.0,1000,787.381323,635.0782503427718
1500.0,3,0.85,15.0,15.0,1000,1011.2201003333333,734.4446003733091
1500.0,1,0.85,15.0,15.0,100,640.7303727666666,508.21682040432034
1500.0,3,0.85,15.0,15.0,100,797.3310723333333,609.3360894411958
1500.0,1,0.85,15.0,15.0,200,718.6574944222223,569.2895169618942
1500.0,3,0.85,15.0,15.0,200,914.6701853777778,706.8734753577914
1500.0,1,0.85,15.0,15.0,300,759.3780592592592,634.4407326782373
1500.0,3,0.85,15.0,15.0,300,948.3853965319865,759.7696197729622
1500.0,1,0.85,15.0,15.0,400,762.8233050222223,618.641435639451
1500.0,3,0.85,15.0,15.0,400,1016.3416818222222,807.9989756672678
1500.0,1,0.85,15.0,15.0,500,730.7862502222222,574.7556350667927
1500.0,3,0.85,15.0,15.0,500,1129.1582872222223,839.0527970481817
1500.0,1,0.85,15.0,15.0,700,780.2639903174603,644.735192495313
1500.0,3,0.85,15.0,15.0,700,985.4926643650793,765.610248946488
500.0,1,0.85,15.0,15.0,1000,499.4240486666667,431.78118508318477
500.0,3,0.85,15.0,15.0,1000,852.6382193333334,650.7425370862244
500.0,1,0.85,15.0,15.0,100,437.69774354444445,362.8420704865981
500.0,3,0.85,15.0,15.0,100,677.7362948444445,538.2589678468836
500.0,1,0.85,15.0,15.0,200,474.1018974888889,390.4586880410024
500.0,3,0.85,15.0,15.0,200,733.7182139333333,590.3085597154275
500.0,1,0.85,15.0,15.0,300,487.42691922558924,407.1021970220878
500.0,3,0.85,15.0,15.0,300,778.3833073400673,637.1044971750459
500.0,1,0.85,15.0,15.0,400,488.57680933333336,400.2790906558043
500.0,3,0.85,15.0,15.0,400,831.1854549777778,671.6214939498839
500.0,1,0.85,15.0,15.0,500,499.48543327777776,429.10387258944075
500.0,3,0.85,15.0,15.0,500,805.6869811666667,644.7884482008545
500.0,1,0.85,15.0,15.0,700,505.4878343650794,431.50674006959576
500.0,3,0.85,15.0,15.0,700,815.6961597619047,648.1139861834382
1500.0,0.33,0.8,10.0,1.0,100,436.5786512111111,364.76580224477726
1500.0,1,0.8,10.0,1.0,100,651.2636167111111,509.39510265927316
1500.0,3,0.8,10.0,1.0,100,862.9985775777777,690.807927952947
166.0,0.33,0.8,10.0,1.0,100,96.14267641111111,91.1826469473194
166.0,1,0.8,10.0,1.0,100,233.09049763333334,208.40739776662457
166.0,3,0.8,10.0,1.0,100,453.2308807333333,375.32325090815414
500.0,0.33,0.8,10.0,1.0,100,230.7039244111111,204.45029365906743
500.0,1,0.8,10.0,1.0,100,437.5253145777778,365.38239084288324
500.0,3,0.8,10.0,1.0,100,696.4481768888888,546.8676773346234
1500.0,0.33,0.8,10.0,150.0,100,432.32719317777776,354.99100049244186
1500.0,1,0.8,10.0,150.0,100,654.1595834777778,527.9992397724026
1500.0,3,0.8,10.0,150.0,100,835.3006854777777,645.7763748534604
166.0,0.33,0.8,10.0,150.0,100,95.54934583333333,90.07801070794041
166.0,1,0.8,10.0,150.0,100,230.24956092222223,204.64184751772638
166.0,3,0.8,10.0,150.0,100,460.89636654444445,384.57969384142245
500.0,0.33,0.8,10.0,150.0,100,228.2638897777778,202.40542026928293
500.0,1,0.8,10.0,150.0,100,440.7140631444444,365.1521950509478
500.0,3,0.8,10.0,150.0,100,683.3468135333334,531.0604537190924
1500.0,0.33,0.8,10.0,3.0,100,430.86483394444446,355.8298866578329
1500.0,1,0.8,10.0,3.0,100,660.190773,520.8401962490531
1500.0,3,0.8,10.0,3.0,100,842.7091014777777,618.7630603067304
166.0,0.33,0.8,10.0,3.0,100,96.43615667777777,92.18018641254993
166.0,1,0.8,10.0,3.0,100,229.04908625555555,204.01196736906147
166.0,3,0.8,10.0,3.0,100,457.1434594333333,387.5304803265329
500.0,0.33,0.8,10.0,3.0,100,231.81554124444443,208.29989815645536
500.0,1,0.8,10.0,3.0,100,434.8071745777778,356.12430582901925
500.0,3,0.8,10.0,3.0,100,675.8440383444445,536.495954776005
1500.0,1,0.8,15.0,15.0,1000,821.7957867777777,717.5879629212826
1500.0,3,0.8,15.0,15.0,1000,994.6586033333333,807.4262299156942
1500.0,1,0.8,15.0,15.0,100,662.3528296888888,526.8049188974882
1500.0,3,0.8,15.0,15.0,100,852.7748961888889,651.1766888498406
1500.0,1,0.8,15.0,15.0,200,710.3750376666667,566.2045067819907
1500.0,3,0.8,15.0,15.0,200,941.3913856,753.2491707747616
1500.0,1,0.8,15.0,15.0,300,760.7120254882155,619.1244720148634
1500.0,3,0.8,15.0,15.0,300,986.4348453872054,728.1804137296299
1500.0,1,0.8,15.0,15.0,400,785.6285488,665.1275412198493
1500.0,3,0.8,15.0,15.0,400,1094.0304688,834.6756529972099
1500.0,1,0.8,15.0,15.0,500,772.2063636666667,639.8718677937134
1500.0,3,0.8,15.0,15.0,500,993.221521,718.4998447288954
1500.0,1,0.8,15.0,15.0,700,772.459265952381,610.4559262250443
1500.0,3,0.8,15.0,15.0,700,1056.7439234126985,769.3651054101671
500.0,1,0.8,15.0,15.0,1000,493.62678444444447,408.4218995887765
500.0,3,0.8,15.0,15.0,1000,909.7527991111111,735.4525196277671
500.0,1,0.8,15.0,15.0,100,434.6290315888889,357.45295493922305
500.0,3,0.8,15.0,15.0,100,690.9829880666666,551.8704480039323
500.0,1,0.8,15.0,15.0,200,482.78070822222224,412.93421698921173
500.0,3,0.8,15.0,15.0,200,782.0228807333333,640.8873474933226
500.0,1,0.8,15.0,15.0,300,493.50856427609426,413.25914690615417
500.0,3,0.8,15.0,15.0,300,795.6657914814815,660.7143480652168
500.0,1,0.8,15.0,15.0,400,497.98720613333336,421.2242959776043
500.0,3,0.8,15.0,15.0,400,805.7989887555556,679.3023284924944
500.0,1,0.8,15.0,15.0,500,489.9100403888889,411.78265336446566
500.0,3,0.8,15.0,15.0,500,845.3381673333333,674.736207987544
500.0,1,0.8,15.0,15.0,700,517.0332331746032,436.07914119175683
500.0,3,0.8,15.0,15.0,700,828.0747542063492,642.0156892665689
1500.0,0.33,0.8,1500.0,1.0,100,434.0355652,361.0888305073124
1500.0,1,0.8,1500.0,1.0,100,647.0369279555556,510.9122270138796
1500.0,3,0.8,1500.0,1.0,100,826.0354859222223,584.6208515670685
166.0,0.33,0.8,1500.0,1.0,100,95.97261446666667,91.00040376399609
166.0,1,0.8,1500.0,1.0,100,231.73404316666668,206.93578383068098
166.0,3,0.8,1500.0,1.0,100,453.3540083666667,382.0480093723502
500.0,0.33,0.8,1500.0,1.0,100,229.54854855555556,203.47178255438732
500.0,1,0.8,1500.0,1.0,100,437.10389383333336,363.68976692449513
500.0,3,0.8,1500.0,1.0,100,684.2526518222222,547.9036298487083
1500.0,0.33,0.8,1500.0,150.0,100,434.72386222222224,364.040687375029
1500.0,1,0.8,1500.0,150.0,100,646.7687853888889,520.9972734376441
1500.0,3,0.8,1500.0,150.0,100,836.9073481555556,628.8271793281813
166.0,0.33,0.8,1500.0,150.0,100,95.7286609111111,90.40523190728477
166.0,1,0.8,1500.0,150.0,100,231.99631835555556,206.81912841101067
166.0,3,0.8,1500.0,150.0,100,463.18084846666665,388.70550241617354
500.0,0.33,0.8,1500.0,150.0,100,229.06004123333332,204.50884239039976
500.0,1,0.8,1500.0,150.0,100,439.0286029555555,364.944694490494
500.0,3,0.8,1500.0,150.0,100,676.6849123777778,529.6695624648657
1500.0,0.33,0.8,1500.0,3.0,100,434.25893597777775,357.4118231260582
1500.0,1,0.8,1500.0,3.0,100,639.2010541333333,499.1821066992292
1500.0,3,0.8,1500.0,3.0,100,844.1802018666667,640.5920902097957
166.0,0.33,0.8,1500.0,3.0,100,95.62544182222223,90.62562813952022
166.0,1,0.8,1500.0,3.0,100,232.22778435555554,209.75722661977755
166.0,3,0.8,1500.0,3.0,100,457.87695965555554,381.2195830396845
500.0,0.33,0.8,1500.0,3.0,100,228.45230337777778,202.67878790284246
500.0,1,0.8,1500.0,3.0,100,437.4196388,364.31400892351365
500.0,3,0.8,1500.0,3.0,100,690.7743805777778,555.1578254556786
1500.0,0.33,0.8,30.0,1.0,100,429.5513781111111,360.40410703579226
1500.0,1,0.8,30.0,1.0,100,643.9634356444444,525.9712264462162
1500.0,3,0.8,30.0,1.0,100,852.2336918,653.2289503455452
166.0,0.33,0.8,30.0,1.0,100,96.22447246666667,91.61823795717955
166.0,1,0.8,30.0,1.0,100,228.88351956666668,201.74201940439758
166.0,3,0.8,30.0,1.0,100,448.43129905555554,371.255830889641
500.0,0.33,0.8,30.0,1.0,100,228.90486415555554,202.2563908102071
500.0,1,0.8,30.0,1.0,100,438.6634576,361.0607243407981
500.0,3,0.8,30.0,1.0,100,701.9855506555556,558.8595330952187
1500.0,0.33,0.8,30.0,150.0,100,435.63220813333334,364.743009577563
1500.0,1,0.8,30.0,150.0,100,645.4385249333334,517.7537985484512
1500.0,3,0.8,30.0,150.0,100,813.2071876444444,623.1493866794624
166.0,0.33,0.8,30.0,150.0,100,95.66543745555556,90.38465990472461
166.0,1,0.8,30.0,150.0,100,230.54727143333332,205.46791662065868
166.0,3,0.8,30.0,150.0,100,454.26415446666664,374.6370969198455
500.0,0.33,0.8,30.0,150.0,100,231.215076,205.08747829689855
500.0,1,0.8,30.0,150.0,100,441.6615764222222,367.00934349319243
500.0,3,0.8,30.0,150.0,100,681.5689407444445,542.3925108613549
1500.0,0.33,0.8,30.0,3.0,100,433.39706752222224,354.4822216591326
1500.0,1,0.8,30.0,3.0,100,656.2084134777778,526.6561991192998
1500.0,3,0.8,30.0,3.0,100,864.5428022333333,655.0557002067616
166.0,0.33,0.8,30.0,3.0,100,95.77062712222222,90.53251907970001
166.0,1,0.8,30.0,3.0,100,228.33165191111112,200.5674829355971
166.0,3,0.8,30.0,3.0,100,462.3683722222222,385.6833027568591
500.0,0.33,0.8,30.0,3.0,100,229.7063187,205.13449743406645
500.0,1,0.8,30.0,3.0,100,435.69143,362.7544166023185
500.0,3,0.8,30.0,3.0,100,693.6928170111111,546.1587658020126
1500.0,1,0.93,15.0,15.0,1000,751.5522846666667,613.181450001622
1500.0,3,0.93,15.0,15.0,1000,896.3264866666667,631.9650074337021
1500.0,1,0.93,15.0,15.0,100,642.4983923555556,509.7384805675167
1500.0,3,0.93,15.0,15.0,100,805.0690539444445,618.497611533488
1500.0,1,0.93,15.0,15.0,200,708.3560625777778,571.5260147489513
1500.0,3,0.93,15.0,15.0,200,862.1819041555556,668.3883353572653
1500.0,1,0.93,15.0,15.0,300,717.0010444781145,562.8334515102512
1500.0,3,0.93,15.0,15.0,300,1001.275154006734,781.7381579743313
1500.0,1,0.93,15.0,15.0,400,736.3655025777778,603.3099815792862
1500.0,3,0.93,15.0,15.0,400,907.4898484444444,756.2670379736187
1500.0,1,0.93,15.0,15.0,500,754.0772137777777,573.2940835272643
1500.0,3,0.93,15.0,15.0,500,936.4291318333334,727.0149284319579
1500.0,1,0.93,15.0,15.0,700,808.8104790476191,666.5781572943771
1500.0,3,0.93,15.0,15.0,700,953.2245047619048,685.6367671543018
500.0,1,0.93,15.0,15.0,1000,508.7520143333333,420.01983354479563
500.0,3,0.93,15.0,15.0,1000,820.127354,692.0602828479797
500.0,1,0.93,15.0,15.0,100,435.5607262888889,360.349528564213
500.0,3,0.93,15.0,15.0,100,655.6951376888888,534.5180609594603
500.0,1,0.93,15.0,15.0,200,480.83335564444445,415.0105938503426
500.0,3,0.93,15.0,15.0,200,732.4914960666666,602.6411185353974
500.0,1,0.93,15.0,15.0,300,490.92464474747476,425.424570541011
500.0,3,0.93,15.0,15.0,300,758.1313901683502,616.841547597285
500.0,1,0.93,15.0,15.0,400,472.85878893333336,380.18289577519425
500.0,3,0.93,15.0,15.0,400,773.1826572888889,627.293651759156
500.0,1,0.93,15.0,15.0,500,509.6604687777778,437.67984427787457
500.0,3,0.93,15.0,15.0,500,802.0405906666666,637.3033646198106
500.0,1,0.93,15.0,15.0,700,499.12373301587303,428.48480268930945
500.0,3,0.93,15.0,15.0,700,843.1702611111111,679.6344079990606
1500.0,1,0.95,15.0,15.0,1000,772.2166457777778,638.4492928560458
1500.0,3,0.95,15.0,15.0,1000,1042.6988305555556,693.2013832937795
1500.0,1,0.95,15.0,15.0,100,646.3474270333334,513.2064854156788
1500.0,3,0.95,15.0,15.0,100,766.4464496555555,603.3489105777352
1500.0,1,0.95,15.0,15.0,200,716.6738656666666,568.0323893527132
1500.0,3,0.95,15.0,15.0,200,942.7109808666667,684.1933858183387
1500.0,1,0.95,15.0,15.0,300,726.633817003367,591.9455883833792
1500.0,3,0.95,15.0,15.0,300,887.4827084848484,710.0529660299576
1500.0,1,0.95,15.0,15.0,400,727.6867569333333,594.2802901461226
1500.0,3,0.95,15.0,15.0,400,967.0138156,714.4521648413605
1500.0,1,0.95,15.0,15.0,500,781.3927508888889,648.6003248866534
1500.0,3,0.95,15.0,15.0,500,1003.8976677222222,698.494099442305
1500.0,1,0.95,15.0,15.0,700,739.728425,580.5518021302
1500.0,3,0.95,15.0,15.0,700,1073.1567512698414,746.8668485115319
500.0,1,0.95,15.0,15.0,1000,508.2763508888889,423.26409648792816
500.0,3,0.95,15.0,15.0,1000,802.2168465555555,632.0965890917776
500.0,1,0.95,15.0,15.0,100,437.64417974444444,367.21215552323883
500.0,3,0.95,15.0,15.0,100,673.2607632,536.0231820922997
500.0,1,0.95,15.0,15.0,200,485.4682258,413.9106417674126
500.0,3,0.95,15.0,15.0,200,740.4586845555556,591.8471601300935
500.0,1,0.95,15.0,15.0,300,484.6935843771044,415.4060100631718
500.0,3,0.95,15.0,15.0,300,804.5134286868687,647.6989854443668
500.0,1,0.95,15.0,15.0,400,481.0492909777778,409.3857598135135
500.0,3,0.95,15.0,15.0,400,750.5676631111111,607.3291938458394
500.0,1,0.95,15.0,15.0,500,507.96273716666667,435.2490337613668
500.0,3,0.95,15.0,15.0,500,815.5276526666667,656.8694227323832
500.0,1,0.95,15.0,15.0,700,496.6810876190476,416.05110539810903
500.0,3,0.95,15.0,15.0,700,806.7284351587301,635.5577631893395
1500.0,1,0.96,15.0,15.0,1000,758.6334812222223,609.6172271103006
1500.0,3,0.96,15.0,15.0,1000,934.3991804444445,672.5357690978855
1500.0,1,0.96,15.0,15.0,100,662.0327263111111,519.0498817890987
1500.0,3,0.96,15.0,15.0,100,768.3395478777778,588.4808999550594
1500.0,1,0.96,15.0,15.0,200,724.6446294444445,560.1870856809376
1500.0,3,0.96,15.0,15.0,200,879.7712559111111,649.8199607305322
1500.0,1,0.96,15.0,15.0,300,718.280371077441,593.476092593889
1500.0,3,0.96,15.0,15.0,300,952.1727606734007,725.4640303672635
1500.0,1,0.96,15.0,15.0,400,736.4879257777778,620.347710372096
1500.0,3,0.96,15.0,15.0,400,898.8017379555556,677.5925994403568
1500.0,1,0.96,15.0,15.0,500,741.51575,606.616469215694
1500.0,3,0.96,15.0,15.0,500,953.3239691111111,738.7291980992416
1500.0,1,0.96,15.0,15.0,700,752.3829424603175,616.6945726149783
1500.0,3,0.96,15.0,15.0,700,1141.141661984127,802.4353900562083
500.0,1,0.96,15.0,15.0,1000,522.8316945555556,448.6932243341638
500.0,3,0.96,15.0,15.0,1000,835.633591,669.0545696922719
500.0,1,0.96,15.0,15.0,100,441.91071072222223,363.3148283126617
500.0,3,0.96,15.0,15.0,100,660.8535107,521.85938488976
500.0,1,0.96,15.0,15.0,200,471.25391342222224,396.7221426985788
500.0,3,0.96,15.0,15.0,200,721.0374235555555,587.7280206913252
500.0,1,0.96,15.0,15.0,300,493.82371542087543,413.8850086168309
500.0,3,0.96,15.0,15.0,300,781.0871066666666,624.0196960473178
500.0,1,0.96,15.0,15.0,400,501.2315192888889,440.31686989386384
500.0,3,0.96,15.0,15.0,400,791.5901279555555,620.388882139561
500.0,1,0.96,15.0,15.0,500,495.34958316666666,414.2608691871164
500.0,3,0.96,15.0,15.0,500,791.1937393888888,654.3183716544635
500.0,1,0.96,15.0,15.0,700,504.55618976190476,427.57284691934154
500.0,3,0.96,15.0,15.0,700,822.6274576190476,669.1411081727226
1500.0,1,0.97,15.0,15.0,1000,749.7483526666666,615.3212734873254
1500.0,3,0.97,15.0,15.0,1000,907.9976721111111,680.6410441875306
1500.0,1,0.97,15.0,15.0,100,649.4078563333334,512.4168158150482
1500.0,3,0.97,15.0,15.0,100,805.2684108111112,615.5228335168958
1500.0,1,0.97,15.0,15.0,200,724.0689320666667,584.3547562812558
1500.0,3,0.97,15.0,15.0,200,895.9296621333333,686.9524598313312
1500.0,1,0.97,15.0,15.0,300,711.7642795959596,599.005816863713
1500.0,3,0.97,15.0,15.0,300,950.257551010101,759.8799896058172
1500.0,1,0.97,15.0,15.0,400,766.0095522666667,632.4751932160215
1500.0,3,0.97,15.0,15.0,400,860.7122108,671.1534174484318
1500.0,1,0.97,15.0,15.0,500,768.9791507222222,641.2539839150463
1500.0,3,0.97,15.0,15.0,500,957.6203028333333,744.1534578849435
1500.0,1,0.97,15.0,15.0,700,756.7660131746031,578.3195497292604
1500.0,3,0.97,15.0,15.0,700,938.7544253174603,711.9424606446154
500.0,1,0.97,15.0,15.0,1000,499.16244122222224,422.05694903948233
500.0,3,0.97,15.0,15.0,1000,788.2188661111111,627.8430539638275
500.0,1,0.97,15.0,15.0,100,430.7022104888889,353.31388571965005
500.0,3,0.97,15.0,15.0,100,646.1598561,520.3812000498128
500.0,1,0.97,15.0,15.0,200,478.3590392666667,407.60207282722405
500.0,3,0.97,15.0,15.0,200,717.7669116444445,565.6140136299829
500.0,1,0.97,15.0,15.0,300,482.34596444444446,403.1947342204276
500.0,3,0.97,15.0,15.0,300,739.379298989899,579.9408803105486
500.0,1,0.97,15.0,15.0,400,513.4954511555555,444.41629804149596
500.0,3,0.97,15.0,15.0,400,740.6022778666667,601.3685661108096
500.0,1,0.97,15.0,15.0,500,511.5573698888889,436.2762278706333
500.0,3,0.97,15.0,15.0,500,788.8682696111111,609.1539423177618
500.0,1,0.97,15.0,15.0,700,493.918785952381,412.17865199843465
500.0,3,0.97,15.0,15.0,700,743.4674146031746,608.3615126259556
1500.0,1,0.98,15.0,15.0,1000,791.3135114444444,654.046242248306
1500.0,3,0.98,15.0,15.0,1000,998.2418136666666,763.4004523306928
1500.0,1,0.98,15.0,15.0,100,651.6497748777778,523.9595122965322
1500.0,3,0.98,15.0,15.0,100,786.8231097555556,586.9025447885397
1500.0,1,0.98,15.0,15.0,200,711.2334356888889,577.2901444485852
1500.0,3,0.98,15.0,15.0,200,857.7501714,650.5218682442608
1500.0,1,0.98,15.0,15.0,300,754.2217430976431,627.8056869594959
1500.0,3,0.98,15.0,15.0,300,886.012561043771,668.6253790884521
1500.0,1,0.98,15.0,15.0,400,758.2921634666667,611.7058188267167
1500.0,3,0.98,15.0,15.0,400,897.0838776,690.0831972912102
1500.0,1,0.98,15.0,15.0,500,764.3082705,615.022145515572
1500.0,3,0.98,15.0,15.0,500,1006.9782098888888,734.971736842741
1500.0,1,0.98,15.0,15.0,700,771.0658513492064,619.1057082964649
1500.0,3,0.98,15.0,15.0,700,992.3330587301588,765.5527317413513
500.0,1,0.98,15.0,15.0,1000,520.0797306666667,445.51383875939473
500.0,3,0.98,15.0,15.0,1000,859.9349596666667,645.7075491370169
500.0,1,0.98,15.0,15.0,100,437.19558565555553,359.2992852054246
500.0,3,0.98,15.0,15.0,100,655.4123120444444,507.5292894348503
500.0,1,0.98,15.0,15.0,200,474.17222224444447,391.8901936317944
500.0,3,0.98,15.0,15.0,200,732.4163807555556,598.5364306991221
500.0,1,0.98,15.0,15.0,300,494.15318666666667,409.1779220681226
500.0,3,0.98,15.0,15.0,300,795.8244465656566,656.0244152101872
500.0,1,0.98,15.0,15.0,400,481.23325711111113,395.95449576957964
500.0,3,0.98,15.0,15.0,400,768.3346993777777,609.3850257538643
500.0,1,0.98,15.0,15.0,500,512.4717711111111,446.70252844298096
500.0,3,0.98,15.0,15.0,500,741.1186203888889,600.3326174927558
500.0,1,0.98,15.0,15.0,700,499.6754041269841,427.60378153189464
500.0,3,0.98,15.0,15.0,700,778.5479930952381,588.9279439848193
1500.0,1,0.99,15.0,15.0,1000,788.9694152222222,640.7058365226877
1500.0,3,0.99,15.0,15.0,1000,914.2157756666667,656.6587372948293
1500.0,1,0.99,15.0,15.0,100,648.7077837444444,502.5061971712987
1500.0,3,0.99,15.0,15.0,100,780.1789998333334,607.8393479637746
1500.0,1,0.99,15.0,15.0,200,731.1430151777778,589.2948899062071
1500.0,3,0.99,15.0,15.0,200,884.5981650222222,666.7149882696552
1500.0,1,0.99,15.0,15.0,300,753.7438074074074,605.0606144450009
1500.0,3,0.99,15.0,15.0,300,947.4860948484849,740.5847088024665
1500.0,1,0.99,15.0,15.0,400,779.1475082666667,621.8831198763073
1500.0,3,0.99,15.0,15.0,400,966.2314154666667,725.8537102341959
1500.0,1,0.99,15.0,15.0,500,784.7591185,651.3700871842216
1500.0,3,0.99,15.0,15.0,500,952.4735367777778,759.9862474462785
1500.0,1,0.99,15.0,15.0,700,794.1534658730159,623.1778629790324
1500.0,3,0.99,15.0,15.0,700,1018.7575357936508,740.9313972259213
500.0,1,0.99,15.0,15.0,1000,518.3185141111111,437.1188715273189
500.0,3,0.99,15.0,15.0,1000,774.2622247777778,655.8483378863419
500.0,1,0.99,15.0,15.0,100,440.34690257777777,362.5733501307949
500.0,3,0.99,15.0,15.0,100,659.999179,522.198201463532
500.0,1,0.99,15.0,15.0,200,468.7778129111111,391.6497332949825
500.0,3,0.99,15.0,15.0,200,705.4093377555556,574.1414746804337
500.0,1,0.99,15.0,15.0,300,489.28004855218853,425.74095195805995
500.0,3,0.99,15.0,15.0,300,746.4497579124579,595.5235485218166
500.0,1,0.99,15.0,15.0,400,501.3680520888889,424.1295969032396
500.0,3,0.99,15.0,15.0,400,749.9828036,598.5902300135016
500.0,1,0.99,15.0,15.0,500,491.137875,408.8321502061095
500.0,3,0.99,15.0,15.0,500,792.4915641666666,637.5297628968245
500.0,1,0.99,15.0,15.0,700,488.276268968254,413.295409921335
500.0,3,0.99,15.0,15.0,700,776.5986297619048,608.7100603698808
1500.0,0.33,0.9,10.0,1.0,100,436.6011382666667,364.16461181990115
1500.0,1,0.9,10.0,1.0,100,644.0566784333333,510.8792761544103
1500.0,3,0.9,10.0,1.0,100,799.6303709,609.1170679446737
166.0,0.33,0.9,10.0,1.0,100,96.11379525555556,91.22760370417782
166.0,1,0.9,10.0,1.0,100,229.21565173333335,204.12256662934684
166.0,3,0.9,10.0,1.0,100,453.06622641111113,375.74533896614764
500.0,0.33,0.9,10.0,1.0,100,228.15523394444443,202.39342227561036
500.0,1,0.9,10.0,1.0,100,440.78091711111114,363.86964656215207
500.0,3,0.9,10.0,1.0,100,692.8562355222223,553.3747593046465
1500.0,0.33,0.9,10.0,150.0,100,435.3647306111111,364.2302996923383
1500.0,1,0.9,10.0,150.0,100,632.1115837,495.0089696549179
1500.0,3,0.9,10.0,150.0,100,822.0268654222223,647.1456208220193
166.0,0.33,0.9,10.0,150.0,100,95.83583277777778,91.00300401959183
166.0,1,0.9,10.0,150.0,100,231.76144512222223,205.23926412946335
166.0,3,0.9,10.0,150.0,100,441.6821247,376.54881622669626
500.0,0.33,0.9,10.0,150.0,100,227.29655373333333,199.66167389103975
500.0,1,0.9,10.0,150.0,100,433.8290605,360.32915945610443
500.0,3,0.9,10.0,150.0,100,692.2620778555555,564.2719394594409
1500.0,0.33,0.9,10.0,3.0,100,432.10780944444446,364.7999958699317
1500.0,1,0.9,10.0,3.0,100,637.4222135777778,502.1734685962675
1500.0,3,0.9,10.0,3.0,100,827.1664805111111,624.9811151140988
166.0,0.33,0.9,10.0,3.0,100,95.89786925555556,90.582018862526
166.0,1,0.9,10.0,3.0,100,227.79108172222223,201.6475107289617
166.0,3,0.9,10.0,3.0,100,449.6487560333333,373.5502142384289
500.0,0.33,0.9,10.0,3.0,100,229.8571113,204.29281726957902
500.0,1,0.9,10.0,3.0,100,436.0640369222222,360.58954998147055
500.0,3,0.9,10.0,3.0,100,659.3556713555555,524.4226878875019
1500.0,1,0.9,15.0,15.0,1000,695.8624035555556,584.0060435283716
1500.0,3,0.9,15.0,15.0,1000,993.7983664444445,743.8703793309079
1500.0,1,0.9,15.0,15.0,100,650.7186451333333,518.1853960319978
1500.0,3,0.9,15.0,15.0,100,815.3609146222223,618.9754772781594
1500.0,1,0.9,15.0,15.0,200,705.0018618,562.8826341182014
1500.0,3,0.9,15.0,15.0,200,907.5358553111112,683.7835719848769
1500.0,1,0.9,15.0,15.0,300,783.5070593602694,651.1396468162744
1500.0,3,0.9,15.0,15.0,300,983.4636302020202,733.2373209134525
1500.0,1,0.9,15.0,15.0,400,787.4468176,635.8499502264044
1500.0,3,0.9,15.0,15.0,400,996.8092948,737.7971115543701
1500.0,1,0.9,15.0,15.0,500,722.4119631666666,586.3441639224865
1500.0,3,0.9,15.0,15.0,500,1027.857237,800.9727446050656
1500.0,1,0.9,15.0,15.0,700,802.9693088095238,647.2345995139408
1500.0,3,0.9,15.0,15.0,700,932.0201948412698,764.1508511910833
500.0,1,0.9,15.0,15.0,1000,512.637101,436.8457789919616
500.0,3,0.9,15.0,15.0,1000,833.4987878888888,662.6913434135059
500.0,1,0.9,15.0,15.0,100,438.38827833333335,364.37085427484465
500.0,3,0.9,15.0,15.0,100,672.1560171888889,538.5691674529044
500.0,1,0.9,15.0,15.0,200,481.3403534,411.6969519043876
500.0,3,0.9,15.0,15.0,200,770.8074934444444,628.2505255880745
500.0,1,0.9,15.0,15.0,300,489.171070976431,407.09818361884754
500.0,3,0.9,15.0,15.0,300,741.6602716498317,606.5460378906753
500.0,1,0.9,15.0,15.0,400,495.9084613333333,424.352022945475
500.0,3,0.9,15.0,15.0,400,790.9753349777778,637.8873587559624
500.0,1,0.9,15.0,15.0,500,499.81078872222224,421.6983707728557
500.0,3,0.9,15.0,15.0,500,796.7338708333333,627.3670967687012
500.0,1,0.9,15.0,15.0,700,504.5538620634921,428.2046058884891
500.0,3,0.9,15.0,15.0,700,858.6925986507937,682.5963152388567
1500.0,0.33,0.9,1500.0,1.0,100,429.7580883333333,357.4899311997632
1500.0,1,0.9,1500.0,1.0,100,647.8846981444444,507.79428344006016
1500.0,3,0.9,1500.0,1.0,100,783.7687330777778,589.6401905042688
166.0,0.33,0.9,1500.0,1.0,100,95.37085671111112,90.30852805903068
166.0,1,0.9,1500.0,1.0,100,231.2320282888889,204.807516307727
166.0,3,0.9,1500.0,1.0,100,436.97736897777776,360.86335710541806
500.0,0.33,0.9,1500.0,1.0,100,230.2925498222222,205.43186218987896
500.0,1,0.9,1500.0,1.0,100,433.0598724777778,363.17469761441254
500.0,3,0.9,1500.0,1.0,100,655.7070805777778,511.23569314831104
1500.0,0.33,0.9,1500.0,150.0,100,434.3419174222222,364.3074554475605
1500.0,1,0.9,1500.0,150.0,100,645.1003067555556,507.2065776873693
1500.0,3,0.9,1500.0,150.0,100,797.5723571888889,614.6033468110879
166.0,0.33,0.9,1500.0,150.0,100,96.31455936666667,91.69520164505401
166.0,1,0.9,1500.0,150.0,100,231.88803566666667,207.14311568325388
166.0,3,0.9,1500.0,150.0,100,451.8032213111111,375.063112695321
500.0,0.33,0.9,1500.0,150.0,100,227.9049516,201.75039832972232
500.0,1,0.9,1500.0,150.0,100,434.60820834444445,364.37919049336375
500.0,3,0.9,1500.0,150.0,100,684.7708284777777,552.2562663516931
1500.0,0.33,0.9,1500.0,3.0,100,428.7160445888889,355.0221634424812
1500.0,1,0.9,1500.0,3.0,100,640.9309560222222,497.61024306331404
1500.0,3,0.9,1500.0,3.0,100,804.5308313222222,612.1084699258845
166.0,0.33,0.9,1500.0,3.0,100,95.8757612888889,90.73059932440026
166.0,1,0.9,1500.0,3.0,100,231.01934874444444,204.88796759197615
166.0,3,0.9,1500.0,3.0,100,452.8050450555556,375.66810344620586
500.0,0.33,0.9,1500.0,3.0,100,228.03458235555556,202.7283476881604
500.0,1,0.9,1500.0,3.0,100,439.05943556666665,366.20749225153446
500.0,3,0.9,1500.0,3.0,100,656.6757028444445,525.3903150048001
1500.0,0.33,0.9,30.0,1.0,100,429.10047175555553,353.05034152889664
1500.0,1,0.9,30.0,1.0,100,638.7182287,517.505666713914
1500.0,3,0.9,30.0,1.0,100,855.4292651222222,659.538616085668
166.0,0.33,0.9,30.0,1.0,100,95.4941301,90.95858302613378
166.0,1,0.9,30.0,1.0,100,229.16289545555554,202.5162603268449
166.0,3,0.9,30.0,1.0,100,442.32472577777776,371.06787693600165
500.0,0.33,0.9,30.0,1.0,100,229.21898426666667,202.50128515439073
500.0,1,0.9,30.0,1.0,100,437.1948853888889,359.2902407208254
500.0,3,0.9,30.0,1.0,100,673.0907081777777,526.4841368822085
1500.0,0.33,0.9,30.0,150.0,100,426.02492068888887,353.6074472628331
1500.0,1,0.9,30.0,150.0,100,640.266953,501.4109854963798
1500.0,3,0.9,30.0,150.0,100,812.5868504666666,636.7829219266839
166.0,0.33,0.9,30.0,150.0,100,95.92365547777777,90.64504919331428
166.0,1,0.9,30.0,150.0,100,229.26621834444444,203.1689671961741
166.0,3,0.9,30.0,150.0,100,446.13007396666666,373.2537781075084
500.0,0.33,0.9,30.0,150.0,100,229.73119833333334,204.806711539544
500.0,1,0.9,30.0,150.0,100,438.2439716888889,375.87099804420666
500.0,3,0.9,30.0,150.0,100,657.3234183444445,518.0830725890589
1500.0,0.33,0.9,30.0,3.0,100,428.9096323888889,352.93897136394537
1500.0,1,0.9,30.0,3.0,100,653.8260890888889,521.1907622813737
1500.0,3,0.9,30.0,3.0,100,838.1689508111111,625.250821530147
166.0,0.33,0.9,30.0,3.0,100,95.56683957777778,90.76404343108425
166.0,1,0.9,30.0,3.0,100,230.19614637777778,205.71233951861217
166.0,3,0.9,30.0,3.0,100,448.0130143777778,375.4856464810503
500.0,0.33,0.9,30.0,3.0,100,227.34984047777778,199.79515770849488
500.0,1,0.9,30.0,3.0,100,440.90711641111113,367.7764416174655
500.0,3,0.9,30.0,3.0,100,662.8688250555556,517.7294101838783
1500.0,0.33,0,10.0,1.0,100,670.7917064222222,613.3064391982074
1500.0,1,0,10.0,1.0,100,1327.993214211111,1075.6044005540361
1500.0,3,0,10.0,1.0,100,2066.243529222222,1525.1270798606931
166.0,0.33,0,10.0,1.0,100,104.29688474444444,103.18932362191582
166.0,1,0,10.0,1.0,100,285.91923121111114,276.2709164672977
166.0,3,0,10.0,1.0,100,669.7186368444444,610.1794284773541
500.0,0.33,0,10.0,1.0,100,282.81859738888886,272.1299974907693
500.0,1,0,10.0,1.0,100,668.7732867222222,606.9819591640714
500.0,3,0,10.0,1.0,100,1296.338572388889,1076.200569355006
1500.0,0.33,0,10.0,150.0,100,675.9148397,611.8297231165436
1500.0,1,0,10.0,150.0,100,1304.1565926666667,1084.5613861423856
1500.0,3,0,10.0,150.0,100,1934.4301821111112,1296.6360949143277
166.0,0.33,0,10.0,150.0,100,103.74294774444445,102.00587744893349
166.0,1,0,10.0,150.0,100,282.3392898111111,268.02241207097984
166.0,3,0,10.0,150.0,100,673.4874094666667,603.5036000061184
500.0,0.33,0,10.0,150.0,100,284.3309236,272.65467156866265
500.0,1,0,10.0,150.0,100,670.3722824222223,607.3280129098991
500.0,3,0,10.0,150.0,100,1319.4098244777779,1069.2891121967884
1500.0,0.33,0,10.0,3.0,100,671.3650488,606.2266792022382
1500.0,1,0,10.0,3.0,100,1302.996053488889,1042.1054073135474
1500.0,3,0,10.0,3.0,100,2006.0544387,1393.6620193374422
166.0,0.33,0,10.0,3.0,100,104.11122032222222,102.81086349887515
166.0,1,0,10.0,3.0,100,285.2945246111111,274.47466177760646
166.0,3,0,10.0,3.0,100,675.5000991111111,611.8157525377419
500.0,0.33,0,10.0,3.0,100,283.026872,273.5037716045977
500.0,1,0,10.0,3.0,100,681.1883170888889,622.9501123300556
500.0,3,0,10.0,3.0,100,1283.3673810555556,1023.6123094698249
1500.0,0.33,0,1500.0,1.0,100,670.1034316555556,607.5504859938007
1500.0,1,0,1500.0,1.0,100,1284.3858854777777,1028.3935692329555
1500.0,3,0,1500.0,1.0,100,2002.2563053111112,1333.3929991611005
166.0,0.33,0,1500.0,1.0,100,104.98047443333333,103.83799365414839
166.0,1,0,1500.0,1.0,100,285.69508815555554,274.14848541687627
166.0,3,0,1500.0,1.0,100,672.5355908222223,610.7435528787698
500.0,0.33,0,1500.0,1.0,100,284.9958375333333,274.6156372445084
500.0,1,0,1500.0,1.0,100,678.0803265777778,612.7529928592182
500.0,3,0,1500.0,1.0,100,1252.8407016555554,1020.9197387154294
1500.0,0.33,0,1500.0,150.0,100,680.5969140111112,629.9768662861505
1500.0,1,0,1500.0,150.0,100,1301.6191997333333,1083.400794153955
1500.0,3,0,1500.0,150.0,100,1983.1401488666668,1375.7161511104525
166.0,0.33,0,1500.0,150.0,100,103.96629354444444,102.2286222004243
166.0,1,0,1500.0,150.0,100,286.28931546666666,275.8720308220714
166.0,3,0,1500.0,150.0,100,675.0537835111111,612.8546302583243
500.0,0.33,0,1500.0,150.0,100,281.84042691111114,269.9750962608433
500.0,1,0,1500.0,150.0,100,678.3936140222222,609.7614623790743
500.0,3,0,1500.0,150.0,100,1300.4809087555554,1033.2175471250148
1500.0,0.33,0,1500.0,3.0,100,671.4873072,603.9333272361051
1500.0,1,0,1500.0,3.0,100,1278.6541289222223,1037.0794685918843
1500.0,3,0,1500.0,3.0,100,2030.4642091,1422.4712222712076
166.0,0.33,0,1500.0,3.0,100,104.69388214444444,102.43993784382832
166.0,1,0,1500.0,3.0,100,286.62782847777777,279.7661586308034
166.0,3,0,1500.0,3.0,100,684.3727498555555,624.7717700439448
500.0,0.33,0,1500.0,3.0,100,285.6331315333333,274.17527695868677
500.0,1,0,1500.0,3.0,100,678.5263878555555,616.4958469661251
500.0,3,0,1500.0,3.0,100,1289.2700305,1065.7484327377488
1500.0,0.33,0,30.0,1.0,100,671.3499179333334,613.9887649792548
1500.0,1,0,30.0,1.0,100,1294.8964196,1066.6690577404095
1500.0,3,0,30.0,1.0,100,2037.5493831222223,1341.5771802724464
166.0,0.33,0,30.0,1.0,100,104.05406101111112,102.5791652802649
166.0,1,0,30.0,1.0,100,286.83151844444444,276.92151487445994
166.0,3,0,30.0,1.0,100,668.7812140555556,609.187168369741
500.0,0.33,0,30.0,1.0,100,282.4717377,269.6063822538711
500.0,1,0,30.0,1.0,100,683.0645270222223,622.9704162850721
500.0,3,0,30.0,1.0,100,1294.6877077333334,1024.3825178668837
1500.0,0.33,0,30.0,150.0,100,670.7410913333333,602.2042405478318
1500.0,1,0,30.0,150.0,100,1306.0507216,1064.0711730320097
1500.0,3,0,30.0,150.0,100,2040.3860459333334,1392.5869931591835
166.0,0.33,0,30.0,150.0,100,104.60236937777778,103.21074043086917
166.0,1,0,30.0,150.0,100,286.3191296,276.7400150848133
166.0,3,0,30.0,150.0,100,678.7620729444444,613.832694920615
500.0,0.33,0,30.0,150.0,100,285.7445291777778,273.2787833328065
500.0,1,0,30.0,150.0,100,666.9019465222223,598.1865891093523
500.0,3,0,30.0,150.0,100,1280.675685888889,1016.1376600709505
1500.0,0.33,0,30.0,3.0,100,671.8584581,606.0801019963998
1500.0,1,0,30.0,3.0,100,1308.1903218555556,1081.892969337543
1500.0,3,0,30.0,3.0,100,1994.6007613666666,1369.0484248218831
166.0,0.33,0,30.0,3.0,100,104.34778613333333,102.75508207385857
166.0,1,0,30.0,3.0,100,286.77543117777776,276.7216922217451
166.0,3,0,30.0,3.0,100,678.6805364666667,618.7637567790642
500.0,0.33,0,30.0,3.0,100,284.44935626666665,272.7490687693871
500.0,1,0,30.0,3.0,100,682.2048829111111,620.2214209280004
500.0,3,0,30.0,3.0,100,1282.586419888889,1039.7433069003148
1500.0,0.33,1.0,10.0,1.0,100,429.1272315333333,359.1476525059224
1500.0,1,1.0,10.0,1.0,100,637.5985252,495.83717159070943
1500.0,3,1.0,10.0,1.0,100,808.6550338444445,618.0477519716226
166.0,0.33,1.0,10.0,1.0,100,96.1867784,90.84669984360312
166.0,1,1.0,10.0,1.0,100,228.68288062222223,202.52152245858883
166.0,3,1.0,10.0,1.0,100,428.2308855333333,354.6938414760345
500.0,0.33,1.0,10.0,1.0,100,228.6107031,204.55319551316234
500.0,1,1.0,10.0,1.0,100,431.6111523222222,357.2173935197903
500.0,3,1.0,10.0,1.0,100,639.0289265,491.22239605666016
1500.0,0.33,1.0,10.0,150.0,100,426.44005674444446,351.6749104263842
1500.0,1,1.0,10.0,150.0,100,634.2814236666667,501.29805816432156
1500.0,3,1.0,10.0,150.0,100,803.9152266777778,611.2248705932354
166.0,0.33,1.0,10.0,150.0,100,95.66768216666667,90.7641835710168
166.0,1,1.0,10.0,150.0,100,229.5345285777778,201.86287853595465
166.0,3,1.0,10.0,150.0,100,437.6807006222222,364.0905109606918
500.0,0.33,1.0,10.0,150.0,100,229.3762723111111,203.7159699590833
500.0,1,1.0,10.0,150.0,100,433.3419015222222,356.5129031458991
500.0,3,1.0,10.0,150.0,100,627.4880185333334,488.86446158473626
1500.0,0.33,1.0,10.0,3.0,100,434.99548633333336,357.78392261544394
1500.0,1,1.0,10.0,3.0,100,631.7859016777778,496.8290122026638
1500.0,3,1.0,10.0,3.0,100,775.6073427222223,595.8807703274825
166.0,0.33,1.0,10.0,3.0,100,95.53273372222222,90.68769048585914
166.0,1,1.0,10.0,3.0,100,229.3848361888889,203.9490050161962
166.0,3,1.0,10.0,3.0,100,438.4723544,370.80827099203
500.0,0.33,1.0,10.0,3.0,100,228.37412193333333,204.08614563447094
500.0,1,1.0,10.0,3.0,100,430.2935858222222,357.3076590536331
500.0,3,1.0,10.0,3.0,100,642.3271631777778,524.4947408467915
1500.0,1,1.0,15.0,15.0,1000,749.416859,619.9406119177123
1500.0,3,1.0,15.0,15.0,1000,936.1933727777778,770.5858691108364
1500.0,1,1.0,15.0,15.0,100,648.0694514555555,504.4067078496782
1500.0,3,1.0,15.0,15.0,100,791.2164018666666,593.8707571479848
1500.0,1,1.0,15.0,15.0,200,720.8714981111111,578.6692322976887
1500.0,3,1.0,15.0,15.0,200,853.3647416888889,651.4222027241883
1500.0,1,1.0,15.0,15.0,300,722.8832319191919,574.3005557434499
1500.0,3,1.0,15.0,15.0,300,928.605474006734,713.4972919413875
1500.0,1,1.0,15.0,15.0,400,740.8002407111111,617.4425046826304
1500.0,3,1.0,15.0,15.0,400,937.7791170222222,737.9365920742929
1500.0,1,1.0,15.0,15.0,500,745.9412685,617.8498890099972
1500.0,3,1.0,15.0,15.0,500,867.5141441111111,661.2350772978208
1500.0,1,1.0,15.0,15.0,700,754.412813015873,599.2778608531667
1500.0,3,1.0,15.0,15.0,700,960.0067351587302,736.1178605038812
500.0,1,1.0,15.0,15.0,1000,528.9694157777777,459.8384453483457
500.0,3,1.0,15.0,15.0,1000,764.1272753333334,639.1692195207518
500.0,1,1.0,15.0,15.0,100,429.3300558444444,355.38317360231184
500.0,3,1.0,15.0,15.0,100,641.2888403222222,510.58711911631957
500.0,1,1.0,15.0,15.0,200,472.7850116,403.30690028963295
500.0,3,1.0,15.0,15.0,200,716.8106002222222,584.6649531100621
500.0,1,1.0,15.0,15.0,300,483.6993775757576,412.8519226646632
500.0,3,1.0,15.0,15.0,300,725.169698047138,598.8621922736156
500.0,1,1.0,15.0,15.0,400,495.25321288888887,420.1794587961852
500.0,3,1.0,15.0,15.0,400,769.1083058222222,622.5394120535867
500.0,1,1.0,15.0,15.0,500,492.5830286111111,425.3041821423878
500.0,3,1.0,15.0,15.0,500,760.646394,597.8251098196762
500.0,1,1.0,15.0,15.0,700,500.8559934920635,431.6169790510352
500.0,3,1.0,15.0,15.0,700,762.5708426190477,617.0405907552414
1500.0,0.33,1.0,1500.0,1.0,100,434.83040525555555,358.7221953986908
1500.0,1,1.0,1500.0,1.0,100,643.3203538,504.8583647898118
1500.0,3,1.0,1500.0,1.0,100,757.9265445777778,573.6190103944443
166.0,0.33,1.0,1500.0,1.0,100,96.41075113333333,91.03111999967565
166.0,1,1.0,1500.0,1.0,100,230.17081751111112,204.84672643971334
166.0,3,1.0,1500.0,1.0,100,437.7839582111111,362.61393442135454
500.0,0.33,1.0,1500.0,1.0,100,229.47648513333334,204.01423424159535
500.0,1,1.0,1500.0,1.0,100,432.30104104444445,354.2292331633112
500.0,3,1.0,1500.0,1.0,100,641.1348485777778,507.35408148600237
1500.0,0.33,1.0,1500.0,150.0,100,435.28592016666664,362.4311993745121
1500.0,1,1.0,1500.0,150.0,100,641.5561030666667,513.869481562867
1500.0,3,1.0,1500.0,150.0,100,793.7182882222222,633.8379127093816
166.0,0.33,1.0,1500.0,150.0,100,95.65381136666667,90.21265771188249
166.0,1,1.0,1500.0,150.0,100,227.72049872222223,199.5689656474735
166.0,3,1.0,1500.0,150.0,100,442.00082376666666,365.54603352136
500.0,0.33,1.0,1500.0,150.0,100,229.39787944444444,203.51229376661163
500.0,1,1.0,1500.0,150.0,100,434.2851435888889,362.8565655010724
500.0,3,1.0,1500.0,150.0,100,657.9717810888889,524.9264515642852
1500.0,0.33,1.0,1500.0,3.0,100,431.7494426888889,356.12489360776954
1500.0,1,1.0,1500.0,3.0,100,634.2893629,493.2116389917004
1500.0,3,1.0,1500.0,3.0,100,790.4105178555556,587.4228401323027
166.0,0.33,1.0,1500.0,3.0,100,95.48543566666666,89.89521794197789
166.0,1,1.0,1500.0,3.0,100,230.1343195888889,206.23954397709795
166.0,3,1.0,1500.0,3.0,100,433.4134874,359.1036291746333
500.0,0.33,1.0,1500.0,3.0,100,229.52081991111112,203.8368684712202
500.0,1,1.0,1500.0,3.0,100,434.68721216666665,358.8261888213102
500.0,3,1.0,1500.0,3.0,100,636.7742440888888,515.3941710824423
1500.0,0.33,1.0,30.0,1.0,100,437.9729450111111,364.9475898935121
1500.0,1,1.0,30.0,1.0,100,639.0673392666666,499.19225307755516
1500.0,3,1.0,30.0,1.0,100,764.6278222444445,580.8025288446704
166.0,0.33,1.0,30.0,1.0,100,96.10073874444444,91.00947882491761
166.0,1,1.0,30.0,1.0,100,229.02005667777777,201.18298668974825
166.0,3,1.0,30.0,1.0,100,431.09172902222224,357.91933536909335
500.0,0.33,1.0,30.0,1.0,100,229.86473193333333,203.98579634484105
500.0,1,1.0,30.0,1.0,100,432.79384387777776,356.34170740599495
500.0,3,1.0,30.0,1.0,100,635.3151611777778,510.38281043568924
1500.0,0.33,1.0,30.0,150.0,100,434.51233742222223,360.36923758144627
1500.0,1,1.0,30.0,150.0,100,639.4859883444444,511.69862570426113
1500.0,3,1.0,30.0,150.0,100,764.9578950222223,589.8233093635711
166.0,0.33,1.0,30.0,150.0,100,95.83878678888888,90.768053998949
166.0,1,1.0,30.0,150.0,100,227.57391904444444,202.09185372376635
166.0,3,1.0,30.0,150.0,100,428.40352222222225,355.8998772192893
500.0,0.33,1.0,30.0,150.0,100,228.99253735555556,203.8934688627538
500.0,1,1.0,30.0,150.0,100,436.26240507777777,367.75015517408593
500.0,3,1.0,30.0,150.0,100,625.8842389666667,499.33223027556716
1500.0,0.33,1.0,30.0,3.0,100,426.8930334777778,353.7318892138459
1500.0,1,1.0,30.0,3.0,100,622.6011324555556,501.32730803999357
1500.0,3,1.0,30.0,3.0,100,785.8953312333333,599.1367064671327
166.0,0.33,1.0,30.0,3.0,100,95.42030238888889,90.00615048417342
166.0,1,1.0,30.0,3.0,100,229.37169988888888,202.87224328706446
166.0,3,1.0,30.0,3.0,100,433.8010663777778,357.8393874881313
500.0,0.33,1.0,30.0,3.0,100,230.2331499,204.9879264394799
500.0,1,1.0,30.0,3.0,100,437.00265213333336,365.4558311091773
500.0,3,1.0,30.0,3.0,100,643.3215085,507.6859049310855
