lifetime,velocity,clife,cof,loopsize
500,1,1,1.0,999.5
500,1,1.5,1.0,999.0999999999999
500,1,3,1.0,997.75
500,1,5,1.0,995.8333333333334
500,1,10,1.0,990.9090909090909
500,1,15,1.0,985.9375
500,1,30,1.0,970.9677419354839
500,1,50,1.0,950.9803921568628
500,1,100,1.0,900.990099009901
500,1,150,1.0,850.9933774834436
500,1,500,1.0,545.9081836327346
500,1,1000,1.0,423.0769230769231
500,1,1500,1.0,382.0786142571619
500,1,5000,1.0,324.6350729854029
500,1,10000,1.0,312.3187681231877
500,1,15000,1.0,308.2127858142791
500,1,50000,1.0,302.46395072098557
500,1,150000,1.0,300.82132785781425
1500,1,1,1.0,2999.5
1500,1,1.5,1.0,2999.1
1500,1,3,1.0,2997.75
1500,1,5,1.0,2995.8333333333335
1500,1,10,1.0,2990.909090909091
1500,1,15,1.0,2985.9375
1500,1,30,1.0,2970.967741935484
1500,1,50,1.0,2950.9803921568628
1500,1,100,1.0,2900.990099009901
1500,1,150,1.0,2850.9933774834435
1500,1,500,1.0,2500.998003992016
1500,1,1000,1.0,2000.999000999001
1500,1,1500,1.0,1515.989340439707
1500,1,5000,1.0,664.9670065986802
1500,1,10000,1.0,482.5017498250175
1500,1,15000,1.0,421.6718885407639
1500,1,50000,1.0,336.50326993460135
1500,1,150000,1.0,312.1679188805408
500,1,1,1.5,999.6
500,1,1.5,1.5,999.25
500,1,3,1.5,997.9999999999999
500,1,5,1.5,996.1538461538462
500,1,10,1.5,991.304347826087
500,1,15,1.5,986.3636363636364
500,1,30,1.5,971.4285714285713
500,1,50,1.5,951.4563106796118
500,1,100,1.5,901.4778325123152
500,1,150,1.5,851.4851485148515
500,1,500,1.5,546.3609172482552
500,1,1000,1.5,423.36495257114325
500,1,1500,1.5,382.2843822843823
500,1,5000,1.5,324.702589223233
500,1,10000,1.5,312.3531470279458
500,1,15000,1.5,308.23584308235843
500,1,50000,1.5,302.47092587222386
500,1,150000,1.5,300.82365843008233
1500,1,1,1.5,2999.6000000000004
1500,1,1.5,1.5,2999.25
1500,1,3,1.5,2998.0
1500,1,5,1.5,2996.1538461538466
1500,1,10,1.5,2991.304347826087
1500,1,15,1.5,2986.3636363636365
1500,1,30,1.5,2971.428571428571
1500,1,50,1.5,2951.4563106796118
1500,1,100,1.5,2901.477832512315
1500,1,150,1.5,2851.4851485148515
1500,1,500,1.5,2501.495513459621
1500,1,1000,1.5,2001.497753369945
1500,1,1500,1.5,1516.4835164835163
1500,1,5000,1.5,665.2004398680397
1500,1,10000,1.5,482.6276058591211
1500,1,15000,1.5,421.7578242175782
1500,1,50000,1.5,336.5299041028769
1500,1,150000,1.5,312.17687823121764
500,1,1,3,999.75
500,1,1.5,3,999.5
500,1,3,3,998.5
500,1,5,3,996.875
500,1,10,3,992.3076923076924
500,1,15,3,987.5
500,1,30,3,972.7272727272727
500,1,50,3,952.8301886792452
500,1,100,3,902.9126213592233
500,1,150,3,852.9411764705883
500,1,500,3,547.713717693837
500,1,1000,3,424.22731804586243
500,1,1500,3,382.9008649367931
500,1,5000,3,324.9050569658205
500,1,10000,3,312.45626312106367
500,1,15000,3,308.3050056655336
500,1,50000,3,302.4918504889706
500,1,150000,3,300.8306500536656
1500,1,1,3,2999.75
1500,1,1.5,3,2999.5
1500,1,3,3,2998.5
1500,1,5,3,2996.875
1500,1,10,3,2992.3076923076924
1500,1,15,3,2987.5
1500,1,30,3,2972.7272727272725
1500,1,50,3,2952.830188679245
1500,1,100,3,2902.9126213592235
1500,1,150,3,2852.9411764705883
1500,1,500,3,2502.982107355865
1500,1,1000,3,2002.9910269192424
1500,1,1500,3,1517.9640718562875
1500,1,5000,3,665.9004597241656
1500,1,10000,3,483.00509847045885
1500,1,15000,3,422.0155968806239
1500,1,50000,3,336.60980341179527
1500,1,150000,3,312.20375592488153
500,1,1,5.0,999.8333333333334
500,1,1.5,5.0,999.6538461538462
500,1,3,5.0,998.875
500,1,5,5.0,997.5
500,1,10,5.0,993.3333333333333
500,1,15,5.0,988.75
500,1,30,5.0,974.2857142857142
500,1,50,5.0,954.5454545454545
500,1,100,5.0,904.7619047619048
500,1,150,5.0,854.8387096774193
500,1,500,5.0,549.5049504950496
500,1,1000,5.0,425.3731343283582
500,1,1500,5.0,383.72093023255815
500,1,5000,5.0,325.1748251748252
500,1,10000,5.0,312.5937031484258
500,1,15000,5.0,308.39720093302236
500,1,50000,5.0,302.5197480251975
500,1,150000,5.0,300.8399720009333
1500,1,1,5.0,2999.8333333333335
1500,1,1.5,5.0,2999.6538461538466
1500,1,3,5.0,2998.875
1500,1,5,5.0,2997.5
1500,1,10,5.0,2993.333333333333
1500,1,15,5.0,2988.75
1500,1,30,5.0,2974.285714285714
1500,1,50,5.0,2954.5454545454545
1500,1,100,5.0,2904.7619047619046
1500,1,150,5.0,2854.8387096774195
1500,1,500,5.0,2504.950495049505
1500,1,1000,5.0,2004.9751243781097
1500,1,1500,5.0,1519.9335548172758
1500,1,5000,5.0,666.8331668331668
1500,1,10000,5.0,483.5082458770614
1500,1,15000,5.0,422.35921359546813
1500,1,50000,5.0,336.71632836716327
1500,1,150000,5.0,312.2395920135995
500,1,1,10.0,999.9090909090909
500,1,1.5,10.0,999.8043478260869
500,1,3,10.0,999.3076923076924
500,1,5,10.0,998.3333333333333
500,1,10,10.0,995.0
500,1,15,10.0,991.0
500,1,30,10.0,977.5
500,1,50,10.0,958.3333333333334
500,1,100,10.0,909.090909090909
500,1,150,10.0,859.375
500,1,500,10.0,553.921568627451
500,1,1000,10.0,428.21782178217825
500,1,1500,10.0,385.7615894039735
500,1,5000,10.0,325.8483033932136
500,1,10000,10.0,312.93706293706293
500,1,15000,10.0,308.6275816122585
500,1,50000,10.0,302.5894821035793
500,1,150000,10.0,300.86327578161456
1500,1,1,10.0,2999.909090909091
1500,1,1.5,10.0,2999.8043478260865
1500,1,3,10.0,2999.3076923076924
1500,1,5,10.0,2998.333333333333
1500,1,10,10.0,2995.0
1500,1,15,10.0,2991.0
1500,1,30,10.0,2977.5
1500,1,50,10.0,2958.3333333333335
1500,1,100,10.0,2909.090909090909
1500,1,150,10.0,2859.375
1500,1,500,10.0,2509.8039215686276
1500,1,1000,10.0,2009.90099009901
1500,1,1500,10.0,1524.8344370860927
1500,1,5000,10.0,669.1616766467066
1500,1,10000,10.0,484.76523476523477
1500,1,15000,10.0,423.217854763491
1500,1,50000,10.0,336.98260347930415
1500,1,150000,10.0,312.32917805479633
500,1,1,15,999.9375
500,1,1.5,15,999.8636363636364
500,1,3,15,999.5
500,1,5,15,998.75
500,1,10,15,996.0
500,1,15,15,992.5
500,1,30,15,979.9999999999999
500,1,50,15,961.5384615384615
500,1,100,15,913.0434782608695
500,1,150,15,863.6363636363636
500,1,500,15,558.252427184466
500,1,1000,15,431.0344827586207
500,1,1500,15,387.7887788778878
500,1,5000,15,326.52043868394816
500,1,10000,15,313.2800798801797
500,1,15000,15,308.85780885780883
500,1,50000,15,302.6592022393282
500,1,150000,15,300.8865780088658
1500,1,1,15,2999.9375
1500,1,1.5,15,2999.8636363636365
1500,1,3,15,2999.5
1500,1,5,15,2998.75
1500,1,10,15,2996.0
1500,1,15,15,2992.5
1500,1,30,15,2980.0
1500,1,50,15,2961.538461538462
1500,1,100,15,2913.043478260869
1500,1,150,15,2863.6363636363635
1500,1,500,15,2514.5631067961167
1500,1,1000,15,2014.7783251231526
1500,1,1500,15,1529.7029702970299
1500,1,5000,15,671.4855433698904
1500,1,10000,15,486.0209685471792
1500,1,15000,15,424.07592407592404
1500,1,50000,15,337.2488253523943
1500,1,150000,15,312.41875812418755
500,1,1,30,999.9677419354839
500,1,1.5,30,999.9285714285713
500,1,3,30,999.7272727272727
500,1,5,30,999.2857142857142
500,1,10,30,997.5
500,1,15,30,995.0
500,1,30,30,985.0
500,1,50,30,968.75
500,1,100,30,923.0769230769231
500,1,150,30,875.0
500,1,500,30,570.7547169811321
500,1,1000,30,439.3203883495146
500,1,1500,30,393.7908496732026
500,1,5000,30,328.52882703777334
500,1,10000,30,314.3070787637089
500,1,15000,30,309.54757152361947
500,1,50000,30,302.86827903258046
500,1,150000,30,300.9564753715924
1500,1,1,30,2999.967741935484
1500,1,1.5,30,2999.928571428571
1500,1,3,30,2999.7272727272725
1500,1,5,30,2999.285714285714
1500,1,10,30,2997.5
1500,1,15,30,2995.0
1500,1,30,30,2985.0
1500,1,50,30,2968.75
1500,1,100,30,2923.076923076923
1500,1,150,30,2875.0
1500,1,500,30,2528.3018867924525
1500,1,1000,30,2029.1262135922332
1500,1,1500,30,1544.1176470588234
1500,1,5000,30,678.4294234592445
1500,1,10000,30,489.7806580259222
1500,1,15000,30,426.6467065868263
1500,1,50000,30,338.04717169698176
1500,1,150000,30,312.6874625074985
500,1,1,50,999.9803921568628
500,1,1.5,50,999.9563106796116
500,1,3,50,999.8301886792453
500,1,5,50,999.5454545454545
500,1,10,50,998.3333333333334
500,1,15,50,996.5384615384615
500,1,30,50,988.75
500,1,50,50,975.0
500,1,100,50,933.3333333333333
500,1,150,50,887.5
500,1,500,50,586.3636363636364
500,1,1000,50,450.0
500,1,1500,50,401.61290322580646
500,1,5000,50,331.18811881188117
500,1,10000,50,315.6716417910448
500,1,15000,50,310.4651162790698
500,1,50000,50,303.1468531468531
500,1,150000,50,301.0496501166278
1500,1,1,50,2999.9803921568628
1500,1,1.5,50,2999.9563106796118
1500,1,3,50,2999.8301886792456
1500,1,5,50,2999.5454545454545
1500,1,10,50,2998.3333333333335
1500,1,15,50,2996.538461538462
1500,1,30,50,2988.75
1500,1,50,50,2975.0
1500,1,100,50,2933.333333333333
1500,1,150,50,2887.5
1500,1,500,50,2545.4545454545455
1500,1,1000,50,2047.6190476190477
1500,1,1500,50,1562.9032258064517
1500,1,5000,50,687.6237623762377
1500,1,10000,50,494.7761194029851
1500,1,15000,50,430.06644518272424
1500,1,50000,50,339.1108891108891
1500,1,150000,50,313.0456514495168
500,1,1,100,999.990099009901
500,1,1.5,100,999.9778325123153
500,1,3,100,999.9126213592233
500,1,5,100,999.7619047619047
500,1,10,100,999.0909090909091
500,1,15,100,998.0434782608695
500,1,30,100,993.0769230769231
500,1,50,100,983.3333333333333
500,1,100,100,950.0
500,1,150,100,910.0
500,1,500,100,620.8333333333333
500,1,1000,100,475.0
500,1,1500,100,420.3125
500,1,5000,100,337.7450980392157
500,1,10000,100,319.05940594059405
500,1,15000,100,312.74834437086093
500,1,50000,100,303.8423153692615
500,1,150000,100,301.2824783477681
1500,1,1,100,2999.990099009901
1500,1,1.5,100,2999.977832512315
1500,1,3,100,2999.912621359223
1500,1,5,100,2999.7619047619046
1500,1,10,100,2999.090909090909
1500,1,15,100,2998.0434782608695
1500,1,30,100,2993.0769230769233
1500,1,50,100,2983.333333333333
1500,1,100,100,2950.0
1500,1,150,100,2910.0
1500,1,500,100,2583.3333333333335
1500,1,1000,100,2090.909090909091
1500,1,1500,100,1607.8125
1500,1,5000,100,710.2941176470588
1500,1,10000,100,507.1782178217822
1500,1,15000,100,438.57615894039736
1500,1,50000,100,341.76646706586826
1500,1,150000,100,313.94070619586944
500,1,1,150,999.9933774834437
500,1,1.5,150,999.9851485148515
500,1,3,150,999.9411764705882
500,1,5,150,999.8387096774194
500,1,10,150,999.375
500,1,15,150,998.6363636363636
500,1,30,150,995.0
500,1,50,150,987.5
500,1,100,150,960.0
500,1,150,150,925.0
500,1,500,150,650.0
500,1,1000,150,497.82608695652175
500,1,1500,150,437.8787878787879
500,1,5000,150,344.1747572815534
500,1,10000,150,322.4137931034483
500,1,15000,150,315.016501650165
500,1,50000,150,304.5363908275175
500,1,150000,150,301.5151515151515
1500,1,1,150,2999.9933774834435
1500,1,1.5,150,2999.9851485148515
1500,1,3,150,2999.9411764705883
1500,1,5,150,2999.8387096774195
1500,1,10,150,2999.375
1500,1,15,150,2998.6363636363635
1500,1,30,150,2995.0
1500,1,50,150,2987.5
1500,1,100,150,2960.0
1500,1,150,150,2925.0
1500,1,500,150,2615.3846153846152
1500,1,1000,150,2130.4347826086955
1500,1,1500,150,1650.0
1500,1,5000,150,732.5242718446602
1500,1,10000,150,519.4581280788177
1500,1,15000,150,447.029702970297
1500,1,50000,150,344.4167497507478
1500,1,150000,150,314.83516483516485
500,1,1,500,999.9980039920159
500,1,1.5,500,999.9955134596212
500,1,3,500,999.9821073558649
500,1,5,500,999.950495049505
500,1,10,500,999.8039215686274
500,1,15,500,999.5631067961166
500,1,30,500,998.3018867924528
500,1,50,500,995.4545454545455
500,1,100,500,983.3333333333334
500,1,150,500,965.3846153846154
500,1,500,500,772.5
500,1,1000,500,614.9999999999999
500,1,1500,500,536.25
500,1,5000,500,385.9090909090909
500,1,10000,500,345.0
500,1,15000,500,330.4838709677419
500,1,50000,500,309.35643564356434
500,1,150000,500,303.1395348837209
1500,1,1,500,2999.998003992016
1500,1,1.5,500,2999.995513459621
1500,1,3,500,2999.9821073558646
1500,1,5,500,2999.9504950495048
1500,1,10,500,2999.803921568627
1500,1,15,500,2999.5631067961162
1500,1,30,500,2998.301886792453
1500,1,50,500,2995.4545454545455
1500,1,100,500,2983.3333333333335
1500,1,150,500,2965.3846153846157
1500,1,500,500,2750.0
1500,1,1000,500,2333.333333333333
1500,1,1500,500,1886.25
1500,1,5000,500,876.8181818181818
1500,1,10000,500,602.1428571428571
1500,1,15000,500,504.6774193548388
1500,1,50000,500,362.8217821782178
1500,1,150000,500,321.0797342192691
500,1,1,1000,999.999000999001
500,1,1.5,1000,999.997753369945
500,1,3,1000,999.9910269192424
500,1,5,1000,999.9751243781094
500,1,10,1000,999.90099009901
500,1,15,1000,999.7783251231527
500,1,30,1000,999.1262135922331
500,1,50,1000,997.6190476190476
500,1,100,1000,990.9090909090909
500,1,150,1000,980.4347826086956
500,1,500,1000,848.3333333333333
500,1,1000,1000,711.25
500,1,1500,1000,629.0
500,1,5000,1000,437.0833333333333
500,1,10000,1000,374.77272727272725
500,1,15000,1000,351.40625
500,1,50000,1000,316.12745098039215
500,1,150000,1000,305.44701986754967
1500,1,1,1000,2999.999000999001
1500,1,1.5,1000,2999.997753369945
1500,1,3,1000,2999.9910269192424
1500,1,5,1000,2999.9751243781097
1500,1,10,1000,2999.90099009901
1500,1,15,1000,2999.7783251231526
1500,1,30,1000,2999.126213592233
1500,1,50,1000,2997.6190476190473
1500,1,100,1000,2990.909090909091
1500,1,150,1000,2980.4347826086955
1500,1,500,1000,2833.333333333333
1500,1,1000,1000,2500.0
1500,1,1500,1000,2109.0
1500,1,5000,1000,1053.75
1500,1,10000,1000,711.1363636363636
1500,1,15000,1000,582.65625
1500,1,50000,1000,388.6764705882353
1500,1,150000,1000,329.9503311258278
500,1,1,1500,999.9993337774816
500,1,1.5,1500,999.9985014985015
500,1,3,1500,999.9940119760478
500,1,5,1500,999.9833887043189
500,1,10,1500,999.9337748344371
500,1,15,1500,999.8514851485148
500,1,30,1500,999.4117647058823
500,1,50,1500,998.3870967741937
500,1,100,1500,993.75
500,1,150,1500,986.3636363636364
500,1,500,1500,886.25
500,1,1000,1500,769.0
500,1,1500,1500,690.8333333333334
500,1,5000,1500,480.3846153846154
500,1,10000,1500,401.95652173913044
500,1,15000,1500,371.06060606060606
500,1,50000,1500,322.7669902912621
500,1,150000,1500,307.73927392739273
1500,1,1,1500,2999.9993337774813
1500,1,1.5,1500,2999.9985014985014
1500,1,3,1500,2999.994011976048
1500,1,5,1500,2999.9833887043187
1500,1,10,1500,2999.933774834437
1500,1,15,1500,2999.8514851485147
1500,1,30,1500,2999.4117647058824
1500,1,50,1500,2998.3870967741937
1500,1,100,1500,2993.75
1500,1,150,1500,2986.3636363636365
1500,1,500,1500,2875.0
1500,1,1000,1500,2600.0
1500,1,1500,1500,2257.5
1500,1,5000,1500,1203.4615384615386
1500,1,10000,1500,810.6521739130435
1500,1,15000,1500,655.909090909091
1500,1,50000,1500,414.02912621359224
1500,1,150000,1500,338.76237623762376
500,1,1,5000,999.999800039992
500,1,1.5,5000,999.9995501349595
500,1,3,5000,999.9982010793525
500,1,5,5000,999.995004995005
500,1,10,5000,999.9800399201596
500,1,15,5000,999.9551345962115
500,1,30,5000,999.8210735586482
500,1,50,5000,999.5049504950495
500,1,100,5000,998.0392156862745
500,1,150,5000,995.6310679611651
500,1,500,5000,958.6363636363636
500,1,1000,5000,903.75
500,1,1500,5000,857.3076923076923
500,1,5000,5000,662.25
500,1,10000,5000,541.4999999999999
500,1,15000,5000,481.125
500,1,50000,5000,365.8636363636364
500,1,150000,5000,323.3709677419355
1500,1,1,5000,2999.999800039992
1500,1,1.5,5000,2999.9995501349595
1500,1,3,5000,2999.9982010793524
1500,1,5,5000,2999.995004995005
1500,1,10,5000,2999.9800399201595
1500,1,15,5000,2999.9551345962113
1500,1,30,5000,2999.821073558648
1500,1,50,5000,2999.5049504950493
1500,1,100,5000,2998.0392156862745
1500,1,150,5000,2995.631067961165
1500,1,500,5000,2954.5454545454545
1500,1,1000,5000,2833.3333333333335
1500,1,1500,5000,2657.3076923076924
1500,1,5000,5000,1832.25
1500,1,10000,5000,1321.5
1500,1,15000,5000,1066.125
1500,1,50000,5000,578.5909090909091
1500,1,150000,5000,398.85483870967744
500,1,1,10000,999.999900009999
500,1,1.5,10000,999.9997750337449
500,1,3,10000,999.9991002699189
500,1,5,10000,999.9975012493753
500,1,10,10000,999.99000999001
500,1,15,10000,999.9775336994508
500,1,30,10000,999.9102691924228
500,1,50,10000,999.7512437810946
500,1,100,10000,999.009900990099
500,1,150,10000,997.7832512315272
500,1,500,10000,978.3333333333333
500,1,1000,10000,947.5
500,1,1500,10000,919.3478260869565
500,1,5000,10000,774.8333333333333
500,1,10000,10000,656.125
500,1,15000,10000,584.9
500,1,50000,10000,418.7083333333333
500,1,150000,10000,344.515625
1500,1,1,10000,2999.999900009999
1500,1,1.5,10000,2999.9997750337448
1500,1,3,10000,2999.999100269919
1500,1,5,10000,2999.9975012493755
1500,1,10,10000,2999.99000999001
1500,1,15,10000,2999.9775336994508
1500,1,30,10000,2999.9102691924227
1500,1,50,10000,2999.7512437810947
1500,1,100,10000,2999.0099009900987
1500,1,150,10000,2997.783251231527
1500,1,500,10000,2976.1904761904757
1500,1,1000,10000,2909.090909090909
1500,1,1500,10000,2806.3043478260865
1500,1,5000,10000,2221.5
1500,1,10000,10000,1741.125
1500,1,15000,10000,1452.9
1500,1,50000,10000,780.375
1500,1,150000,10000,480.140625
500,1,1,15000,999.9999333377775
500,1,1.5,15000,999.9998500149985
500,1,3,15000,999.999400119976
500,1,5,15000,999.9983338887038
500,1,10,15000,999.9933377748167
500,1,15,15000,999.985014985015
500,1,30,15000,999.940119760479
500,1,50,15000,999.8338870431893
500,1,100,15000,999.3377483443709
500,1,150,15000,998.5148514851485
500,1,500,15000,985.3225806451613
500,1,1000,15000,963.90625
500,1,1500,15000,943.7878787878788
500,1,5000,15000,831.125
500,1,10000,15000,724.9
500,1,15000,15000,654.0833333333334
500,1,50000,15000,463.4230769230769
500,1,150000,15000,364.3787878787879
1500,1,1,15000,2999.9999333377777
1500,1,1.5,15000,2999.9998500149986
1500,1,3,15000,2999.999400119976
1500,1,5,15000,2999.9983338887037
1500,1,10,15000,2999.9933377748166
1500,1,15,15000,2999.985014985015
1500,1,30,15000,2999.940119760479
1500,1,50,15000,2999.833887043189
1500,1,100,15000,2999.337748344371
1500,1,150,15000,2998.5148514851485
1500,1,500,15000,2983.8709677419356
1500,1,1000,15000,2937.5
1500,1,1500,15000,2865.0
1500,1,5000,15000,2416.125
1500,1,10000,15000,1992.9
1500,1,15000,15000,1710.75
1500,1,50000,15000,951.1153846153846
1500,1,150000,15000,556.5
500,3,1,1.0,2998.5
500,3,1.5,1.0,2997.3
500,3,3,1.0,2993.25
500,3,5,1.0,2987.5
500,3,10,1.0,2972.7272727272725
500,3,15,1.0,2957.8125
500,3,30,1.0,2912.9032258064517
500,3,50,1.0,2852.9411764705883
500,3,100,1.0,2702.970297029703
500,3,150,1.0,2552.980132450331
500,3,500,1.0,1517.9640718562873
500,3,1000,1.0,909.5904095904095
500,3,1500,1.0,706.528980679547
500,3,5000,1.0,422.0155968806239
500,3,10000,1.0,361.013898610139
500,3,15000,1.0,340.67728818078797
500,3,50000,1.0,312.20375592488153
500,3,150000,1.0,304.0679728801808
1500,3,1,1.0,8998.5
1500,3,1.5,1.0,8997.3
1500,3,3,1.0,8993.25
1500,3,5,1.0,8987.5
1500,3,10,1.0,8972.727272727272
1500,3,15,1.0,8957.8125
1500,3,30,1.0,8912.90322580645
1500,3,50,1.0,8852.941176470587
1500,3,100,1.0,8702.970297029704
1500,3,150,1.0,8552.98013245033
1500,3,500,1.0,7502.994011976049
1500,3,1000,1.0,6002.997002997003
1500,3,1500,1.0,4507.994670219853
1500,3,5000,1.0,1562.987402519496
1500,3,10000,1.0,931.5568443155685
1500,3,15000,1.0,721.0519298713418
1500,3,50000,1.0,426.3214735705286
1500,3,150000,1.0,342.1077192818715
500,3,1,1.5,2998.8
500,3,1.5,1.5,2997.75
500,3,3,1.5,2994.0
500,3,5,1.5,2988.461538461539
500,3,10,1.5,2973.913043478261
500,3,15,1.5,2959.090909090909
500,3,30,1.5,2914.2857142857138
500,3,50,1.5,2854.368932038835
500,3,100,1.5,2704.4334975369457
500,3,150,1.5,2554.4554455445545
500,3,500,1.5,1519.4416749750749
500,3,1000,1.5,910.6340489266101
500,3,1500,1.5,707.2927072927073
500,3,5000,1.5,422.27331800459865
500,3,10000,1.5,361.1458281257811
500,3,15000,1.5,340.7659234076592
500,3,50000,1.5,312.23063308100757
500,3,150000,1.5,304.0769592304077
1500,3,1,1.5,8998.8
1500,3,1.5,1.5,8997.75
1500,3,3,1.5,8994.0
1500,3,5,1.5,8988.461538461539
1500,3,10,1.5,8973.91304347826
1500,3,15,1.5,8959.090909090908
1500,3,30,1.5,8914.285714285712
1500,3,50,1.5,8854.368932038835
1500,3,100,1.5,8704.433497536946
1500,3,150,1.5,8554.455445544554
1500,3,500,1.5,7504.4865403788635
1500,3,1000,1.5,6004.493260109835
1500,3,1500,1.5,4509.49050949051
1500,3,5000,1.5,1563.7308807357795
1500,3,10000,1.5,931.9602059691045
1500,3,15000,1.5,721.3278672132788
1500,3,50000,1.5,426.40720778376647
1500,3,150000,1.5,342.1365786342136
500,3,1,3,2999.25
500,3,1.5,3,2998.5
500,3,3,3,2995.5
500,3,5,3,2990.625
500,3,10,3,2976.923076923077
500,3,15,3,2962.5
500,3,30,3,2918.181818181818
500,3,50,3,2858.4905660377353
500,3,100,3,2708.73786407767
500,3,150,3,2558.8235294117644
500,3,500,3,1523.8568588469184
500,3,1000,3,913.7587238285145
500,3,1500,3,709.5808383233532
500,3,5000,3,423.046172296622
500,3,10000,3,361.5415375387384
500,3,15000,3,341.03179364127175
500,3,50000,3,312.3112613243205
500,3,150000,3,304.1039179216416
1500,3,1,3,8999.25
1500,3,1.5,3,8998.5
1500,3,3,3,8995.5
1500,3,5,3,8990.625
1500,3,10,3,8976.923076923078
1500,3,15,3,8962.5
1500,3,30,3,8918.181818181818
1500,3,50,3,8858.490566037735
1500,3,100,3,8708.73786407767
1500,3,150,3,8558.823529411764
1500,3,500,3,7508.946322067595
1500,3,1000,3,6008.973080757727
1500,3,1500,3,4513.972055888224
1500,3,5000,3,1565.9604237457527
1500,3,10000,3,933.1700489853044
1500,3,15000,3,722.1555688862228
1500,3,50000,3,426.66440013599185
1500,3,150000,3,342.22315553688924
500,3,1,5.0,2999.5
500,3,1.5,5.0,2998.9615384615386
500,3,3,5.0,2996.625
500,3,5,5.0,2992.5
500,3,10,5.0,2980.0
500,3,15,5.0,2966.25
500,3,30,5.0,2922.8571428571427
500,3,50,5.0,2863.6363636363635
500,3,100,5.0,2714.2857142857138
500,3,150,5.0,2564.516129032258
500,3,500,5.0,1529.7029702970299
500,3,1000,5.0,917.910447761194
500,3,1500,5.0,712.6245847176081
500,3,5000,5.0,424.07592407592404
500,3,10000,5.0,362.0689655172414
500,3,15000,5.0,341.38620459846715
500,3,50000,5.0,312.41875812418755
500,3,150000,5.0,304.1398620045998
1500,3,1,5.0,8999.5
1500,3,1.5,5.0,8998.961538461539
1500,3,3,5.0,8996.625
1500,3,5,5.0,8992.5
1500,3,10,5.0,8980.0
1500,3,15,5.0,8966.25
1500,3,30,5.0,8922.857142857141
1500,3,50,5.0,8863.636363636364
1500,3,100,5.0,8714.285714285714
1500,3,150,5.0,8564.516129032258
1500,3,500,5.0,7514.851485148515
1500,3,1000,5.0,6014.925373134329
1500,3,1500,5.0,4519.933554817276
1500,3,5000,5.0,1568.931068931069
1500,3,10000,5.0,934.7826086956522
1500,3,15000,5.0,723.2589136954348
1500,3,50000,5.0,427.00729927007296
1500,3,150000,5.0,342.33858871370956
500,3,1,10.0,2999.7272727272725
500,3,1.5,10.0,2999.413043478261
500,3,3,10.0,2997.923076923077
500,3,5,10.0,2995.0
500,3,10,10.0,2985.0
500,3,15,10.0,2973.0
500,3,30,10.0,2932.5
500,3,50,10.0,2875.0
500,3,100,10.0,2727.272727272727
500,3,150,10.0,2578.125
500,3,500,10.0,1544.1176470588236
500,3,1000,10.0,928.2178217821782
500,3,1500,10.0,720.1986754966888
500,3,5000,10.0,426.6467065868263
500,3,10000,10.0,363.38661338661336
500,3,15000,10.0,342.271818787475
500,3,50000,10.0,312.6874625074985
500,3,150000,10.0,304.22971801879874
1500,3,1,10.0,8999.727272727272
1500,3,1.5,10.0,8999.41304347826
1500,3,3,10.0,8997.923076923078
1500,3,5,10.0,8995.0
1500,3,10,10.0,8985.0
1500,3,15,10.0,8973.0
1500,3,30,10.0,8932.5
1500,3,50,10.0,8875.0
1500,3,100,10.0,8727.272727272728
1500,3,150,10.0,8578.125
1500,3,500,10.0,7529.411764705882
1500,3,1000,10.0,6029.702970297029
1500,3,1500,10.0,4534.76821192053
1500,3,5000,10.0,1576.3473053892214
1500,3,10000,10.0,938.8111888111888
1500,3,15000,10.0,726.0159893404398
1500,3,50000,10.0,427.8644271145771
1500,3,150000,10.0,342.627158189454
500,3,1,15,2999.8125
500,3,1.5,15,2999.590909090909
500,3,3,15,2998.5
500,3,5,15,2996.25
500,3,10,15,2988.0
500,3,15,15,2977.5
500,3,30,15,2940.0
500,3,50,15,2884.6153846153848
500,3,100,15,2739.130434782609
500,3,150,15,2590.909090909091
500,3,500,15,1558.2524271844661
500,3,1000,15,938.423645320197
500,3,1500,15,727.7227722772277
500,3,5000,15,429.2123629112662
500,3,10000,15,364.70294558162755
500,3,15000,15,343.15684315684314
500,3,50000,15,312.9561131660502
500,3,150000,15,304.31956804319566
1500,3,1,15,8999.8125
1500,3,1.5,15,8999.590909090908
1500,3,3,15,8998.5
1500,3,5,15,8996.25
1500,3,10,15,8988.0
1500,3,15,15,8977.5
1500,3,30,15,8940.0
1500,3,50,15,8884.615384615387
1500,3,100,15,8739.130434782608
1500,3,150,15,8590.90909090909
1500,3,500,15,7543.68932038835
1500,3,1000,15,6044.334975369458
1500,3,1500,15,4549.504950495049
1500,3,5000,15,1583.7487537387835
1500,3,10000,15,942.8357463804293
1500,3,15000,15,728.7712287712288
1500,3,50000,15,428.7213835849245
1500,3,150000,15,342.9157084291571
500,3,1,30,2999.9032258064517
500,3,1.5,30,2999.7857142857138
500,3,3,30,2999.181818181818
500,3,5,30,2997.8571428571427
500,3,10,30,2992.5
500,3,15,30,2985.0
500,3,30,30,2955.0
500,3,50,30,2906.25
500,3,100,30,2769.2307692307695
500,3,150,30,2625.0
500,3,500,30,1599.056603773585
500,3,1000,30,968.4466019417475
500,3,1500,30,750.0
500,3,5000,30,436.87872763419483
500,3,10000,30,368.6440677966102
500,3,15000,30,345.80838323353294
500,3,50000,30,313.76174295422743
500,3,150000,30,304.5890821835633
1500,3,1,30,8999.903225806453
1500,3,1.5,30,8999.785714285714
1500,3,3,30,8999.181818181816
1500,3,5,30,8997.857142857141
1500,3,10,30,8992.5
1500,3,15,30,8985.0
1500,3,30,30,8955.0
1500,3,50,30,8906.25
1500,3,100,30,8769.23076923077
1500,3,150,30,8625.0
1500,3,500,30,7584.905660377358
1500,3,1000,30,6087.378640776699
1500,3,1500,30,4593.137254901961
1500,3,5000,30,1605.8648111332009
1500,3,10000,30,954.8853439680956
1500,3,15000,30,737.0259481037924
1500,3,50000,30,431.2912252648411
1500,3,150000,30,343.78124375124975
500,3,1,50,2999.9411764705883
500,3,1.5,50,2999.868932038835
500,3,3,50,2999.490566037736
500,3,5,50,2998.6363636363635
500,3,10,50,2995.0
500,3,15,50,2989.6153846153848
500,3,30,50,2966.25
500,3,50,50,2925.0
500,3,100,50,2800.0
500,3,150,50,2662.5
500,3,500,50,1650.0000000000002
500,3,1000,50,1007.1428571428571
500,3,1500,50,779.0322580645161
500,3,5000,50,447.0297029702971
500,3,10000,50,373.8805970149254
500,3,15000,50,349.3355481727575
500,3,50000,50,314.83516483516485
500,3,150000,50,304.9483505498167
1500,3,1,50,8999.941176470587
1500,3,1.5,50,8999.868932038835
1500,3,3,50,8999.490566037735
1500,3,5,50,8998.636363636362
1500,3,10,50,8995.0
1500,3,15,50,8989.615384615385
1500,3,30,50,8966.25
1500,3,50,50,8925.0
1500,3,100,50,8800.0
1500,3,150,50,8662.5
1500,3,500,50,7636.363636363636
1500,3,1000,50,6142.857142857141
1500,3,1500,50,4650.0
1500,3,5000,50,1635.1485148514853
1500,3,10000,50,970.8955223880596
1500,3,15000,50,748.0066445182724
1500,3,50000,50,434.7152847152847
1500,3,150000,50,344.9350216594469
500,3,1,100,2999.970297029703
500,3,1.5,100,2999.933497536946
500,3,3,100,2999.7378640776697
500,3,5,100,2999.2857142857138
500,3,10,100,2997.272727272727
500,3,15,100,2994.130434782609
500,3,30,100,2979.2307692307695
500,3,50,100,2950.0
500,3,100,100,2850.0
500,3,150,100,2730.0
500,3,500,100,1762.5
500,3,1000,100,1097.727272727273
500,3,1500,100,848.4375
500,3,5000,100,472.05882352941177
500,3,10000,100,386.8811881188119
500,3,15000,100,358.112582781457
500,3,50000,100,317.5149700598802
500,3,150000,100,305.8461025982678
1500,3,1,100,8999.970297029702
1500,3,1.5,100,8999.933497536946
1500,3,3,100,8999.73786407767
1500,3,5,100,8999.285714285714
1500,3,10,100,8997.272727272726
1500,3,15,100,8994.130434782608
1500,3,30,100,8979.23076923077
1500,3,50,100,8950.0
1500,3,100,100,8850.0
1500,3,150,100,8730.0
1500,3,500,100,7750.0
1500,3,1000,100,6272.727272727272
1500,3,1500,100,4785.9375
1500,3,5000,100,1707.3529411764707
1500,3,10000,100,1010.6435643564357
1500,3,15000,100,775.3311258278145
1500,3,50000,100,443.2634730538922
1500,3,150000,100,347.8181212524983
500,3,1,150,2999.9801324503305
500,3,1.5,150,2999.9554455445545
500,3,3,150,2999.823529411765
500,3,5,150,2999.516129032258
500,3,10,150,2998.125
500,3,15,150,2995.909090909091
500,3,30,150,2985.0
500,3,50,150,2962.5
500,3,100,150,2880.0
500,3,150,150,2775.0
500,3,500,150,1857.6923076923076
500,3,1000,150,1180.4347826086955
500,3,1500,150,913.6363636363637
500,3,5000,150,496.6019417475728
500,3,10000,150,399.7536945812808
500,3,15000,150,366.83168316831683
500,3,50000,150,320.18943170488535
500,3,150000,150,306.7432567432567
1500,3,1,150,8999.98013245033
1500,3,1.5,150,8999.955445544554
1500,3,3,150,8999.823529411764
1500,3,5,150,8999.51612903226
1500,3,10,150,8998.125
1500,3,15,150,8995.90909090909
1500,3,30,150,8985.0
1500,3,50,150,8962.5
1500,3,100,150,8880.0
1500,3,150,150,8775.0
1500,3,500,150,7846.153846153847
1500,3,1000,150,6391.304347826087
1500,3,1500,150,4913.636363636364
1500,3,5000,150,1778.1553398058254
1500,3,10000,150,1050.0
1500,3,15000,150,802.4752475247524
1500,3,50000,150,451.79461615154537
1500,3,150000,150,350.6993006993007
500,3,1,500,2999.994011976048
500,3,1.5,500,2999.986540378863
500,3,3,500,2999.946322067595
500,3,5,500,2999.8514851485147
500,3,10,500,2999.4117647058824
500,3,15,500,2998.6893203883496
500,3,30,500,2994.9056603773583
500,3,50,500,2986.3636363636365
500,3,100,500,2950.0
500,3,150,500,2896.153846153846
500,3,500,500,2257.5
500,3,1000,500,1605.0
500,3,1500,500,1278.75
500,3,5000,500,655.909090909091
500,3,10000,500,486.42857142857144
500,3,15000,500,426.2903225806452
500,3,50000,500,338.76237623762376
500,3,150000,500,313.0066445182724
1500,3,1,500,8999.994011976049
1500,3,1.5,500,8999.986540378863
1500,3,3,500,8999.946322067595
1500,3,5,500,8999.851485148514
1500,3,10,500,8999.411764705881
1500,3,15,500,8998.68932038835
1500,3,30,500,8994.905660377357
1500,3,50,500,8986.363636363636
1500,3,100,500,8950.0
1500,3,150,500,8896.153846153848
1500,3,500,500,8250.0
1500,3,1000,500,7000.0
1500,3,1500,500,5628.75
1500,3,5000,500,2237.7272727272725
1500,3,10000,500,1315.0
1500,3,15000,500,987.5806451612904
1500,3,50000,500,511.03960396039605
1500,3,150000,500,370.81395348837214
500,3,1,1000,2999.997002997003
500,3,1.5,1000,2999.9932601098353
500,3,3,1000,2999.9730807577266
500,3,5,1000,2999.9253731343283
500,3,10,1000,2999.7029702970294
500,3,15,1000,2999.3349753694583
500,3,30,1000,2997.378640776699
500,3,50,1000,2992.8571428571427
500,3,100,1000,2972.7272727272725
500,3,150,1000,2941.304347826087
500,3,500,1000,2505.0
500,3,1000,1000,1953.75
500,3,1500,1000,1623.0000000000002
500,3,5000,1000,851.25
500,3,10000,1000,600.6818181818182
500,3,15000,1000,506.71875
500,3,50000,1000,364.8529411764706
500,3,150000,1000,321.9039735099338
1500,3,1,1000,8999.997002997003
1500,3,1.5,1000,8999.993260109837
1500,3,3,1000,8999.973080757727
1500,3,5,1000,8999.925373134329
1500,3,10,1000,8999.702970297029
1500,3,15,1000,8999.334975369457
1500,3,30,1000,8997.378640776698
1500,3,50,1000,8992.857142857141
1500,3,100,1000,8972.727272727272
1500,3,150,1000,8941.304347826088
1500,3,500,1000,8500.0
1500,3,1000,1000,7500.0
1500,3,1500,1000,6303.000000000001
1500,3,5000,1000,2801.25
1500,3,10000,1000,1664.3181818181818
1500,3,15000,1000,1237.96875
1500,3,50000,1000,594.2647058823529
1500,3,150000,1000,399.3874172185431
500,3,1,1500,2999.998001332445
500,3,1.5,1500,2999.995504495505
500,3,3,1500,2999.982035928144
500,3,5,1500,2999.950166112957
500,3,10,1500,2999.8013245033108
500,3,15,1500,2999.5544554455446
500,3,30,1500,2998.235294117647
500,3,50,1500,2995.1612903225805
500,3,100,1500,2981.25
500,3,150,1500,2959.090909090909
500,3,500,1500,2628.75
500,3,1000,1500,2163.0
500,3,1500,1500,1852.5
500,3,5000,1500,1016.5384615384615
500,3,10000,1500,705.0
500,3,15000,1500,582.2727272727273
500,3,50000,1500,390.43689320388347
500,3,150000,1500,330.74257425742576
1500,3,1,1500,8999.998001332444
1500,3,1.5,1500,8999.995504495504
1500,3,3,1500,8999.982035928144
1500,3,5,1500,8999.950166112956
1500,3,10,1500,8999.80132450331
1500,3,15,1500,8999.554455445543
1500,3,30,1500,8998.235294117645
1500,3,50,1500,8995.161290322581
1500,3,100,1500,8981.25
1500,3,150,1500,8959.090909090908
1500,3,500,1500,8625.0
1500,3,1000,1500,7800.0
1500,3,1500,1500,6752.5
1500,3,5000,1500,3278.076923076923
1500,3,10000,1500,1983.2608695652173
1500,3,15000,1500,1473.1818181818182
1500,3,50000,1500,675.8737864077669
1500,3,150000,1500,427.7722772277228
500,3,1,5000,2999.999400119976
500,3,1.5,5000,2999.9986504048784
500,3,3,5000,2999.994603238057
500,3,5,5000,2999.9850149850154
500,3,10,5000,2999.940119760479
500,3,15,5000,2999.865403788634
500,3,30,5000,2999.4632206759447
500,3,50,5000,2998.5148514851485
500,3,100,5000,2994.1176470588234
500,3,150,5000,2986.893203883495
500,3,500,5000,2865.0
500,3,1000,5000,2651.25
500,3,1500,5000,2470.3846153846157
500,3,5000,5000,1710.75
500,3,10000,5000,1240.5
500,3,15000,5000,1005.375
500,3,50000,5000,556.5
500,3,150000,5000,391.0161290322581
1500,3,1,5000,8999.999400119976
1500,3,1.5,5000,8999.99865040488
1500,3,3,5000,8999.994603238058
1500,3,5,5000,8999.985014985015
1500,3,10,5000,8999.94011976048
1500,3,15,5000,8999.865403788634
1500,3,30,5000,8999.463220675945
1500,3,50,5000,8998.514851485148
1500,3,100,5000,8994.117647058822
1500,3,150,5000,8986.893203883496
1500,3,500,5000,8863.636363636362
1500,3,1000,5000,8500.0
1500,3,1500,5000,7962.6923076923085
1500,3,5000,5000,5280.75
1500,3,10000,5000,3620.5
1500,3,15000,5000,2790.375
1500,3,50000,5000,1205.5909090909092
1500,3,150000,5000,621.3387096774193
500,3,1,10000,2999.999700029997
500,3,1.5,10000,2999.999325101235
500,3,3,10000,2999.997300809757
500,3,5,10000,2999.992503748126
500,3,10,10000,2999.9700299700303
500,3,15,10000,2999.9326010983527
500,3,30,10000,2999.730807577268
500,3,50,10000,2999.2537313432836
500,3,100,10000,2997.029702970297
500,3,150,10000,2993.3497536945815
500,3,500,10000,2929.2857142857138
500,3,1000,10000,2809.772727272727
500,3,1500,10000,2700.652173913044
500,3,5000,10000,2140.5
500,3,10000,10000,1680.375
500,3,15000,10000,1404.3000000000002
500,3,50000,10000,760.125
500,3,150000,10000,472.546875
1500,3,1,10000,8999.999700029997
1500,3,1.5,10000,8999.999325101235
1500,3,3,10000,8999.997300809757
1500,3,5,10000,8999.992503748126
1500,3,10,10000,8999.97002997003
1500,3,15,10000,8999.932601098353
1500,3,30,10000,8999.730807577267
1500,3,50,10000,8999.253731343284
1500,3,100,10000,8997.029702970296
1500,3,150,10000,8993.34975369458
1500,3,500,10000,8928.571428571428
1500,3,1000,10000,8727.272727272726
1500,3,1500,10000,8413.695652173914
1500,3,5000,10000,6520.5
1500,3,10000,10000,4965.375
1500,3,15000,10000,4032.3000000000006
1500,3,50000,10000,1855.125
1500,3,150000,10000,883.171875
500,3,1,15000,2999.999800013333
500,3,1.5,15000,2999.9995500449954
500,3,3,15000,2999.998200359928
500,3,5,15000,2999.9950016661114
500,3,10,15000,2999.9800133244503
500,3,15,15000,2999.955044955045
500,3,30,15000,2999.820359281437
500,3,50,15000,2999.501661129568
500,3,100,15000,2998.013245033112
500,3,150,15000,2995.5445544554455
500,3,500,15000,2952.0967741935483
500,3,1000,15000,2869.21875
500,3,1500,15000,2791.3636363636365
500,3,5000,15000,2355.375
500,3,10000,15000,1944.2999999999997
500,3,15000,15000,1670.25
500,3,50000,15000,932.4230769230769
500,3,150000,15000,549.1363636363636
1500,3,1,15000,8999.999800013333
1500,3,1.5,15000,8999.999550044995
1500,3,3,15000,8999.998200359929
1500,3,5,15000,8999.995001666111
1500,3,10,15000,8999.98001332445
1500,3,15,15000,8999.955044955046
1500,3,30,15000,8999.820359281437
1500,3,50,15000,8999.501661129569
1500,3,100,15000,8998.013245033111
1500,3,150,15000,8995.544554455444
1500,3,500,15000,8951.612903225807
1500,3,1000,15000,8812.5
1500,3,1500,15000,8591.363636363636
1500,3,5000,15000,7140.375
1500,3,10000,15000,5772.299999999999
1500,3,15000,15000,4860.25
1500,3,50000,15000,2404.730769230769
1500,3,150000,15000,1129.1363636363637
